{
    "rows": {
        "start": 511039,
        "route_filter": -32176,
        "nan_filter": -4730,
        "negative_dur": -6,
        "outliers": -3271,
        "end": 470856
    },
    "scr": 0.8770381952200134,
    "stats": {
        "1": {
            "dur_mean": 0.0,
            "dur_std": 0.0
        },
        "2": {
            "dur_mean": 111.51554996569861,
            "dur_std": 72.34917900904233
        },
        "3": {
            "dur_mean": 162.13051264830983,
            "dur_std": 77.69519376832454
        },
        "4": {
            "dur_mean": 186.06324154913813,
            "dur_std": 79.59384843342721
        },
        "5": {
            "dur_mean": 359.59061080262495,
            "dur_std": 87.31408871007262
        },
        "6": {
            "dur_mean": 459.27713082259663,
            "dur_std": 104.32846129055949
        },
        "7": {
            "dur_mean": 546.0563031161473,
            "dur_std": 132.50000195713838
        },
        "8": {
            "dur_mean": 570.655582779139,
            "dur_std": 137.72047150207624
        },
        "9": {
            "dur_mean": 595.4594972067039,
            "dur_std": 146.07131237050055
        },
        "10": {
            "dur_mean": 654.406012399111,
            "dur_std": 149.49719415039104
        },
        "11": {
            "dur_mean": 686.2416656918938,
            "dur_std": 153.44153288735046
        },
        "12": {
            "dur_mean": 747.4848307367928,
            "dur_std": 157.33123025272985
        },
        "13": {
            "dur_mean": 769.0609256004686,
            "dur_std": 159.3173825874092
        },
        "14": {
            "dur_mean": 803.0673696543644,
            "dur_std": 161.98685822742965
        },
        "15": {
            "dur_mean": 846.2098886305225,
            "dur_std": 169.24088452263027
        },
        "16": {
            "dur_mean": 919.2099876695438,
            "dur_std": 191.0585247909691
        },
        "17": {
            "dur_mean": 1027.7507958741883,
            "dur_std": 220.4885891501674
        },
        "18": {
            "dur_mean": 1213.7773644459476,
            "dur_std": 258.283019761354
        },
        "19": {
            "dur_mean": 1284.2763599731363,
            "dur_std": 269.9454793325326
        },
        "20": {
            "dur_mean": 1327.002568684387,
            "dur_std": 275.14288986787847
        },
        "21": {
            "dur_mean": 1413.3770143240824,
            "dur_std": 279.4182991146191
        },
        "22": {
            "dur_mean": 1453.3876203268412,
            "dur_std": 284.14550604840025
        },
        "23": {
            "dur_mean": 1563.3381021571477,
            "dur_std": 295.8744413189799
        },
        "24": {
            "dur_mean": 1649.6694962582374,
            "dur_std": 314.7373202664081
        },
        "25": {
            "dur_mean": 1730.5129782949205,
            "dur_std": 324.2452388779934
        },
        "26": {
            "dur_mean": 1781.1869545759678,
            "dur_std": 329.8575393447982
        },
        "27": {
            "dur_mean": 1967.324798747764,
            "dur_std": 351.78837863283667
        },
        "28": {
            "dur_mean": 2039.647216633132,
            "dur_std": 362.33219729683617
        },
        "29": {
            "dur_mean": 2064.2165605095543,
            "dur_std": 366.628425464679
        },
        "30": {
            "dur_mean": 2150.102793296089,
            "dur_std": 384.36622591350744
        },
        "31": {
            "dur_mean": 2235.9059322980675,
            "dur_std": 399.90166428062423
        },
        "32": {
            "dur_mean": 2283.0538607665662,
            "dur_std": 405.1568662637144
        },
        "33": {
            "dur_mean": 2319.971393451782,
            "dur_std": 409.8551286673622
        },
        "34": {
            "dur_mean": 2343.478654447921,
            "dur_std": 411.97220471074263
        },
        "35": {
            "dur_mean": 2390.3492790879623,
            "dur_std": 416.19960777821365
        },
        "36": {
            "dur_mean": 2428.8756007600314,
            "dur_std": 421.5182848842982
        },
        "37": {
            "dur_mean": 2502.569528280796,
            "dur_std": 425.87445451274675
        },
        "38": {
            "dur_mean": 2571.877040017885,
            "dur_std": 433.0720251344512
        },
        "39": {
            "dur_mean": 2632.1229407150063,
            "dur_std": 438.55170949160447
        },
        "40": {
            "dur_mean": 2707.822857142857,
            "dur_std": 445.7435898934513
        },
        "41": {
            "dur_mean": 2763.2770368710076,
            "dur_std": 450.8771273261136
        },
        "42": {
            "dur_mean": 2817.6143849428636,
            "dur_std": 455.81297465846603
        },
        "43": {
            "dur_mean": 2909.7381858902577,
            "dur_std": 470.4553389978227
        },
        "44": {
            "dur_mean": 2950.6178543461237,
            "dur_std": 475.68926784922076
        },
        "45": {
            "dur_mean": 2995.8624314953586,
            "dur_std": 480.7707831698469
        },
        "46": {
            "dur_mean": 3021.31352802954,
            "dur_std": 481.7631504768641
        },
        "47": {
            "dur_mean": 3070.3331094694427,
            "dur_std": 483.79815910757054
        },
        "48": {
            "dur_mean": 3092.445986790552,
            "dur_std": 484.6555830360426
        },
        "49": {
            "dur_mean": 3121.5986790551888,
            "dur_std": 486.8501265359436
        },
        "50": {
            "dur_mean": 3210.545525814761,
            "dur_std": 494.71237364006686
        },
        "51": {
            "dur_mean": 3287.9051432438528,
            "dur_std": 504.23569892516986
        },
        "52": {
            "dur_mean": 3322.1989492919142,
            "dur_std": 503.0514735951727
        },
        "53": {
            "dur_mean": 3341.530036546368,
            "dur_std": 509.15132499278275
        },
        "54": {
            "dur_mean": 3410.4760328692078,
            "dur_std": 517.0237691259645
        }
    },
    "modelling": {
        "XGBoost": {
            "time": 143.9122200012207,
            "r_2": 0.9649683068672588,
            "mse": 40780.06382114418,
            "rmse": 201.94074334107066,
            "mae": 141.9842161425693
        },
        "Benchmark": {
            "r_2": 0.9230777809935985,
            "mse": 89544.43019521893,
            "rmse": 299.2397537013071,
            "mae": 208.3748067349678
        }
    },