{
    "rows": {
        "start": 486179,
        "route_filter": 0,
        "nan_filter": -12494,
        "negative_dur": -54,
        "outliers": -2660,
        "end": 470971
    },
    "scr": 0.8917169500822819,
    "stats": {
        "1": {
            "dur_mean": 0.0,
            "dur_std": 0.0
        },
        "2": {
            "dur_mean": 51.385955241979936,
            "dur_std": 42.63457165478729
        },
        "3": {
            "dur_mean": 66.62994381403547,
            "dur_std": 49.13068215671048
        },
        "4": {
            "dur_mean": 163.21714222760824,
            "dur_std": 89.37588248919064
        },
        "5": {
            "dur_mean": 210.68864186660798,
            "dur_std": 98.73465168774844
        },
        "6": {
            "dur_mean": 253.184059885513,
            "dur_std": 101.54332266601662
        },
        "7": {
            "dur_mean": 304.9638567493113,
            "dur_std": 102.88430867999492
        },
        "8": {
            "dur_mean": 331.8954269972452,
            "dur_std": 103.83511377665478
        },
        "9": {
            "dur_mean": 371.87404874820777,
            "dur_std": 108.60375833798119
        },
        "10": {
            "dur_mean": 429.93690016547157,
            "dur_std": 114.4019137578473
        },
        "11": {
            "dur_mean": 442.70727673649395,
            "dur_std": 116.58591245463421
        },
        "12": {
            "dur_mean": 515.8036559850236,
            "dur_std": 130.99354866862606
        },
        "13": {
            "dur_mean": 591.5518077601411,
            "dur_std": 139.21236684824967
        },
        "14": {
            "dur_mean": 627.4557409658526,
            "dur_std": 143.15530932060244
        },
        "15": {
            "dur_mean": 656.3469274977896,
            "dur_std": 145.53896433525773
        },
        "16": {
            "dur_mean": 689.6930212014134,
            "dur_std": 150.5445519814717
        },
        "17": {
            "dur_mean": 757.798344370861,
            "dur_std": 157.56965619423633
        },
        "18": {
            "dur_mean": 793.4276569915021,
            "dur_std": 162.0518625692365
        },
        "19": {
            "dur_mean": 895.7182509086904,
            "dur_std": 173.9040074260367
        },
        "20": {
            "dur_mean": 942.959203870684,
            "dur_std": 176.50887645360098
        },
        "21": {
            "dur_mean": 1013.0937671759921,
            "dur_std": 181.23429753853844
        },
        "22": {
            "dur_mean": 1058.503352753655,
            "dur_std": 184.7447501487804
        },
        "23": {
            "dur_mean": 1106.1697262833902,
            "dur_std": 188.4431196951647
        },
        "24": {
            "dur_mean": 1137.8568601583113,
            "dur_std": 192.23360686333805
        },
        "25": {
            "dur_mean": 1255.4791781122954,
            "dur_std": 222.78236048512557
        },
        "26": {
            "dur_mean": 1353.1349154032082,
            "dur_std": 243.15057111462497
        },
        "27": {
            "dur_mean": 1396.4830806416173,
            "dur_std": 248.79166658622916
        },
        "28": {
            "dur_mean": 1410.1177633747116,
            "dur_std": 251.69509526358985
        },
        "29": {
            "dur_mean": 1493.7767139870143,
            "dur_std": 262.75403647514935
        },
        "30": {
            "dur_mean": 1628.77487890797,
            "dur_std": 274.9112500044152
        },
        "31": {
            "dur_mean": 1721.171711612548,
            "dur_std": 286.32829817183824
        },
        "32": {
            "dur_mean": 1723.8991633641567,
            "dur_std": 286.4781238980759
        },
        "33": {
            "dur_mean": 1890.5129220279337,
            "dur_std": 305.81487966024184
        },
        "34": {
            "dur_mean": 1992.0064892212934,
            "dur_std": 315.24144926733794
        },
        "35": {
            "dur_mean": 2030.5781542184577,
            "dur_std": 320.6775413135559
        },
        "36": {
            "dur_mean": 2097.7212267780587,
            "dur_std": 326.8200231167246
        },
        "37": {
            "dur_mean": 2147.8078909770306,
            "dur_std": 334.93791174722384
        },
        "38": {
            "dur_mean": 2198.133421255083,
            "dur_std": 341.9869324909503
        },
        "39": {
            "dur_mean": 2263.138409065904,
            "dur_std": 355.6420739424345
        },
        "40": {
            "dur_mean": 2378.9352876106195,
            "dur_std": 379.3551878822943
        },
        "41": {
            "dur_mean": 2464.683822669318,
            "dur_std": 398.8985420356532
        },
        "42": {
            "dur_mean": 2501.7751134908626,
            "dur_std": 402.685438886752
        },
        "43": {
            "dur_mean": 2573.1288719371246,
            "dur_std": 415.19300729107766
        },
        "44": {
            "dur_mean": 2610.865189289012,
            "dur_std": 419.70287288196874
        },
        "45": {
            "dur_mean": 2630.9881309057387,
            "dur_std": 423.22075260680816
        },
        "46": {
            "dur_mean": 2693.3476710753307,
            "dur_std": 430.8593709790069
        },
        "47": {
            "dur_mean": 2767.0832854020477,
            "dur_std": 439.2639544063985
        },
        "48": {
            "dur_mean": 2799.488396139706,
            "dur_std": 444.6260973060493
        },
        "53": {
            "dur_mean": 3577.6435854873134,
            "dur_std": 524.4783232092825
        },
        "49": {
            "dur_mean": 2898.3523183643665,
            "dur_std": 459.5332030789801
        },
        "50": {
            "dur_mean": 2986.2010743498963,
            "dur_std": 465.108493366892
        },
        "51": {
            "dur_mean": 3125.6366432878062,
            "dur_std": 480.9020029097534
        },
        "52": {
            "dur_mean": 3447.9943482000244,
            "dur_std": 513.916600501317
        }
    },
    "modelling": {
        "XGBoost": {
            "time": 61.56796622276306,
            "r_2": 0.9692257584041587,
            "mse": 32002.780881306844,
            "rmse": 178.89321083067082,
            "mae": 123.20941141320748
        },
        "Benchmark": {
            "r_2": 0.942936872033826,
            "mse": 59341.14655648319,
            "rmse": 243.60038291530495,
            "mae": 163.11436773311365
        }
    },