{
    "rows": {
        "start": 14387,
        "route_filter": 0,
        "nan_filter": -4788,
        "negative_dur": 0,
        "outliers": -13,
        "end": 9586
    },
    "scr": 0.006369426751592357,
    "stats": {
        "1": {
            "dur_mean": 0.0,
            "dur_std": 0.0
        },
        "2": {
            "dur_mean": 14.439490445859873,
            "dur_std": 36.497688296942094
        },
        "3": {
            "dur_mean": 101.56493506493507,
            "dur_std": 101.34648555802553
        },
        "4": {
            "dur_mean": 159.21794871794873,
            "dur_std": 103.10397475970055
        },
        "5": {
            "dur_mean": 307.86538461538464,
            "dur_std": 108.83696517081431
        },
        "6": {
            "dur_mean": 340.4871794871795,
            "dur_std": 110.45346339753007
        },
        "7": {
            "dur_mean": 369.96815286624206,
            "dur_std": 114.19026073148797
        },
        "8": {
            "dur_mean": 396.97452229299364,
            "dur_std": 116.53512450828444
        },
        "9": {
            "dur_mean": 446.5668789808917,
            "dur_std": 120.58385070071438
        },
        "10": {
            "dur_mean": 526.1910828025477,
            "dur_std": 125.9363969383753
        },
        "11": {
            "dur_mean": 558.8535031847134,
            "dur_std": 128.07053421628214
        },
        "12": {
            "dur_mean": 601.1337579617834,
            "dur_std": 130.5283688362174
        },
        "13": {
            "dur_mean": 652.3630573248407,
            "dur_std": 135.75648224907766
        },
        "14": {
            "dur_mean": 720.203821656051,
            "dur_std": 134.46964860353333
        },
        "15": {
            "dur_mean": 817.6433121019109,
            "dur_std": 145.87279375603399
        },
        "16": {
            "dur_mean": 861.0636942675159,
            "dur_std": 149.86064815605224
        },
        "17": {
            "dur_mean": 900.0636942675159,
            "dur_std": 157.37354229498052
        },
        "18": {
            "dur_mean": 966.6942675159236,
            "dur_std": 162.19455168140854
        },
        "19": {
            "dur_mean": 1221.5414012738854,
            "dur_std": 229.19324760844484
        },
        "20": {
            "dur_mean": 1268.2547770700637,
            "dur_std": 233.97999871944458
        },
        "21": {
            "dur_mean": 1314.4840764331211,
            "dur_std": 237.5305541775449
        },
        "22": {
            "dur_mean": 1356.9171974522294,
            "dur_std": 245.5053647589574
        },
        "23": {
            "dur_mean": 1420.1656050955414,
            "dur_std": 265.3865310461124
        },
        "24": {
            "dur_mean": 1502.4968152866243,
            "dur_std": 306.6005633369099
        },
        "25": {
            "dur_mean": 1749.1082802547771,
            "dur_std": 346.05215961555217
        },
        "26": {
            "dur_mean": 1787.2967741935483,
            "dur_std": 345.69837416253125
        },
        "27": {
            "dur_mean": 1888.570512820513,
            "dur_std": 352.09852199265583
        },
        "28": {
            "dur_mean": 1943.4615384615386,
            "dur_std": 361.4477588561506
        },
        "29": {
            "dur_mean": 2111.6624203821657,
            "dur_std": 411.5251737656181
        },
        "30": {
            "dur_mean": 2166.1783439490446,
            "dur_std": 419.5997711981594
        },
        "31": {
            "dur_mean": 2235.5095541401274,
            "dur_std": 432.7413305925435
        },
        "32": {
            "dur_mean": 2306.063694267516,
            "dur_std": 452.21175380125686
        },
        "33": {
            "dur_mean": 2376.5541401273886,
            "dur_std": 465.1255468082215
        },
        "34": {
            "dur_mean": 2437.6305732484075,
            "dur_std": 472.0586432309321
        },
        "35": {
            "dur_mean": 2637.764705882353,
            "dur_std": 501.9994595916818
        },
        "36": {
            "dur_mean": 2741.2156862745096,
            "dur_std": 523.6918406494875
        },
        "37": {
            "dur_mean": 2786.1548387096773,
            "dur_std": 527.742966042139
        },
        "38": {
            "dur_mean": 2864.121794871795,
            "dur_std": 528.1281777817582
        },
        "39": {
            "dur_mean": 2954.2420382165606,
            "dur_std": 532.9978640606874
        },
        "40": {
            "dur_mean": 3093.2547770700635,
            "dur_std": 563.3237660899606
        },
        "41": {
            "dur_mean": 3152.229299363057,
            "dur_std": 558.5150742015861
        },
        "42": {
            "dur_mean": 3294.8025477707006,
            "dur_std": 580.5043059480579
        },
        "43": {
            "dur_mean": 3333.1019108280257,
            "dur_std": 581.1707258839959
        },
        "44": {
            "dur_mean": 3414.2866242038217,
            "dur_std": 586.31156995537
        },
        "45": {
            "dur_mean": 3441.872611464968,
            "dur_std": 590.3768866440499
        },
        "46": {
            "dur_mean": 3536.6178343949045,
            "dur_std": 604.467805075012
        },
        "47": {
            "dur_mean": 3594.4358974358975,
            "dur_std": 598.9720891713456
        },
        "48": {
            "dur_mean": 3637.2337662337663,
            "dur_std": 600.3694918094413
        },
        "49": {
            "dur_mean": 3725.87012987013,
            "dur_std": 604.1875298769468
        },
        "50": {
            "dur_mean": 3788.279220779221,
            "dur_std": 604.9089651895639
        },
        "51": {
            "dur_mean": 3827.8896103896104,
            "dur_std": 603.3611689136021
        },
        "52": {
            "dur_mean": 3917.5324675324673,
            "dur_std": 613.8558001545753
        },
        "53": {
            "dur_mean": 3948.7272727272725,
            "dur_std": 617.4855746797747
        },
        "54": {
            "dur_mean": 4002.214285714286,
            "dur_std": 627.0643707175066
        },
        "55": {
            "dur_mean": 4115.214285714285,
            "dur_std": 637.0525056523859
        },
        "56": {
            "dur_mean": 4221.993506493506,
            "dur_std": 656.6972372375777
        },
        "57": {
            "dur_mean": 4515.175324675325,
            "dur_std": 706.7652736707481
        },
        "59": {
            "dur_mean": 4722.84,
            "dur_std": 718.2999324934775
        },
        "60": {
            "dur_mean": 4850.756756756757,
            "dur_std": 720.9360942516695
        },
        "61": {
            "dur_mean": 4936.013513513513,
            "dur_std": 741.0281512227306
        },
        "62": {
            "dur_mean": 5241.975806451613,
            "dur_std": 783.8635859389902
        },
        "63": {
            "dur_mean": 5584.936936936937,
            "dur_std": 836.9910532733446
        },
        "64": {
            "dur_mean": 6293.9,
            "dur_std": 828.3412658026756
        },
        "58": {
            "dur_mean": 4703.0,
            "dur_std": NaN
        }
    },
    "modelling": {
        "XGBoost": {
            "time": 2.051187753677368,
            "r_2": 0.9975250436772283,
            "mse": 6146.6151036663505,
            "rmse": 78.40035142565594,
            "mae": 54.28085770725607
        },
        "Benchmark": {
            "r_2": 0.8364563613348278,
            "mse": 406164.66249478515,
            "rmse": 637.3104914363055,
            "mae": 442.3262411347518
        }
    },