{
    "rows": {
        "start": 13967,
        "route_filter": -3348,
        "nan_filter": -5091,
        "negative_dur": 0,
        "outliers": -10,
        "end": 5518
    },
    "scr": 0.5658914728682171,
    "stats": {
        "1": {
            "dur_mean": 0.0,
            "dur_std": 0.0
        },
        "2": {
            "dur_mean": 69.08527131782945,
            "dur_std": 20.2353461669457
        },
        "3": {
            "dur_mean": 126.63565891472868,
            "dur_std": 28.630986815123087
        },
        "4": {
            "dur_mean": 146.47286821705427,
            "dur_std": 32.68267830579847
        },
        "5": {
            "dur_mean": 193.91472868217053,
            "dur_std": 51.16487305267281
        },
        "6": {
            "dur_mean": 278.5813953488372,
            "dur_std": 56.9457935335244
        },
        "7": {
            "dur_mean": 367.4031007751938,
            "dur_std": 60.02675437094761
        },
        "8": {
            "dur_mean": 436.6821705426357,
            "dur_std": 65.01369861615274
        },
        "9": {
            "dur_mean": 505.83720930232556,
            "dur_std": 79.143539563575
        },
        "10": {
            "dur_mean": 639.6899224806201,
            "dur_std": 130.0091221829268
        },
        "11": {
            "dur_mean": 796.1162790697674,
            "dur_std": 158.86165502111112
        },
        "12": {
            "dur_mean": 1030.031007751938,
            "dur_std": 288.36445954903627
        },
        "13": {
            "dur_mean": 1200.3100775193798,
            "dur_std": 276.77206885951324
        },
        "14": {
            "dur_mean": 1283.3875968992247,
            "dur_std": 263.53659346466713
        },
        "15": {
            "dur_mean": 1387.5581395348838,
            "dur_std": 274.0903964415967
        },
        "16": {
            "dur_mean": 1450.4651162790697,
            "dur_std": 274.9787789116538
        },
        "17": {
            "dur_mean": 1542.5658914728683,
            "dur_std": 289.1701176686819
        },
        "18": {
            "dur_mean": 1612.2480620155038,
            "dur_std": 306.5563781500821
        },
        "19": {
            "dur_mean": 1689.2015503875969,
            "dur_std": 298.6722540010664
        },
        "20": {
            "dur_mean": 1792.4263565891472,
            "dur_std": 310.0283448531813
        },
        "21": {
            "dur_mean": 1860.5503875968993,
            "dur_std": 327.9122157977342
        },
        "22": {
            "dur_mean": 1958.9767441860465,
            "dur_std": 347.8283625115149
        },
        "23": {
            "dur_mean": 2057.767441860465,
            "dur_std": 357.6185666938813
        },
        "24": {
            "dur_mean": 2177.1472868217056,
            "dur_std": 378.78626271898037
        },
        "25": {
            "dur_mean": 2237.751937984496,
            "dur_std": 377.5310631054034
        },
        "26": {
            "dur_mean": 2359.0697674418607,
            "dur_std": 392.43580657475275
        },
        "27": {
            "dur_mean": 2395.0697674418607,
            "dur_std": 395.72785365321045
        },
        "28": {
            "dur_mean": 2488.8527131782944,
            "dur_std": 413.26994622112613
        },
        "29": {
            "dur_mean": 2551.84496124031,
            "dur_std": 478.57696692924304
        },
        "30": {
            "dur_mean": 2597.28125,
            "dur_std": 433.36053505880835
        },
        "31": {
            "dur_mean": 2671.109375,
            "dur_std": 437.17767400860583
        },
        "32": {
            "dur_mean": 2722.796875,
            "dur_std": 443.6288503248534
        },
        "33": {
            "dur_mean": 2795.265625,
            "dur_std": 445.4774397881853
        },
        "34": {
            "dur_mean": 2878.59375,
            "dur_std": 455.2350338271672
        },
        "35": {
            "dur_mean": 2924.9375,
            "dur_std": 461.3298092616451
        },
        "36": {
            "dur_mean": 3009.6875,
            "dur_std": 466.6657194403585
        },
        "37": {
            "dur_mean": 3078.2578125,
            "dur_std": 478.5722901990443
        },
        "38": {
            "dur_mean": 3158.9453125,
            "dur_std": 496.4233541968262
        },
        "39": {
            "dur_mean": 3334.6171875,
            "dur_std": 548.1073249850468
        },
        "40": {
            "dur_mean": 3244.3972602739727,
            "dur_std": 568.8291761672008
        },
        "41": {
            "dur_mean": 3665.4609375,
            "dur_std": 565.5002788604443
        },
        "43": {
            "dur_mean": 3893.733944954128,
            "dur_std": 599.7645933599132
        },
        "44": {
            "dur_mean": 3898.0,
            "dur_std": 646.0808827401206
        },
        "45": {
            "dur_mean": 4093.1285714285714,
            "dur_std": 670.1172063052369
        },
        "42": {
            "dur_mean": 3949.2545454545457,
            "dur_std": 452.201496311095
        }
    },
    "modelling": {
        "XGBoost": {
            "time": 1.080960988998413,
            "r_2": 0.9972551590927704,
            "mse": 3904.5925234845745,
            "rmse": 62.48673878099716,
            "mae": 41.11408878100523
        },
        "Benchmark": {
            "r_2": 0.9080136436873826,
            "mse": 130852.47971014492,
            "rmse": 361.7353724895382,
            "mae": 248.65797101449274
        }
    },
    "features": [
        "weather_description_few clouds",
        "weather_description_fog",
        "weather_description_light intensity drizzle",
        "weather_description_light intensity drizzle rain",
        "weather_description_light intensity shower rain",
        "weather_description_light rain",
        "weather_description_mist",
        "weather_description_overcast clouds",
        "weather_description_scattered clouds",
        "weather_description_sky is clear",
        "weekday_1",
        "weekday_2",
        "weekday_3",
        "weekday_4",
        "month_4",
        "month_5",
        "month_6",
        "month_7",
        "month_8",
        "month_9",
        "month_10",
        "month_11",
        "month_12",
        "hour_8",
        "hour_9",
        "progr_number",
        "arr_p",
        "arr_a",
        "dep_p",
        "dep_a",
        "dur_s"
    ]
}