{
    "rows": {
        "start": 784568,
        "route_filter": -7160,
        "nan_filter": -26574,
        "negative_dur": -55,
        "outliers": -5039,
        "end": 745740
    },
    "scr": 0.9636918628002249,
    "stats": {
        "1": {
            "dur_mean": 0.0,
            "dur_std": 0.0
        },
        "2": {
            "dur_mean": 53.51932308192987,
            "dur_std": 33.2037061083577
        },
        "3": {
            "dur_mean": 88.64759983864461,
            "dur_std": 41.17385879491005
        },
        "4": {
            "dur_mean": 187.46610716591348,
            "dur_std": 71.11088375995561
        },
        "5": {
            "dur_mean": 230.19696602921005,
            "dur_std": 81.60449394318863
        },
        "6": {
            "dur_mean": 261.04912875121005,
            "dur_std": 88.4393671871431
        },
        "7": {
            "dur_mean": 332.74679357909173,
            "dur_std": 99.88834367636503
        },
        "8": {
            "dur_mean": 379.33411384739605,
            "dur_std": 108.65424570429246
        },
        "9": {
            "dur_mean": 428.7080639948287,
            "dur_std": 117.20573579759491
        },
        "10": {
            "dur_mean": 472.6460941917764,
            "dur_std": 130.99649229498388
        },
        "11": {
            "dur_mean": 564.7775355297158,
            "dur_std": 156.72883529574875
        },
        "12": {
            "dur_mean": 609.033486645687,
            "dur_std": 166.12812523699313
        },
        "13": {
            "dur_mean": 659.36570414583,
            "dur_std": 177.890033649284
        },
        "14": {
            "dur_mean": 746.2511496571198,
            "dur_std": 196.9606334741647
        },
        "15": {
            "dur_mean": 813.0661610456673,
            "dur_std": 210.258661108081
        },
        "16": {
            "dur_mean": 865.2780377602065,
            "dur_std": 222.96916549140894
        },
        "17": {
            "dur_mean": 971.2686783927707,
            "dur_std": 246.16282545027042
        },
        "18": {
            "dur_mean": 1058.0055762081784,
            "dur_std": 256.8633922543033
        },
        "19": {
            "dur_mean": 1113.82640349458,
            "dur_std": 264.1878282520706
        },
        "20": {
            "dur_mean": 1236.142938127632,
            "dur_std": 281.85352139940596
        },
        "21": {
            "dur_mean": 1494.1325742171614,
            "dur_std": 313.16707554249916
        },
        "22": {
            "dur_mean": 1842.605687744459,
            "dur_std": 382.13411309992983
        },
        "23": {
            "dur_mean": 1957.1487954267047,
            "dur_std": 396.0654021142699
        },
        "24": {
            "dur_mean": 2071.4180588379104,
            "dur_std": 415.8812643382243
        },
        "25": {
            "dur_mean": 2129.836024135682,
            "dur_std": 426.74636707954113
        },
        "26": {
            "dur_mean": 2207.578651685393,
            "dur_std": 435.2768077893342
        },
        "27": {
            "dur_mean": 2273.692745608328,
            "dur_std": 443.61631066184935
        },
        "28": {
            "dur_mean": 2330.968368840462,
            "dur_std": 451.006039838362
        },
        "29": {
            "dur_mean": 2416.279349593496,
            "dur_std": 471.76959347285026
        },
        "30": {
            "dur_mean": 2468.381219512195,
            "dur_std": 484.5207206750325
        },
        "31": {
            "dur_mean": 2532.0835636481875,
            "dur_std": 502.2074638318733
        },
        "32": {
            "dur_mean": 2602.005769543312,
            "dur_std": 517.402046359924
        },
        "33": {
            "dur_mean": 2696.991302934244,
            "dur_std": 549.3125241912934
        },
        "34": {
            "dur_mean": 2737.106957087126,
            "dur_std": 558.4351604579574
        },
        "35": {
            "dur_mean": 2794.2302626229775,
            "dur_std": 570.9617567640796
        },
        "36": {
            "dur_mean": 2837.63799691082,
            "dur_std": 576.8807597551071
        },
        "37": {
            "dur_mean": 2868.668699186992,
            "dur_std": 581.5584924149435
        },
        "38": {
            "dur_mean": 2920.553857409967,
            "dur_std": 593.732442928745
        },
        "39": {
            "dur_mean": 2981.9039837398373,
            "dur_std": 610.5733899456311
        },
        "40": {
            "dur_mean": 3064.3873697916665,
            "dur_std": 636.173946075665
        },
        "41": {
            "dur_mean": 3138.2727642276423,
            "dur_std": 644.6659272261259
        },
        "42": {
            "dur_mean": 3177.154140231007,
            "dur_std": 649.4052668358801
        },
        "43": {
            "dur_mean": 3236.1073667073665,
            "dur_std": 656.6814932948037
        },
        "44": {
            "dur_mean": 3276.7669950337863,
            "dur_std": 662.3353469361214
        },
        "45": {
            "dur_mean": 3310.426280224701,
            "dur_std": 667.3952949535709
        },
        "46": {
            "dur_mean": 3355.430188064805,
            "dur_std": 679.9706378234944
        },
        "47": {
            "dur_mean": 3443.638391403452,
            "dur_std": 701.9273595267209
        },
        "48": {
            "dur_mean": 3471.8185963198175,
            "dur_std": 707.6321851702711
        },
        "49": {
            "dur_mean": 3522.314087947883,
            "dur_std": 713.5468718526553
        },
        "50": {
            "dur_mean": 3549.7306408272943,
            "dur_std": 716.7895106104448
        },
        "51": {
            "dur_mean": 3588.3339032730823,
            "dur_std": 721.9928257210692
        },
        "52": {
            "dur_mean": 3603.7519947891224,
            "dur_std": 723.5756949922584
        },
        "53": {
            "dur_mean": 3625.446661237785,
            "dur_std": 725.6587311601054
        },
        "54": {
            "dur_mean": 3663.829520475454,
            "dur_std": 732.3242188554311
        },
        "55": {
            "dur_mean": 3735.3382724090206,
            "dur_std": 748.5963876877763
        },
        "56": {
            "dur_mean": 3768.5259077927376,
            "dur_std": 749.8990967172903
        },
        "57": {
            "dur_mean": 3808.270153394256,
            "dur_std": 754.9236157708137
        },
        "58": {
            "dur_mean": 3859.9706339468303,
            "dur_std": 761.2660550569269
        },
        "59": {
            "dur_mean": 3941.499017359974,
            "dur_std": 779.5291247237273
        },
        "60": {
            "dur_mean": 5290.620540899286,
            "dur_std": 1132.2101004100393
        },
        "61": {
            "dur_mean": 5328.588612870957,
            "dur_std": 1126.5005625235815
        }
    },
    "modelling": {
        "XGBoost": {
            "time": 96.76734924316406,
            "r_2": 0.9597625302314806,
            "mse": 86895.67259536924,
            "rmse": 294.7807195109091,
            "mae": 201.21100463070636
        },
        "Benchmark": {
            "r_2": 0.8758602798773267,
            "mse": 268088.53881513665,
            "rmse": 517.7726709813262,
            "mae": 321.9415453106981
        }
    },