{
    "rows": {
        "start": 933254,
        "route_filter": -453125,
        "nan_filter": -20409,
        "negative_dur": 0,
        "outliers": -3678,
        "end": 456042
    },
    "scr": 0.965975011155734,
    "stats": {
        "1": {
            "dur_mean": 0.0,
            "dur_std": 0.0
        },
        "2": {
            "dur_mean": 55.77731329793244,
            "dur_std": 31.466244283727114
        },
        "3": {
            "dur_mean": 124.62436833239752,
            "dur_std": 47.06752155057383
        },
        "4": {
            "dur_mean": 192.71375548307276,
            "dur_std": 53.26924469675656
        },
        "5": {
            "dur_mean": 246.6922214750056,
            "dur_std": 58.410917767534954
        },
        "6": {
            "dur_mean": 286.35213636873385,
            "dur_std": 66.97799693930864
        },
        "7": {
            "dur_mean": 335.867421270873,
            "dur_std": 67.90772825004517
        },
        "8": {
            "dur_mean": 396.5686582221724,
            "dur_std": 74.39227034805427
        },
        "9": {
            "dur_mean": 425.25792717086836,
            "dur_std": 78.01448153363276
        },
        "10": {
            "dur_mean": 479.14578894246944,
            "dur_std": 81.88600968231998
        },
        "11": {
            "dur_mean": 521.497699472562,
            "dur_std": 86.366687330552
        },
        "12": {
            "dur_mean": 561.6801614892901,
            "dur_std": 91.45084129124545
        },
        "13": {
            "dur_mean": 611.2733393177738,
            "dur_std": 98.12582537648026
        },
        "14": {
            "dur_mean": 667.9536497984774,
            "dur_std": 105.93489761049105
        },
        "15": {
            "dur_mean": 767.1055400111919,
            "dur_std": 129.99102510553766
        },
        "16": {
            "dur_mean": 795.6415939109022,
            "dur_std": 128.1368971492085
        },
        "17": {
            "dur_mean": 925.4675527756059,
            "dur_std": 162.50376046521282
        },
        "18": {
            "dur_mean": 971.1287548855388,
            "dur_std": 169.15022556916068
        },
        "19": {
            "dur_mean": 1044.0154035048554,
            "dur_std": 181.23681585089676
        },
        "20": {
            "dur_mean": 1117.5461040410805,
            "dur_std": 195.380394472033
        },
        "21": {
            "dur_mean": 1260.7797745284072,
            "dur_std": 237.6954554644755
        },
        "22": {
            "dur_mean": 1311.9146940598482,
            "dur_std": 270.03320821201044
        },
        "23": {
            "dur_mean": 1384.5400335008376,
            "dur_std": 297.9031609788592
        },
        "24": {
            "dur_mean": 1518.444829513695,
            "dur_std": 341.80592827071087
        },
        "25": {
            "dur_mean": 1575.7058494575551,
            "dur_std": 348.90557596263176
        },
        "26": {
            "dur_mean": 1716.5396327810122,
            "dur_std": 368.21011673355997
        },
        "27": {
            "dur_mean": 1748.286209596242,
            "dur_std": 370.6969321456508
        },
        "28": {
            "dur_mean": 1855.598277212216,
            "dur_std": 377.6058476087148
        },
        "29": {
            "dur_mean": 2021.9988818069999,
            "dur_std": 392.94163340545066
        },
        "30": {
            "dur_mean": 2361.8050828481864,
            "dur_std": 431.7208676747643
        },
        "31": {
            "dur_mean": 2594.5631318804762,
            "dur_std": 458.01561424208
        },
        "32": {
            "dur_mean": 2755.1524390243903,
            "dur_std": 469.339415255628
        },
        "33": {
            "dur_mean": 2824.4911818598257,
            "dur_std": 474.7887546134468
        },
        "34": {
            "dur_mean": 2921.9790665751543,
            "dur_std": 482.62185491485764
        },
        "35": {
            "dur_mean": 2972.6283459162664,
            "dur_std": 489.1275020354519
        },
        "36": {
            "dur_mean": 3013.7078947368423,
            "dur_std": 492.56687605777904
        },
        "37": {
            "dur_mean": 3187.9245131729667,
            "dur_std": 514.146251230403
        },
        "38": {
            "dur_mean": 3242.1085884646254,
            "dur_std": 518.2385119752768
        },
        "39": {
            "dur_mean": 3301.089699472356,
            "dur_std": 526.1641021270977
        },
        "40": {
            "dur_mean": 3358.9209136822774,
            "dur_std": 532.0198501373198
        },
        "41": {
            "dur_mean": 3429.9431948588476,
            "dur_std": 539.6386911693216
        },
        "42": {
            "dur_mean": 3472.410244630757,
            "dur_std": 542.4583281182014
        },
        "43": {
            "dur_mean": 3560.9987366486735,
            "dur_std": 547.487260669774
        },
        "44": {
            "dur_mean": 3592.5766800689257,
            "dur_std": 550.9818672563306
        },
        "45": {
            "dur_mean": 3629.043992648748,
            "dur_std": 554.3728335838904
        },
        "46": {
            "dur_mean": 3677.5982768523836,
            "dur_std": 559.4319674177598
        },
        "47": {
            "dur_mean": 3725.371900826446,
            "dur_std": 565.9407165249258
        },
        "48": {
            "dur_mean": 3868.4027793729183,
            "dur_std": 604.3866102456592
        },
        "49": {
            "dur_mean": 3932.8503401360545,
            "dur_std": 619.658357966305
        },
        "50": {
            "dur_mean": 4053.245820362043,
            "dur_std": 636.0550887038947
        },
        "51": {
            "dur_mean": 4107.511259960735,
            "dur_std": 640.0090004322942
        },
        "52": {
            "dur_mean": 4198.6440756108805,
            "dur_std": 642.7913668638942
        }
    },
    "modelling": {
        "XGBoost": {
            "time": 51.354652643203735,
            "r_2": 0.9714134288085334,
            "mse": 56373.16493877589,
            "rmse": 237.43033702283265,
            "mae": 161.23703285512747
        },
        "Benchmark": {
            "r_2": 0.9181113798674944,
            "mse": 161485.63807878186,
            "rmse": 401.8527567141749,
            "mae": 260.77046074501584
        }
    },
    "features": [
        "weather_description_few clouds",
        "weather_description_fog",
        "weather_description_heavy intensity rain",
        "weather_description_light intensity drizzle",
        "weather_description_light intensity drizzle rain",
        "weather_description_light intensity shower rain",
        "weather_description_light rain",
        "weather_description_mist",
        "weather_description_moderate rain",
        "weather_description_overcast clouds",
        "weather_description_proximity shower rain",
        "weather_description_scattered clouds",
        "weather_description_sky is clear",
        "weather_description_smoke",
        "weekday_1",
        "weekday_2",
        "weekday_3",
        "weekday_4",
        "month_5",
        "month_6",
        "month_7",
        "month_8",
        "month_9",
        "month_10",
        "month_11",
        "month_12",
        "hour_7",
        "hour_8",
        "hour_9",
        "hour_10",
        "hour_11",
        "hour_12",
        "hour_13",
        "hour_14",
        "hour_15",
        "hour_16",
        "hour_17",
        "hour_18",
        "hour_19",
        "hour_20",
        "hour_21",
        "hour_22",
        "hour_23",
        "progr_number",
        "dur_s"
    ]
}