{
    "rows": {
        "start": 908155,
        "route_filter": -434337,
        "nan_filter": -33508,
        "negative_dur": 0,
        "outliers": -2461,
        "end": 437849
    },
    "scr": 0.9765695067264574,
    "stats": {
        "1": {
            "dur_mean": 0.0,
            "dur_std": 0.0
        },
        "2": {
            "dur_mean": 70.83441923163335,
            "dur_std": 49.3965926025272
        },
        "3": {
            "dur_mean": 213.088631768142,
            "dur_std": 70.94642516929476
        },
        "4": {
            "dur_mean": 260.8274545046057,
            "dur_std": 77.38175396401569
        },
        "5": {
            "dur_mean": 288.97496070065125,
            "dur_std": 80.71735327160496
        },
        "6": {
            "dur_mean": 364.20139200718455,
            "dur_std": 90.20803066045224
        },
        "7": {
            "dur_mean": 439.15794802564966,
            "dur_std": 101.74717072618976
        },
        "8": {
            "dur_mean": 514.0678366520418,
            "dur_std": 112.31201420366624
        },
        "9": {
            "dur_mean": 588.8083670715249,
            "dur_std": 121.7488243459177
        },
        "10": {
            "dur_mean": 629.9313912945676,
            "dur_std": 126.2958915016692
        },
        "11": {
            "dur_mean": 670.489713322091,
            "dur_std": 130.8983150345383
        },
        "12": {
            "dur_mean": 736.8804847940747,
            "dur_std": 143.22433241516427
        },
        "13": {
            "dur_mean": 828.5471274685817,
            "dur_std": 163.74495298870843
        },
        "14": {
            "dur_mean": 872.0819580105535,
            "dur_std": 177.45914727752088
        },
        "15": {
            "dur_mean": 958.7107892668688,
            "dur_std": 212.90729319213767
        },
        "16": {
            "dur_mean": 1105.749522847199,
            "dur_std": 249.6767621069456
        },
        "17": {
            "dur_mean": 1200.000337571734,
            "dur_std": 269.3489305482045
        },
        "18": {
            "dur_mean": 1250.6933033202026,
            "dur_std": 285.27918686569353
        },
        "19": {
            "dur_mean": 1461.6581850934474,
            "dur_std": 327.7859865753137
        },
        "20": {
            "dur_mean": 1523.5237505628095,
            "dur_std": 333.9097852408214
        },
        "21": {
            "dur_mean": 1680.9534988206224,
            "dur_std": 355.6445408003486
        },
        "22": {
            "dur_mean": 1906.9611085766423,
            "dur_std": 378.1418678765092
        },
        "23": {
            "dur_mean": 2232.7363677846224,
            "dur_std": 428.6394759157002
        },
        "24": {
            "dur_mean": 2364.8669714285716,
            "dur_std": 434.4667792050357
        },
        "25": {
            "dur_mean": 2463.1166114096263,
            "dur_std": 443.8826705151572
        },
        "26": {
            "dur_mean": 2525.9513395923977,
            "dur_std": 453.576668185025
        },
        "27": {
            "dur_mean": 2682.445602382043,
            "dur_std": 474.54719022789874
        },
        "28": {
            "dur_mean": 2870.025614636935,
            "dur_std": 493.9673350253896
        },
        "29": {
            "dur_mean": 2932.8893845801877,
            "dur_std": 499.55070650223206
        },
        "30": {
            "dur_mean": 2982.255146386093,
            "dur_std": 505.67015267058014
        },
        "31": {
            "dur_mean": 3093.9517438536304,
            "dur_std": 521.7803384529308
        },
        "32": {
            "dur_mean": 3138.104047564601,
            "dur_std": 525.4118749550887
        },
        "33": {
            "dur_mean": 3219.041037951532,
            "dur_std": 533.3652736901967
        },
        "34": {
            "dur_mean": 3247.283264746228,
            "dur_std": 535.3405622189215
        },
        "35": {
            "dur_mean": 3289.0469821673523,
            "dur_std": 539.5998459887212
        },
        "36": {
            "dur_mean": 3393.956820524568,
            "dur_std": 551.5695233996686
        },
        "37": {
            "dur_mean": 3433.9717294265765,
            "dur_std": 556.8897239204482
        },
        "38": {
            "dur_mean": 3503.766571265026,
            "dur_std": 566.9094210042762
        },
        "39": {
            "dur_mean": 3576.649994277212,
            "dur_std": 573.5200221892284
        },
        "40": {
            "dur_mean": 3623.8466201532656,
            "dur_std": 579.0044887960221
        },
        "41": {
            "dur_mean": 3661.3209791809654,
            "dur_std": 581.0700045836082
        },
        "42": {
            "dur_mean": 3698.9870709382153,
            "dur_std": 583.1095277143488
        },
        "43": {
            "dur_mean": 3735.0605609616487,
            "dur_std": 585.0064448594136
        },
        "44": {
            "dur_mean": 3775.2388367300205,
            "dur_std": 587.9199523338981
        },
        "45": {
            "dur_mean": 3821.111289214564,
            "dur_std": 590.5387217514896
        },
        "46": {
            "dur_mean": 3866.422838798441,
            "dur_std": 592.9904698625775
        },
        "47": {
            "dur_mean": 3915.4478211009173,
            "dur_std": 595.7716274886684
        },
        "48": {
            "dur_mean": 3953.890481651376,
            "dur_std": 598.2429752716374
        },
        "49": {
            "dur_mean": 3983.893238434164,
            "dur_std": 600.6407434751303
        },
        "50": {
            "dur_mean": 4037.6418338108883,
            "dur_std": 606.6584078847425
        }
    },
    "modelling": {
        "XGBoost": {
            "time": 123.16454601287842,
            "r_2": 0.9682942508549316,
            "mse": 63780.15616862395,
            "rmse": 252.54733451102578,
            "mae": 176.92708326775522
        },
        "Benchmark": {
            "r_2": 0.9139604683098193,
            "mse": 173079.4860820551,
            "rmse": 416.0282275063257,
            "mae": 277.0727003645067
        }
    },
    "features": [
        "weather_description_drizzle",
        "weather_description_few clouds",
        "weather_description_fog",
        "weather_description_heavy intensity rain",
        "weather_description_light intensity drizzle",
        "weather_description_light intensity drizzle rain",
        "weather_description_light intensity shower rain",
        "weather_description_light rain",
        "weather_description_mist",
        "weather_description_moderate rain",
        "weather_description_overcast clouds",
        "weather_description_proximity shower rain",
        "weather_description_scattered clouds",
        "weather_description_sky is clear",
        "weather_description_smoke",
        "weekday_1",
        "weekday_2",
        "weekday_3",
        "weekday_4",
        "weekday_5",
        "month_5",
        "month_6",
        "month_7",
        "month_8",
        "month_9",
        "month_10",
        "month_11",
        "month_12",
        "hour_6",
        "hour_7",
        "hour_8",
        "hour_9",
        "hour_10",
        "hour_11",
        "hour_12",
        "hour_13",
        "hour_14",
        "hour_15",
        "hour_16",
        "hour_17",
        "hour_18",
        "hour_19",
        "hour_20",
        "hour_21",
        "hour_22",
        "hour_23",
        "progr_number",
        "dur_s"
    ]
}