{
    "rows": {
        "start": 1678815,
        "route_filter": -1040123,
        "nan_filter": -90211,
        "negative_dur": 0,
        "outliers": -4200,
        "end": 544281
    },
    "scr": 0.7459939711248612,
    "stats": {
        "1": {
            "dur_mean": 0.0,
            "dur_std": 0.0
        },
        "2": {
            "dur_mean": 137.675011959815,
            "dur_std": 60.475613172388854
        },
        "3": {
            "dur_mean": 362.4545601814353,
            "dur_std": 110.67069620309138
        },
        "4": {
            "dur_mean": 412.07528830313015,
            "dur_std": 104.38486858635996
        },
        "5": {
            "dur_mean": 448.4672927994727,
            "dur_std": 108.26908569489456
        },
        "6": {
            "dur_mean": 493.60392286138125,
            "dur_std": 111.745370810455
        },
        "7": {
            "dur_mean": 572.9309606195419,
            "dur_std": 120.21992185090801
        },
        "8": {
            "dur_mean": 652.1750453271799,
            "dur_std": 128.08229592912204
        },
        "9": {
            "dur_mean": 720.8991928842036,
            "dur_std": 134.88367329757878
        },
        "10": {
            "dur_mean": 756.0953714379839,
            "dur_std": 138.02932726834229
        },
        "11": {
            "dur_mean": 925.9900561347233,
            "dur_std": 181.63537891388953
        },
        "12": {
            "dur_mean": 1019.1946973326944,
            "dur_std": 194.11942145641615
        },
        "13": {
            "dur_mean": 1034.0583373072643,
            "dur_std": 198.410523974613
        },
        "14": {
            "dur_mean": 1115.2081411989188,
            "dur_std": 212.77924794514666
        },
        "15": {
            "dur_mean": 1201.741935483871,
            "dur_std": 225.35450383869755
        },
        "16": {
            "dur_mean": 1246.4498094027954,
            "dur_std": 230.38572488395457
        },
        "17": {
            "dur_mean": 1283.2998729351968,
            "dur_std": 237.22207243530298
        },
        "18": {
            "dur_mean": 1375.1637958532694,
            "dur_std": 245.33816963515156
        },
        "19": {
            "dur_mean": 1395.6981342688566,
            "dur_std": 250.9502614920534
        },
        "20": {
            "dur_mean": 1439.76,
            "dur_std": 265.56884428552274
        },
        "21": {
            "dur_mean": 1544.7043644472762,
            "dur_std": 279.562907690642
        },
        "22": {
            "dur_mean": 1592.6605154311167,
            "dur_std": 284.9126186131753
        },
        "23": {
            "dur_mean": 1647.9330364243679,
            "dur_std": 294.58187790234473
        },
        "24": {
            "dur_mean": 1702.0750755527279,
            "dur_std": 302.6840532739078
        },
        "25": {
            "dur_mean": 1793.534998409163,
            "dur_std": 315.3220963887851
        },
        "26": {
            "dur_mean": 1864.0704068658615,
            "dur_std": 326.10422364828753
        },
        "27": {
            "dur_mean": 1919.9707565162112,
            "dur_std": 334.72422655022115
        },
        "28": {
            "dur_mean": 2037.222346013051,
            "dur_std": 354.318807904588
        },
        "29": {
            "dur_mean": 2126.634150222788,
            "dur_std": 363.4140386317949
        },
        "30": {
            "dur_mean": 2190.4628362247336,
            "dur_std": 369.69676734946376
        },
        "31": {
            "dur_mean": 2343.5116611137555,
            "dur_std": 391.8641673962187
        },
        "32": {
            "dur_mean": 2541.191778604952,
            "dur_std": 409.49986269017853
        },
        "33": {
            "dur_mean": 2791.7935064935064,
            "dur_std": 473.5635069205681
        },
        "34": {
            "dur_mean": 3047.1291164003915,
            "dur_std": 512.7439621668852
        },
        "35": {
            "dur_mean": 3251.91722668415,
            "dur_std": 522.7921492755762
        },
        "36": {
            "dur_mean": 3386.4977034120734,
            "dur_std": 534.345154568932
        },
        "37": {
            "dur_mean": 3446.3246689553703,
            "dur_std": 542.9671143938531
        },
        "38": {
            "dur_mean": 3543.3759791122716,
            "dur_std": 553.4166801142227
        },
        "39": {
            "dur_mean": 3624.367030816892,
            "dur_std": 560.9682226637188
        },
        "40": {
            "dur_mean": 3671.955493968047,
            "dur_std": 564.6771801343918
        },
        "41": {
            "dur_mean": 3764.796905537459,
            "dur_std": 575.3915575438908
        },
        "42": {
            "dur_mean": 3801.1578175895766,
            "dur_std": 577.7302928398547
        },
        "43": {
            "dur_mean": 3863.579033045743,
            "dur_std": 591.8690361383547
        },
        "44": {
            "dur_mean": 3992.3126219908913,
            "dur_std": 615.9740474976086
        },
        "45": {
            "dur_mean": 4053.218643240605,
            "dur_std": 621.1324664376485
        },
        "46": {
            "dur_mean": 4087.244997559785,
            "dur_std": 624.7876381209273
        },
        "47": {
            "dur_mean": 4178.362186788155,
            "dur_std": 635.5403305543565
        },
        "48": {
            "dur_mean": 4215.456514657981,
            "dur_std": 641.6652177990371
        },
        "49": {
            "dur_mean": 4271.666775191275,
            "dur_std": 653.5490665823123
        },
        "50": {
            "dur_mean": 4371.6509848608175,
            "dur_std": 666.1772493854418
        },
        "51": {
            "dur_mean": 4392.792935048022,
            "dur_std": 668.6835607600232
        },
        "52": {
            "dur_mean": 4417.753337675024,
            "dur_std": 671.8609723347904
        },
        "53": {
            "dur_mean": 4459.166395310974,
            "dur_std": 676.4440667691501
        },
        "54": {
            "dur_mean": 4482.743773400619,
            "dur_std": 678.2654833400271
        },
        "55": {
            "dur_mean": 4563.8916015625,
            "dur_std": 686.9746979940179
        },
        "56": {
            "dur_mean": 4587.579290133507,
            "dur_std": 690.1066595659105
        },
        "57": {
            "dur_mean": 4604.76306790425,
            "dur_std": 692.894288822403
        },
        "58": {
            "dur_mean": 4690.779641693811,
            "dur_std": 700.0178855201401
        },
        "59": {
            "dur_mean": 4737.090435065993,
            "dur_std": 704.3168015257272
        },
        "60": {
            "dur_mean": 4847.672214064284,
            "dur_std": 713.0372799585227
        },
        "61": {
            "dur_mean": 4957.312602559895,
            "dur_std": 720.2330413990201
        },
        "62": {
            "dur_mean": 4980.093278688524,
            "dur_std": 724.5289011028284
        },
        "63": {
            "dur_mean": 5029.968329504431,
            "dur_std": 728.3984365969138
        },
        "64": {
            "dur_mean": 5089.331692105695,
            "dur_std": 731.6464162688
        },
        "65": {
            "dur_mean": 5169.266172839506,
            "dur_std": 736.4555808877842
        },
        "66": {
            "dur_mean": 5265.264976958525,
            "dur_std": 748.1099198946566
        },
        "67": {
            "dur_mean": 5403.325283390833,
            "dur_std": 770.3145104083098
        },
        "68": {
            "dur_mean": 5428.071815940838,
            "dur_std": 773.2261965864283
        },
        "69": {
            "dur_mean": 5458.954679802956,
            "dur_std": 778.173965697102
        },
        "70": {
            "dur_mean": 5545.7618265440215,
            "dur_std": 790.6106951846235
        },