{
    "rows": {
        "start": 909607,
        "route_filter": -6591,
        "nan_filter": -22414,
        "negative_dur": -8,
        "outliers": -6989,
        "end": 873605
    },
    "scr": 0.9712492086938173,
    "stats": {
        "1": {
            "dur_mean": 0.0,
            "dur_std": 0.0
        },
        "2": {
            "dur_mean": 43.70883373365359,
            "dur_std": 30.64727047858831
        },
        "3": {
            "dur_mean": 92.05951365187714,
            "dur_std": 37.66237459555933
        },
        "4": {
            "dur_mean": 156.5221026842778,
            "dur_std": 49.577966857569784
        },
        "5": {
            "dur_mean": 224.2613750995487,
            "dur_std": 85.67059096709932
        },
        "6": {
            "dur_mean": 289.9606023649186,
            "dur_std": 104.16262405413921
        },
        "7": {
            "dur_mean": 440.64223681423425,
            "dur_std": 138.8347793486282
        },
        "8": {
            "dur_mean": 503.4818970993013,
            "dur_std": 149.13318453160483
        },
        "9": {
            "dur_mean": 558.6845477653039,
            "dur_std": 156.25653944496435
        },
        "10": {
            "dur_mean": 592.7528988192937,
            "dur_std": 162.25050083960926
        },
        "11": {
            "dur_mean": 676.9076084078996,
            "dur_std": 178.45455042870435
        },
        "12": {
            "dur_mean": 795.78143728454,
            "dur_std": 198.45230056357013
        },
        "13": {
            "dur_mean": 862.673635061283,
            "dur_std": 207.3514163581108
        },
        "14": {
            "dur_mean": 982.9116321009919,
            "dur_std": 230.07213681382575
        },
        "15": {
            "dur_mean": 1001.5807786146175,
            "dur_std": 234.7119850634684
        },
        "16": {
            "dur_mean": 1116.7337965418478,
            "dur_std": 248.3106055751102
        },
        "17": {
            "dur_mean": 1263.7623363544815,
            "dur_std": 266.8794557968813
        },
        "18": {
            "dur_mean": 1455.3918224670304,
            "dur_std": 304.565937596676
        },
        "19": {
            "dur_mean": 1574.7130812874489,
            "dur_std": 320.56296844769145
        },
        "20": {
            "dur_mean": 1708.980435819946,
            "dur_std": 332.13984487341384
        },
        "21": {
            "dur_mean": 1945.8915681806136,
            "dur_std": 375.1070355441464
        },
        "22": {
            "dur_mean": 2035.4360979849002,
            "dur_std": 375.0808477446983
        },
        "23": {
            "dur_mean": 2129.215128495232,
            "dur_std": 383.5155245132428
        },
        "24": {
            "dur_mean": 2156.661272111404,
            "dur_std": 384.66641074347666
        },
        "25": {
            "dur_mean": 2198.4345426290124,
            "dur_std": 391.4813577241468
        },
        "26": {
            "dur_mean": 2302.7499332657094,
            "dur_std": 409.571427504212
        },
        "27": {
            "dur_mean": 2355.3188328345445,
            "dur_std": 413.2317926398744
        },
        "28": {
            "dur_mean": 2431.469641902726,
            "dur_std": 423.8176503284731
        },
        "29": {
            "dur_mean": 2467.089727126806,
            "dur_std": 428.5749646474009
        },
        "30": {
            "dur_mean": 2517.1382226980727,
            "dur_std": 433.9321247334527
        },
        "31": {
            "dur_mean": 2584.3076593465453,
            "dur_std": 439.211767536396
        },
        "32": {
            "dur_mean": 2647.8294473923997,
            "dur_std": 444.72874941286466
        },
        "33": {
            "dur_mean": 2684.152827660145,
            "dur_std": 450.32236093709867
        },
        "34": {
            "dur_mean": 2761.8025313740213,
            "dur_std": 456.2989296095335
        },
        "35": {
            "dur_mean": 2829.6731563421827,
            "dur_std": 464.5056696911438
        },
        "36": {
            "dur_mean": 2878.3318854568856,
            "dur_std": 470.9161327956971
        },
        "37": {
            "dur_mean": 3049.5601265822784,
            "dur_std": 493.59235296969365
        },
        "38": {
            "dur_mean": 3108.196115254601,
            "dur_std": 498.8983456084456
        },
        "39": {
            "dur_mean": 3222.5837849439285,
            "dur_std": 508.6669966283316
        },
        "40": {
            "dur_mean": 3269.083391505128,
            "dur_std": 511.9893649704258
        },
        "41": {
            "dur_mean": 3314.222240120275,
            "dur_std": 516.1013348456531
        },
        "42": {
            "dur_mean": 3380.378906669531,
            "dur_std": 520.4937857681709
        },
        "43": {
            "dur_mean": 3422.217342281879,
            "dur_std": 526.7895041776038
        },
        "44": {
            "dur_mean": 3462.073994522902,
            "dur_std": 531.4942985092555
        },
        "45": {
            "dur_mean": 3529.137142243462,
            "dur_std": 538.9455335558174
        },
        "46": {
            "dur_mean": 3589.034197670049,
            "dur_std": 542.8784282178991
        },
        "47": {
            "dur_mean": 3880.2311891255486,
            "dur_std": 709.2994392933865
        }
    },
    "modelling": {
        "XGBoost": {
            "time": 305.2261309623718,
            "r_2": 0.9589535914457503,
            "mse": 60864.555736441165,
            "rmse": 246.70742943097835,
            "mae": 171.7136278569243
        },
        "Benchmark": {
            "r_2": 0.9207512604059166,
            "mse": 117511.84812410142,
            "rmse": 342.80001184962265,
            "mae": 237.02022875248394
        }
    },
    "features": [
        "weather_description_broken clouds",
        "weather_description_drizzle",
        "weather_description_few clouds",
        "weather_description_fog",
        "weather_description_heavy intensity rain",
        "weather_description_light intensity drizzle",
        "weather_description_light intensity drizzle rain",
        "weather_description_light intensity shower rain",
        "weather_description_light rain",
        "weather_description_light shower snow",
        "weather_description_light snow",
        "weather_description_mist",
        "weather_description_moderate rain",
        "weather_description_overcast clouds",
        "weather_description_proximity shower rain",
        "weather_description_scattered clouds",
        "weather_description_sky is clear",
        "weather_description_smoke",
        "weekday_1",
        "weekday_2",
        "weekday_3",
        "weekday_4",
        "weekday_5",
        "weekday_6",
        "month_2",
        "month_3",
        "month_4",
        "month_5",
        "month_6",
        "month_7",
        "month_8",
        "month_9",
        "month_10",
        "month_11",
        "month_12",
        "hour_7",
        "hour_8",
        "hour_9",
        "hour_10",
        "hour_11",
        "hour_12",
        "hour_13",
        "hour_14",
        "hour_15",
        "hour_16",
        "hour_17",
        "hour_18",
        "hour_19",
        "hour_20",
        "hour_21",
        "hour_22",
        "hour_23",
        "holiday_1",
        "progr_number",
        "dur_s"
    ]
}