{
    "rows": {
        "start": 76148,
        "route_filter": -35124,
        "nan_filter": -736,
        "negative_dur": 0,
        "outliers": -468,
        "end": 39820
    },
    "scr": 0.04151404151404151,
    "stats": {
        "1": {
            "dur_mean": 0.0,
            "dur_std": 0.0
        },
        "2": {
            "dur_mean": 56.879120879120876,
            "dur_std": 12.706823579690177
        },
        "3": {
            "dur_mean": 128.0952380952381,
            "dur_std": 18.651106649540466
        },
        "4": {
            "dur_mean": 157.52869352869354,
            "dur_std": 25.369544427854148
        },
        "5": {
            "dur_mean": 196.66300366300365,
            "dur_std": 26.4027715123662
        },
        "6": {
            "dur_mean": 233.83394383394383,
            "dur_std": 27.566576808175615
        },
        "7": {
            "dur_mean": 276.97802197802196,
            "dur_std": 29.275055187468816
        },
        "8": {
            "dur_mean": 322.5238095238095,
            "dur_std": 32.62759953604397
        },
        "9": {
            "dur_mean": 380.9194139194139,
            "dur_std": 38.379756680878984
        },
        "10": {
            "dur_mean": 423.8998778998779,
            "dur_std": 44.66793796602507
        },
        "11": {
            "dur_mean": 467.65811965811963,
            "dur_std": 49.29399197539947
        },
        "12": {
            "dur_mean": 555.8840048840049,
            "dur_std": 64.06933878007762
        },
        "13": {
            "dur_mean": 593.7875457875458,
            "dur_std": 66.36290750581033
        },
        "14": {
            "dur_mean": 602.9084249084249,
            "dur_std": 67.03637420707847
        },
        "15": {
            "dur_mean": 686.3003663003662,
            "dur_std": 71.25185288964744
        },
        "16": {
            "dur_mean": 842.8691931540342,
            "dur_std": 82.16113227600833
        },
        "17": {
            "dur_mean": 967.4449877750611,
            "dur_std": 92.42566912872272
        },
        "18": {
            "dur_mean": 1178.7823960880196,
            "dur_std": 109.74584674143024
        },
        "19": {
            "dur_mean": 1315.8875305623471,
            "dur_std": 122.9839311075357
        },
        "20": {
            "dur_mean": 1371.8105134474329,
            "dur_std": 126.34480821358177
        },
        "21": {
            "dur_mean": 1480.7897310513447,
            "dur_std": 135.14917563234116
        },
        "22": {
            "dur_mean": 1581.179706601467,
            "dur_std": 139.2876200723588
        },
        "23": {
            "dur_mean": 1611.9743276283618,
            "dur_std": 139.96103873356492
        },
        "25": {
            "dur_mean": 2561.559431524548,
            "dur_std": 400.2299383834999
        },
        "26": {
            "dur_mean": 2913.0879566982408,
            "dur_std": 442.61232598621206
        },
        "27": {
            "dur_mean": 3091.7374301675977,
            "dur_std": 447.7164478483522
        },
        "28": {
            "dur_mean": 3168.7380952380954,
            "dur_std": 451.49671931357926
        },
        "29": {
            "dur_mean": 3450.6104078762305,
            "dur_std": 478.7659504686435
        },
        "30": {
            "dur_mean": 3625.4428772919605,
            "dur_std": 482.5859762639451
        },
        "31": {
            "dur_mean": 3950.4415584415583,
            "dur_std": 499.2202574395696
        },
        "32": {
            "dur_mean": 4074.0171919770773,
            "dur_std": 501.170589252647
        },
        "33": {
            "dur_mean": 4327.458992805756,
            "dur_std": 527.0985894762027
        },
        "34": {
            "dur_mean": 4435.159025787965,
            "dur_std": 525.6140186731471
        },
        "35": {
            "dur_mean": 4556.038681948424,
            "dur_std": 526.8676392244657
        },
        "36": {
            "dur_mean": 4692.441091954023,
            "dur_std": 512.5605204971712
        },
        "37": {
            "dur_mean": 4755.591304347826,
            "dur_std": 516.2665302516647
        },
        "38": {
            "dur_mean": 4794.55297532656,
            "dur_std": 516.2379345912575
        },
        "39": {
            "dur_mean": 4824.702034883721,
            "dur_std": 514.1477989085342
        },
        "40": {
            "dur_mean": 4866.880986937591,
            "dur_std": 515.8562539785594
        },
        "41": {
            "dur_mean": 4919.168359941945,
            "dur_std": 520.1817192408197
        },
        "42": {
            "dur_mean": 4975.353623188405,
            "dur_std": 521.8258134269489
        },
        "43": {
            "dur_mean": 5002.040520984081,
            "dur_std": 522.082664432174
        },
        "44": {
            "dur_mean": 5018.700867052024,
            "dur_std": 523.9907273175088
        },
        "45": {
            "dur_mean": 5057.572485207101,
            "dur_std": 526.7998051804035
        },
        "46": {
            "dur_mean": 5086.550445103858,
            "dur_std": 530.0861277195366
        },
        "47": {
            "dur_mean": 5151.8316100443135,
            "dur_std": 534.9074669791926
        },
        "48": {
            "dur_mean": 5259.0625,
            "dur_std": 546.5500706197794
        },
        "49": {
            "dur_mean": 5369.79552238806,
            "dur_std": 557.3372807591617
        },
        "50": {
            "dur_mean": 5403.753731343284,
            "dur_std": 561.7545601932086
        },
        "51": {
            "dur_mean": 5438.52316890882,
            "dur_std": 570.2641142631107
        },
        "52": {
            "dur_mean": 5643.041033434651,
            "dur_std": 590.2891377943671
        },
        "53": {
            "dur_mean": 5689.884498480244,
            "dur_std": 589.4529662530183
        },
        "54": {
            "dur_mean": 5715.539513677812,
            "dur_std": 589.726897389619
        },
        "55": {
            "dur_mean": 5976.492424242424,
            "dur_std": 594.219326882124
        },
        "24": {
            "dur_mean": 1673.7941176470588,
            "dur_std": 144.32660340075168
        },
        "56": {
            "dur_mean": 5921.166666666667,
            "dur_std": 522.2911620648147
        }
    },
    "modelling": {
        "XGBoost": {
            "time": 7.903810739517212,
            "r_2": 0.9992121891228675,
            "mse": 3530.6255382729273,
            "rmse": 59.419067127252404,
            "mae": 39.825642837494954
        },
        "Benchmark": {
            "r_2": 0.9540792177379539,
            "mse": 205796.96383726771,
            "rmse": 453.64850251848924,
            "mae": 298.91943746860875
        }
    },
    "features": [
        "weather_description_few clouds",
        "weather_description_fog",
        "weather_description_heavy intensity rain",
        "weather_description_light intensity drizzle",
        "weather_description_light intensity drizzle rain",
        "weather_description_light intensity shower rain",
        "weather_description_light rain",
        "weather_description_mist",
        "weather_description_moderate rain",
        "weather_description_overcast clouds",
        "weather_description_proximity shower rain",
        "weather_description_scattered clouds",
        "weather_description_sky is clear",
        "weekday_1",
        "weekday_2",
        "weekday_3",
        "weekday_4",
        "month_4",
        "month_5",
        "month_6",
        "month_7",
        "month_8",
        "month_9",
        "month_10",
        "month_11",
        "month_12",
        "hour_8",
        "hour_9",
        "progr_number",
        "arr_p",
        "arr_a",
        "dep_p",
        "dep_a",
        "dur_s"
    ]
}