{
    "rows": {
        "start": 70753,
        "route_filter": -23881,
        "nan_filter": -843,
        "negative_dur": 0,
        "outliers": -597,
        "end": 45432
    },
    "scr": 0.9052631578947369,
    "stats": {
        "1": {
            "dur_mean": 0.0,
            "dur_std": 0.0
        },
        "2": {
            "dur_mean": 240.5690200210748,
            "dur_std": 107.14233370680282
        },
        "3": {
            "dur_mean": 311.6132771338251,
            "dur_std": 124.14329661151248
        },
        "4": {
            "dur_mean": 362.98840885142255,
            "dur_std": 132.36571442392105
        },
        "5": {
            "dur_mean": 390.31085353003164,
            "dur_std": 134.06185713391676
        },
        "6": {
            "dur_mean": 542.0674394099052,
            "dur_std": 149.07711765495716
        },
        "7": {
            "dur_mean": 585.1074815595364,
            "dur_std": 160.39794603970552
        },
        "8": {
            "dur_mean": 644.2054794520548,
            "dur_std": 169.25294695907695
        },
        "9": {
            "dur_mean": 692.595363540569,
            "dur_std": 172.52727607870804
        },
        "10": {
            "dur_mean": 767.3234984193888,
            "dur_std": 177.09467802623686
        },
        "11": {
            "dur_mean": 836.8935721812434,
            "dur_std": 183.43934099785727
        },
        "12": {
            "dur_mean": 919.8103266596418,
            "dur_std": 197.53257985511675
        },
        "13": {
            "dur_mean": 1097.4783983140148,
            "dur_std": 219.71499281257564
        },
        "14": {
            "dur_mean": 1145.5289778714437,
            "dur_std": 223.63786573997365
        },
        "15": {
            "dur_mean": 1197.9178082191781,
            "dur_std": 227.38079732611413
        },
        "16": {
            "dur_mean": 1234.2802950474183,
            "dur_std": 229.740184019904
        },
        "17": {
            "dur_mean": 1316.31822971549,
            "dur_std": 235.8783430411747
        },
        "18": {
            "dur_mean": 1458.3119072708114,
            "dur_std": 251.5266040979319
        },
        "19": {
            "dur_mean": 1530.5221518987341,
            "dur_std": 265.4947216771886
        },
        "20": {
            "dur_mean": 1673.834388185654,
            "dur_std": 303.05151492085275
        },
        "21": {
            "dur_mean": 1698.1351636747625,
            "dur_std": 309.8147415803116
        },
        "22": {
            "dur_mean": 1834.279535864979,
            "dur_std": 339.05437310689575
        },
        "23": {
            "dur_mean": 1998.1350210970463,
            "dur_std": 354.1394804491258
        },
        "24": {
            "dur_mean": 2503.826132771338,
            "dur_std": 416.4419136177624
        },
        "25": {
            "dur_mean": 2652.9884210526316,
            "dur_std": 460.3795392966368
        },
        "26": {
            "dur_mean": 2778.642105263158,
            "dur_std": 474.62982338598084
        },
        "27": {
            "dur_mean": 2986.4178947368423,
            "dur_std": 491.05649753155177
        },
        "28": {
            "dur_mean": 3083.198947368421,
            "dur_std": 494.22157652280015
        },
        "29": {
            "dur_mean": 3166.257894736842,
            "dur_std": 498.7799147806661
        },
        "30": {
            "dur_mean": 4116.143459915612,
            "dur_std": 578.0407213081489
        },
        "31": {
            "dur_mean": 4215.910922587486,
            "dur_std": 544.0425416946399
        },
        "32": {
            "dur_mean": 4338.17940552017,
            "dur_std": 553.5130512046159
        },
        "33": {
            "dur_mean": 4420.218451749735,
            "dur_std": 559.7353683564291
        },
        "34": {
            "dur_mean": 4549.795744680851,
            "dur_std": 556.6154039991104
        },
        "35": {
            "dur_mean": 4697.859574468085,
            "dur_std": 560.2882582531486
        },
        "36": {
            "dur_mean": 4803.14696485623,
            "dur_std": 559.1353587284896
        },
        "37": {
            "dur_mean": 4863.460554371002,
            "dur_std": 561.7419821165797
        },
        "38": {
            "dur_mean": 5070.69477054429,
            "dur_std": 566.3279990093552
        },
        "39": {
            "dur_mean": 5148.338727076592,
            "dur_std": 565.7036575103825
        },
        "40": {
            "dur_mean": 5174.793103448276,
            "dur_std": 568.3497300217681
        },
        "41": {
            "dur_mean": 5270.317837837838,
            "dur_std": 572.8866834868238
        },
        "42": {
            "dur_mean": 5363.771397616468,
            "dur_std": 576.1252205988585
        },
        "43": {
            "dur_mean": 5409.806067172264,
            "dur_std": 577.7816506995166
        },
        "44": {
            "dur_mean": 5455.538461538462,
            "dur_std": 579.6507993819167
        },
        "45": {
            "dur_mean": 5497.046637744034,
            "dur_std": 580.3610402319271
        },
        "46": {
            "dur_mean": 5669.510869565217,
            "dur_std": 584.573484473987
        },
        "47": {
            "dur_mean": 5705.55930359086,
            "dur_std": 585.4341577578701
        },
        "48": {
            "dur_mean": 5750.535714285715,
            "dur_std": 584.094612713349
        },
        "49": {
            "dur_mean": 5847.922093023256,
            "dur_std": 586.6740152843114
        }
    },
    "modelling": {
        "XGBoost": {
            "time": 9.755356788635254,
            "r_2": 0.998344593252908,
            "mse": 6678.608279359891,
            "rmse": 81.72275251947826,
            "mae": 48.159852507797574
        },
        "Benchmark": {
            "r_2": 0.9438715894950447,
            "mse": 226445.65618946997,
            "rmse": 475.8630645358704,
            "mae": 328.47886951928155
        }
    },
    "features": [
        "weather_description_few clouds",
        "weather_description_fog",
        "weather_description_light intensity drizzle",
        "weather_description_light intensity drizzle rain",
        "weather_description_light intensity shower rain",
        "weather_description_light rain",
        "weather_description_light shower snow",
        "weather_description_mist",
        "weather_description_moderate rain",
        "weather_description_overcast clouds",
        "weather_description_proximity shower rain",
        "weather_description_scattered clouds",
        "weather_description_sky is clear",
        "weekday_1",
        "weekday_2",
        "weekday_3",
        "weekday_4",
        "month_2",
        "month_3",
        "month_4",
        "month_5",
        "month_6",
        "month_7",
        "month_8",
        "month_9",
        "month_10",
        "month_11",
        "month_12",
        "hour_17",
        "hour_18",
        "hour_19",
        "progr_number",
        "arr_p",
        "arr_a",
        "dep_p",
        "dep_a",
        "dur_s"
    ]
}