{
    "rows": {
        "start": 76148,
        "route_filter": -35124,
        "nan_filter": -736,
        "negative_dur": 0,
        "outliers": -468,
        "end": 39820
    },
    "scr": 0.04151404151404151,
    "stats": {
        "1": {
            "dur_mean": 0.0,
            "dur_std": 0.0
        },
        "2": {
            "dur_mean": 56.879120879120876,
<<<<<<< HEAD
            "dur_std": 12.706823579690177
        },
        "3": {
            "dur_mean": 128.0952380952381,
            "dur_std": 18.651106649540466
        },
        "4": {
            "dur_mean": 157.52869352869354,
            "dur_std": 25.369544427854148
        },
        "5": {
            "dur_mean": 196.66300366300365,
            "dur_std": 26.4027715123662
        },
        "6": {
            "dur_mean": 233.83394383394383,
            "dur_std": 27.566576808175615
        },
        "7": {
            "dur_mean": 276.97802197802196,
            "dur_std": 29.275055187468816
        },
        "8": {
            "dur_mean": 322.5238095238095,
            "dur_std": 32.62759953604397
        },
        "9": {
            "dur_mean": 380.9194139194139,
            "dur_std": 38.379756680878984
        },
        "10": {
            "dur_mean": 423.8998778998779,
            "dur_std": 44.66793796602507
        },
        "11": {
            "dur_mean": 467.65811965811963,
            "dur_std": 49.29399197539947
=======
            "dur_std": 12.70682357969018
        },
        "3": {
            "dur_mean": 128.0952380952381,
            "dur_std": 18.65110664954046
        },
        "4": {
            "dur_mean": 157.52869352869354,
            "dur_std": 25.369544427854144
        },
        "5": {
            "dur_mean": 196.66300366300365,
            "dur_std": 26.402771512366204
        },
        "6": {
            "dur_mean": 233.83394383394383,
            "dur_std": 27.566576808175636
        },
        "7": {
            "dur_mean": 276.97802197802196,
            "dur_std": 29.275055187468823
        },
        "8": {
            "dur_mean": 322.5238095238095,
            "dur_std": 32.627599536043974
        },
        "9": {
            "dur_mean": 380.9194139194139,
            "dur_std": 38.37975668087896
        },
        "10": {
            "dur_mean": 423.8998778998779,
            "dur_std": 44.66793796602506
        },
        "11": {
            "dur_mean": 467.65811965811963,
            "dur_std": 49.29399197539949
>>>>>>> d10c2cc687e2bfbe3f443b8a099dba1a82c43176
        },
        "12": {
            "dur_mean": 555.8840048840049,
            "dur_std": 64.06933878007762
        },
        "13": {
            "dur_mean": 593.7875457875458,
<<<<<<< HEAD
            "dur_std": 66.36290750581033
        },
        "14": {
            "dur_mean": 602.9084249084249,
            "dur_std": 67.03637420707847
        },
        "15": {
            "dur_mean": 686.3003663003662,
            "dur_std": 71.25185288964744
        },
        "16": {
            "dur_mean": 842.8691931540342,
            "dur_std": 82.16113227600833
        },
        "17": {
            "dur_mean": 967.4449877750611,
            "dur_std": 92.42566912872272
        },
        "18": {
            "dur_mean": 1178.7823960880196,
            "dur_std": 109.74584674143024
        },
        "19": {
            "dur_mean": 1315.8875305623471,
            "dur_std": 122.9839311075357
        },
        "20": {
            "dur_mean": 1371.8105134474329,
            "dur_std": 126.34480821358177
        },
        "21": {
            "dur_mean": 1480.7897310513447,
            "dur_std": 135.14917563234116
=======
            "dur_std": 66.36290750581031
        },
        "14": {
            "dur_mean": 602.9084249084249,
            "dur_std": 67.03637420707848
        },
        "15": {
            "dur_mean": 686.3003663003662,
            "dur_std": 71.25185288964742
        },
        "16": {
            "dur_mean": 842.8691931540342,
            "dur_std": 82.16113227600836
        },
        "17": {
            "dur_mean": 967.4449877750611,
            "dur_std": 92.42566912872277
        },
        "18": {
            "dur_mean": 1178.7823960880196,
            "dur_std": 109.74584674143013
        },
        "19": {
            "dur_mean": 1315.8875305623471,
            "dur_std": 122.98393110753568
        },
        "20": {
            "dur_mean": 1371.8105134474329,
            "dur_std": 126.34480821358171
        },
        "21": {
            "dur_mean": 1480.7897310513447,
            "dur_std": 135.14917563234113
>>>>>>> d10c2cc687e2bfbe3f443b8a099dba1a82c43176
        },
        "22": {
            "dur_mean": 1581.179706601467,
            "dur_std": 139.2876200723588
        },
        "23": {
            "dur_mean": 1611.9743276283618,
<<<<<<< HEAD
            "dur_std": 139.96103873356492
        },
        "25": {
            "dur_mean": 2561.559431524548,
            "dur_std": 400.2299383834999
        },
        "26": {
            "dur_mean": 2913.0879566982408,
            "dur_std": 442.61232598621206
        },
        "27": {
            "dur_mean": 3091.7374301675977,
            "dur_std": 447.7164478483522
=======
            "dur_std": 139.9610387335649
        },
        "25": {
            "dur_mean": 2561.559431524548,
            "dur_std": 400.2299383835002
        },
        "26": {
            "dur_mean": 2913.0879566982408,
            "dur_std": 442.6123259862122
        },
        "27": {
            "dur_mean": 3091.7374301675977,
            "dur_std": 447.7164478483521
>>>>>>> d10c2cc687e2bfbe3f443b8a099dba1a82c43176
        },
        "28": {
            "dur_mean": 3168.7380952380954,
            "dur_std": 451.49671931357926
        },
        "29": {
            "dur_mean": 3450.6104078762305,
<<<<<<< HEAD
            "dur_std": 478.7659504686435
        },
        "30": {
            "dur_mean": 3625.4428772919605,
            "dur_std": 482.5859762639451
        },
        "31": {
            "dur_mean": 3950.4415584415583,
            "dur_std": 499.2202574395696
        },
        "32": {
            "dur_mean": 4074.0171919770773,
            "dur_std": 501.170589252647
=======
            "dur_std": 478.7659504686431
        },
        "30": {
            "dur_mean": 3625.4428772919605,
            "dur_std": 482.5859762639448
        },
        "31": {
            "dur_mean": 3950.4415584415583,
            "dur_std": 499.22025743956965
        },
        "32": {
            "dur_mean": 4074.0171919770773,
            "dur_std": 501.17058925264706
>>>>>>> d10c2cc687e2bfbe3f443b8a099dba1a82c43176
        },
        "33": {
            "dur_mean": 4327.458992805756,
            "dur_std": 527.0985894762027
        },
        "34": {
            "dur_mean": 4435.159025787965,
<<<<<<< HEAD
            "dur_std": 525.6140186731471
=======
            "dur_std": 525.614018673147
>>>>>>> d10c2cc687e2bfbe3f443b8a099dba1a82c43176
        },
        "35": {
            "dur_mean": 4556.038681948424,
            "dur_std": 526.8676392244657
        },
        "36": {
            "dur_mean": 4692.441091954023,
<<<<<<< HEAD
            "dur_std": 512.5605204971712
=======
            "dur_std": 512.5605204971713
>>>>>>> d10c2cc687e2bfbe3f443b8a099dba1a82c43176
        },
        "37": {
            "dur_mean": 4755.591304347826,
            "dur_std": 516.2665302516647
        },
        "38": {
            "dur_mean": 4794.55297532656,
<<<<<<< HEAD
            "dur_std": 516.2379345912575
        },
        "39": {
            "dur_mean": 4824.702034883721,
            "dur_std": 514.1477989085342
=======
            "dur_std": 516.2379345912574
        },
        "39": {
            "dur_mean": 4824.702034883721,
            "dur_std": 514.1477989085345
>>>>>>> d10c2cc687e2bfbe3f443b8a099dba1a82c43176
        },
        "40": {
            "dur_mean": 4866.880986937591,