{
    "rows": {
        "start": 1354863,
        "route_filter": 0,
        "nan_filter": -40091,
        "negative_dur": -11,
        "outliers": -14933,
        "end": 1299828
    },
    "scr": 0.9454042457091237,
    "stats": {
        "1": {
            "dur_mean": 0.0,
            "dur_std": 0.0
        },
        "2": {
            "dur_mean": 73.7466483327604,
            "dur_std": 186.60554980971557
        },
        "3": {
            "dur_mean": 138.4242460435951,
            "dur_std": 193.24521618493682
        },
        "4": {
            "dur_mean": 179.77114653656324,
            "dur_std": 194.08341095426834
        },
        "5": {
            "dur_mean": 241.87317073170732,
            "dur_std": 201.63701597369277
        },
        "6": {
            "dur_mean": 313.92428539019966,
            "dur_std": 209.5097309755164
        },
        "7": {
            "dur_mean": 394.34064874673925,
            "dur_std": 219.73896506341504
        },
        "8": {
            "dur_mean": 433.63833891189654,
            "dur_std": 229.59853261749498
        },
        "9": {
            "dur_mean": 469.07819233386255,
            "dur_std": 246.15096241045313
        },
        "10": {
            "dur_mean": 577.5697509502468,
            "dur_std": 263.8112893765959
        },
        "11": {
            "dur_mean": 609.7567076975438,
            "dur_std": 267.2297541821828
        },
        "12": {
            "dur_mean": 643.1380933477003,
            "dur_std": 272.20220669694953
        },
        "13": {
            "dur_mean": 671.8154029376736,
            "dur_std": 275.43254179624535
        },
        "14": {
            "dur_mean": 705.9294624631435,
            "dur_std": 280.2853038592522
        },
        "15": {
            "dur_mean": 748.9859953506832,
            "dur_std": 286.5062447481792
        },
        "16": {
            "dur_mean": 860.5633611158361,
            "dur_std": 311.6576214934033
        },
        "17": {
            "dur_mean": 902.2334711914339,
            "dur_std": 315.84716306671646
        },
        "18": {
            "dur_mean": 934.1065624823057,
            "dur_std": 320.1303540281396
        },
        "19": {
            "dur_mean": 981.3017895571412,
            "dur_std": 326.0513569751982
        },
        "20": {
            "dur_mean": 1072.5253824362605,
            "dur_std": 337.5153717414162
        },
        "21": {
            "dur_mean": 1128.0184156844969,
            "dur_std": 344.85899258961837
        },
        "22": {
            "dur_mean": 1183.553836563527,
            "dur_std": 352.38434125907753
        },
        "23": {
            "dur_mean": 1253.1314327816822,
            "dur_std": 360.9857868691861
        },
        "24": {
            "dur_mean": 1305.3586808703535,
            "dur_std": 369.407772407195
        },
        "25": {
            "dur_mean": 1358.8878944088824,
            "dur_std": 378.7963452175628
        },
        "26": {
            "dur_mean": 1428.9434689022319,
            "dur_std": 389.4316733953073
        },
        "27": {
            "dur_mean": 1463.2864019935437,
            "dur_std": 400.755175833665
        },
        "28": {
            "dur_mean": 1559.1048198941558,
            "dur_std": 427.39302351217486
        },
        "29": {
            "dur_mean": 1866.230595029157,
            "dur_std": 489.80955569334674
        },
        "30": {
            "dur_mean": 2098.2322729901675,
            "dur_std": 524.6216115829653
        },
        "31": {
            "dur_mean": 2311.9080924855493,
            "dur_std": 551.0866161647608
        },
        "32": {
            "dur_mean": 2433.7239622532275,
            "dur_std": 554.6202567684722
        },
        "33": {
            "dur_mean": 2547.184983172798,
            "dur_std": 567.7090426835246
        },
        "34": {
            "dur_mean": 2693.3290837117243,
            "dur_std": 590.8253799583641
        },
        "35": {
            "dur_mean": 2836.2401092197756,
            "dur_std": 608.1256595787194
        },
        "36": {
            "dur_mean": 2899.94805647551,
            "dur_std": 613.1131202097209
        },
        "37": {
            "dur_mean": 2942.9623605947954,
            "dur_std": 622.6727273079517
        },
        "38": {
            "dur_mean": 2975.772943773234,
            "dur_std": 628.5189914799846
        },
        "39": {
            "dur_mean": 3025.751016378209,
            "dur_std": 636.5746691321312
        },
        "40": {
            "dur_mean": 3087.989778139157,
            "dur_std": 641.5525585942812
        },
        "41": {
            "dur_mean": 3153.264839121849,
            "dur_std": 645.5266271634708
        },
        "42": {
            "dur_mean": 3192.8317550688434,
            "dur_std": 646.9627885746551
        },
        "43": {
            "dur_mean": 3254.2813244263725,
            "dur_std": 653.9465654065223
        },
        "44": {
            "dur_mean": 3285.4782760223047,
            "dur_std": 657.816445767006
        },
        "45": {
            "dur_mean": 3343.800720218389,
            "dur_std": 669.3273088033172
        },
        "46": {
            "dur_mean": 3416.7745251786027,
            "dur_std": 679.0064693042601
        },
        "47": {
            "dur_mean": 3480.1793471947963,
            "dur_std": 685.8359091230649
        },
        "48": {
            "dur_mean": 3535.7861083686626,
            "dur_std": 692.8339166477391
        },
        "49": {
            "dur_mean": 3591.1031538595576,
            "dur_std": 697.0498850272273
        },
        "50": {
            "dur_mean": 3687.030514385353,
            "dur_std": 705.0261538720163
        },
        "51": {
            "dur_mean": 3713.6049404242954,
            "dur_std": 706.9495745716122
        },
        "52": {
            "dur_mean": 3733.718802673641,
            "dur_std": 709.7689682915485
        },
        "53": {
            "dur_mean": 3783.33785120121,
            "dur_std": 718.9041647705928
        },
        "54": {
            "dur_mean": 3857.7103202431044,
            "dur_std": 726.469388059534
        },
        "55": {
            "dur_mean": 3921.8938648870158,
            "dur_std": 728.3336929612843
        },
        "56": {
            "dur_mean": 3990.871725754468,
            "dur_std": 736.5795686703742
        },
        "57": {
            "dur_mean": 4027.4252711814715,
            "dur_std": 738.7595715895862
        },
        "58": {
            "dur_mean": 4085.2621057568294,
            "dur_std": 742.8374675148522
        },
        "59": {
            "dur_mean": 4128.907208633937,
            "dur_std": 745.1148418033321
        },
        "60": {
            "dur_mean": 4157.608399812295,
            "dur_std": 747.7415080887388
        },
        "61": {
            "dur_mean": 4217.601138096914,
            "dur_std": 752.3370838764814
        },
        "62": {
            "dur_mean": 4248.118196230404,
            "dur_std": 754.920029871725
        },
        "63": {
            "dur_mean": 4283.06683880054,
            "dur_std": 757.07578473389
        },
        "64": {
            "dur_mean": 4319.972657395999,
            "dur_std": 759.8554628670598
        },
        "65": {
            "dur_mean": 4378.540285194531,
            "dur_std": 768.5015463845432
        },
        "66": {
            "dur_mean": 4449.812078173602,
            "dur_std": 778.2102736231813
        },
        "67": {
            "dur_mean": 4489.411899313501,
            "dur_std": 781.7538365340691
        },
        "68": {
            "dur_mean": 4516.588287072355,
            "dur_std": 785.1495084077566
        },
        "69": {
            "dur_mean": 4558.779753521127,
            "dur_std": 791.3680475025998
        },
        "70": {
            "dur_mean": 4604.547798003523,
            "dur_std": 794.89574050654
        },