{
    "rows": {
        "start": 27744,
        "route_filter": -161,
        "nan_filter": -118,
        "negative_dur": 0,
        "outliers": -201,
        "end": 27264
    },
    "scr": 0.6923076923076923,
    "stats": {
        "1": {
            "dur_mean": 0.0,
            "dur_std": 0.0
        },
        "2": {
            "dur_mean": 81.53277310924369,
            "dur_std": 19.952135946532284
        },
        "3": {
            "dur_mean": 139.22203389830509,
            "dur_std": 29.475434033715736
        },
        "4": {
            "dur_mean": 173.9135593220339,
            "dur_std": 31.933733156114833
        },
        "5": {
            "dur_mean": 186.9728813559322,
            "dur_std": 33.062978596205355
        },
        "6": {
            "dur_mean": 233.86463620981388,
            "dur_std": 36.3294056293849
        },
        "7": {
            "dur_mean": 277.21319796954316,
            "dur_std": 40.379075321550545
        },
        "8": {
            "dur_mean": 296.4348561759729,
            "dur_std": 45.18885496996167
        },
        "9": {
            "dur_mean": 313.1285956006768,
            "dur_std": 48.78027919695415
        },
        "10": {
            "dur_mean": 372.3248730964467,
            "dur_std": 53.97016791106243
        },
        "11": {
            "dur_mean": 401.3688663282572,
            "dur_std": 58.22533066240592
        },
        "12": {
            "dur_mean": 432.3824027072758,
            "dur_std": 60.68970226485604
        },
        "13": {
            "dur_mean": 459.8155668358714,
            "dur_std": 63.017066517865864
        },
        "14": {
            "dur_mean": 482.49915397631133,
            "dur_std": 65.29497280694204
        },
        "15": {
            "dur_mean": 525.9813874788495,
            "dur_std": 70.68460378547033
        },
        "16": {
            "dur_mean": 555.9847457627119,
            "dur_std": 73.9978302658996
        },
        "17": {
            "dur_mean": 592.9525423728813,
            "dur_std": 79.35633109932526
        },
        "18": {
            "dur_mean": 647.8404074702886,
            "dur_std": 83.24616187248722
        },
        "19": {
            "dur_mean": 675.1302876480541,
            "dur_std": 88.91278308746044
        },
        "20": {
            "dur_mean": 711.735244519393,
            "dur_std": 95.25615743548673
        },
        "21": {
            "dur_mean": 769.8888888888889,
            "dur_std": 98.88636797750183
        },
        "22": {
            "dur_mean": 842.0505902192243,
            "dur_std": 105.65473539781419
        },
        "23": {
            "dur_mean": 853.2861952861953,
            "dur_std": 107.34498880676588
        },
        "24": {
            "dur_mean": 894.6127946127946,
            "dur_std": 111.33846837868843
        },
        "25": {
            "dur_mean": 909.523569023569,
            "dur_std": 115.32951669002863
        },
        "26": {
            "dur_mean": 965.1094276094276,
            "dur_std": 119.30792481128269
        },
        "27": {
            "dur_mean": 997.7775891341256,
            "dur_std": 122.46566827099832
        },
        "28": {
            "dur_mean": 1024.5993265993266,
            "dur_std": 125.26024605074223
        },
        "29": {
            "dur_mean": 1062.030303030303,
            "dur_std": 128.6264671500778
        },
        "30": {
            "dur_mean": 1076.2121212121212,
            "dur_std": 130.0680796748339
        },
        "31": {
            "dur_mean": 1135.9342327150084,
            "dur_std": 136.6666789686896
        },
        "32": {
            "dur_mean": 1158.1329966329965,
            "dur_std": 139.56160276638323
        },
        "33": {
            "dur_mean": 1182.944537815126,
            "dur_std": 142.95211913986773
        },
        "34": {
            "dur_mean": 1204.7126050420168,
            "dur_std": 145.64426621711843
        },
        "35": {
            "dur_mean": 1239.70756302521,
            "dur_std": 149.96771322536208
        },
        "36": {
            "dur_mean": 1276.9159663865546,
            "dur_std": 155.2723782421781
        },
        "37": {
            "dur_mean": 1303.2655462184873,
            "dur_std": 159.61382291060255
        },
        "38": {
            "dur_mean": 1334.6352941176472,
            "dur_std": 164.20433531241838
        },
        "39": {
            "dur_mean": 1352.3915966386555,
            "dur_std": 166.44075476003331
        },
        "40": {
            "dur_mean": 1406.9689655172415,
            "dur_std": 172.26897594014676
        },
        "41": {
            "dur_mean": 1498.6603448275862,
            "dur_std": 175.5859181701058
        },
        "42": {
            "dur_mean": 1559.9820143884892,
            "dur_std": 192.27517733727117
        },
        "43": {
            "dur_mean": 1649.6420863309352,
            "dur_std": 217.87540771875183
        },
        "44": {
            "dur_mean": 1658.1492805755395,
            "dur_std": 221.85603078545753
        },
        "45": {
            "dur_mean": 1763.7859712230215,
            "dur_std": 265.84437475076004
        },
        "46": {
            "dur_mean": 1888.372972972973,
            "dur_std": 300.71992977441334
        },
        "47": {
            "dur_mean": 2185.809178743961,
            "dur_std": 392.0683463331595
        }
    },
    "modelling": {
        "XGBoost": {
            "time": 5.9422080516815186,
            "r_2": 0.9949487067091204,
            "mse": 1415.8454363573417,
            "rmse": 37.62772164717579,
            "mae": 23.196703734847024
        },
        "Benchmark": {
            "r_2": 0.9053627313731987,
            "mse": 26526.22549882629,
            "rmse": 162.86873702103264,
            "mae": 111.77802230046949
        }
    },
    "features": [
        "weather_description_few clouds",
        "weather_description_fog",
        "weather_description_light intensity drizzle",
        "weather_description_light intensity drizzle rain",
        "weather_description_light intensity shower rain",
        "weather_description_light rain",
        "weather_description_light shower snow",
        "weather_description_light snow",
        "weather_description_mist",
        "weather_description_moderate rain",
        "weather_description_overcast clouds",
        "weather_description_scattered clouds",
        "weather_description_sky is clear",
        "weekday_1",
        "weekday_2",
        "weekday_3",
        "weekday_4",
        "weekday_5",
        "weekday_6",
        "month_2",
        "month_3",
        "month_4",
        "month_5",
        "month_6",
        "month_7",
        "month_8",
        "month_9",
        "month_10",
        "month_11",
        "month_12",
        "hour_1",
        "hour_22",
        "hour_23",
        "holiday_1",
        "progr_number",
        "arr_a",
        "dep_a",
        "dur_s"
    ]
}