{
    "rows": {
        "start": 524128,
        "route_filter": 0,
        "nan_filter": -3670,
        "negative_dur": -482,
        "outliers": -3310,
        "end": 516666
    },
    "scr": 0.8859695565850431,
    "stats": {
        "1": {
            "dur_mean": 0.0,
            "dur_std": 0.0
        },
        "2": {
            "dur_mean": 258.6035139287862,
            "dur_std": 131.0475028864409
        },
        "3": {
            "dur_mean": 368.0949295210101,
            "dur_std": 148.69583013699582
        },
        "4": {
            "dur_mean": 501.37235968617983,
            "dur_std": 167.87133493139476
        },
        "5": {
            "dur_mean": 643.5396059509449,
            "dur_std": 186.36469430236218
        },
        "6": {
            "dur_mean": 772.0618929600107,
            "dur_std": 198.8394760759928
        },
        "7": {
            "dur_mean": 884.1621132985134,
            "dur_std": 210.15961773117013
        },
        "8": {
            "dur_mean": 926.7312692668543,
            "dur_std": 213.8563607172313
        },
        "9": {
            "dur_mean": 968.3326854768447,
            "dur_std": 217.4639778726689
        },
        "10": {
            "dur_mean": 1011.7388099705173,
            "dur_std": 221.34865867993864
        },
        "11": {
            "dur_mean": 1090.388192722643,
            "dur_std": 233.00426882559498
        },
        "12": {
            "dur_mean": 1168.1739130434783,
            "dur_std": 243.16380095796427
        },
        "13": {
            "dur_mean": 1198.4081017743556,
            "dur_std": 248.05302411685253
        },
        "14": {
            "dur_mean": 1248.1265899049404,
            "dur_std": 255.99399523309134
        },
        "15": {
            "dur_mean": 1298.5833054421314,
            "dur_std": 265.0830979274739
        },
        "16": {
            "dur_mean": 1346.8299979921023,
            "dur_std": 272.91307271859074
        },
        "17": {
            "dur_mean": 1394.8068531655736,
            "dur_std": 277.77111625301364
        },
        "18": {
            "dur_mean": 1427.6655959312052,
            "dur_std": 283.13456146230146
        },
        "19": {
            "dur_mean": 1474.1579898286939,
            "dur_std": 288.31113456053856
        },
        "20": {
            "dur_mean": 1520.5940176659528,
            "dur_std": 292.7592047133628
        },
        "21": {
            "dur_mean": 1558.4493141518903,
            "dur_std": 297.2314138405061
        },
        "22": {
            "dur_mean": 1637.5935242172866,
            "dur_std": 314.5394664456376
        },
        "23": {
            "dur_mean": 1674.172609508547,
            "dur_std": 319.45417083791153
        },
        "24": {
            "dur_mean": 1746.2606169871794,
            "dur_std": 331.69387296581925
        },
        "25": {
            "dur_mean": 1880.0089470521466,
            "dur_std": 363.9258267814712
        },
        "26": {
            "dur_mean": 1926.2495492487478,
            "dur_std": 368.0911910276377
        },
        "27": {
            "dur_mean": 1975.1297495826377,
            "dur_std": 375.1629250183247
        },
        "28": {
            "dur_mean": 1990.4056761268782,
            "dur_std": 378.7526201226004
        },
        "29": {
            "dur_mean": 2062.8582876986775,
            "dur_std": 390.56912301259973
        },
        "30": {
            "dur_mean": 2092.968090787717,
            "dur_std": 397.52269997945814
        },
        "31": {
            "dur_mean": 2140.818108974359,
            "dur_std": 403.2891207228532
        },
        "32": {
            "dur_mean": 2178.7254561251084,
            "dur_std": 408.7381627913891
        },
        "33": {
            "dur_mean": 2274.6098544232923,
            "dur_std": 412.5750287283982
        },
        "34": {
            "dur_mean": 2322.901494768311,
            "dur_std": 417.2923784118955
        },
        "35": {
            "dur_mean": 2398.4754634678297,
            "dur_std": 431.6212388373353
        }
    },
    "modelling": {
        "XGBoost": {
            "time": 71.2720000743866,
            "r_2": 0.9351600241317308,
            "mse": 29523.0844305256,
            "rmse": 171.82282860704396,
            "mae": 126.68669516195035
        },
        "Benchmark": {
            "r_2": 0.863837462515668,
            "mse": 61997.834462362676,
            "rmse": 248.9936434175834,
            "mae": 184.69287047001168
        }
    },
    "features": [
        "weather_description_broken clouds",
        "weather_description_drizzle",
        "weather_description_few clouds",
        "weather_description_fog",
        "weather_description_heavy intensity rain",
        "weather_description_light intensity drizzle",
        "weather_description_light intensity drizzle rain",
        "weather_description_light intensity shower rain",
        "weather_description_light rain",
        "weather_description_light shower snow",
        "weather_description_light snow",
        "weather_description_mist",
        "weather_description_moderate rain",
        "weather_description_overcast clouds",
        "weather_description_proximity shower rain",
        "weather_description_scattered clouds",
        "weather_description_shower rain",
        "weather_description_sky is clear",
        "weather_description_smoke",
        "weekday_1",
        "weekday_2",
        "weekday_3",
        "weekday_4",
        "weekday_5",
        "weekday_6",
        "month_2",
        "month_3",
        "month_4",
        "month_5",
        "month_6",
        "month_7",
        "month_8",
        "month_9",
        "month_10",
        "month_11",
        "month_12",
        "hour_1",
        "hour_6",
        "hour_7",
        "hour_8",
        "hour_9",
        "hour_10",
        "hour_11",
        "hour_12",
        "hour_13",
        "hour_14",
        "hour_15",
        "hour_16",
        "hour_17",
        "hour_18",
        "hour_19",
        "hour_20",
        "hour_21",
        "hour_22",
        "hour_23",
        "holiday_1",
        "progr_number",
        "dur_s"
    ]
}