{
    "rows": {
        "start": 572360,
        "route_filter": -59252,
        "nan_filter": -65556,
        "negative_dur": -77,
        "outliers": -4266,
        "end": 443209
    },
    "scr": 0.969717475892404,
    "stats": {
        "1": {
            "dur_mean": 0.0,
            "dur_std": 0.0
        },
        "2": {
            "dur_mean": 34.38874702076949,
            "dur_std": 13.60518954774724
        },
        "3": {
            "dur_mean": 58.40381179273377,
            "dur_std": 19.119468525236673
        },
        "4": {
            "dur_mean": 103.11841769459804,
            "dur_std": 29.93096981567106
        },
        "5": {
            "dur_mean": 138.7925699226388,
            "dur_std": 36.76283715148905
        },
        "6": {
            "dur_mean": 205.5114659419059,
            "dur_std": 46.317239434435145
        },
        "7": {
            "dur_mean": 234.49014610941217,
            "dur_std": 50.4227711848404
        },
        "8": {
            "dur_mean": 281.9349172677132,
            "dur_std": 61.36499698402434
        },
        "9": {
            "dur_mean": 366.44430304572836,
            "dur_std": 70.7616488213229
        },
        "10": {
            "dur_mean": 399.72702564973673,
            "dur_std": 76.44733643814588
        },
        "11": {
            "dur_mean": 432.7800967167218,
            "dur_std": 83.43610982723735
        },
        "12": {
            "dur_mean": 462.47714358408956,
            "dur_std": 90.22948106230685
        },
        "13": {
            "dur_mean": 525.6175298804781,
            "dur_std": 119.86391002148046
        },
        "14": {
            "dur_mean": 597.7467571004663,
            "dur_std": 139.47063201791727
        },
        "15": {
            "dur_mean": 661.7187049749979,
            "dur_std": 151.05132037994403
        },
        "16": {
            "dur_mean": 703.3662091170988,
            "dur_std": 161.8270172025346
        },
        "17": {
            "dur_mean": 733.6076088798509,
            "dur_std": 167.6056540502577
        },
        "18": {
            "dur_mean": 821.1020753917832,
            "dur_std": 185.0155131010207
        },
        "19": {
            "dur_mean": 891.0674233440624,
            "dur_std": 199.4700166273991
        },
        "20": {
            "dur_mean": 921.1104710267706,
            "dur_std": 200.43085294091532
        },
        "21": {
            "dur_mean": 979.9640860579367,
            "dur_std": 207.67877909839706
        },
        "22": {
            "dur_mean": 1029.8198610405016,
            "dur_std": 215.3531892127615
        },
        "23": {
            "dur_mean": 1057.9119566138463,
            "dur_std": 219.5803249658585
        },
        "24": {
            "dur_mean": 1110.265463480766,
            "dur_std": 228.87402389133655
        },
        "25": {
            "dur_mean": 1176.8076597186916,
            "dur_std": 237.97267725098965
        },
        "26": {
            "dur_mean": 1205.4531819337344,
            "dur_std": 242.20833384012974
        },
        "27": {
            "dur_mean": 1235.8193914738538,
            "dur_std": 245.96252112990504
        },
        "28": {
            "dur_mean": 1318.0618006103764,
            "dur_std": 259.15136979557496
        },
        "29": {
            "dur_mean": 1373.9264157341472,
            "dur_std": 266.01684777557637
        },
        "30": {
            "dur_mean": 1404.3071313491055,
            "dur_std": 270.2061385766037
        },
        "31": {
            "dur_mean": 1456.2594539596405,
            "dur_std": 275.7936459944989
        },
        "32": {
            "dur_mean": 1481.7970154315753,
            "dur_std": 281.50068617027244
        },
        "33": {
            "dur_mean": 1581.496226575087,
            "dur_std": 297.5839379782553
        },
        "34": {
            "dur_mean": 1617.2050402880166,
            "dur_std": 301.7165586175027
        },
        "35": {
            "dur_mean": 1697.4389601563164,
            "dur_std": 324.1738772783439
        },
        "36": {
            "dur_mean": 1871.365681179177,
            "dur_std": 354.87756038439693
        },
        "37": {
            "dur_mean": 2015.75332197615,
            "dur_std": 379.8185861880273
        },
        "38": {
            "dur_mean": 2410.610505191519,
            "dur_std": 452.69104451978023
        }
    },
    "modelling": {
        "XGBoost": {
            "time": 71.02751541137695,
            "r_2": 0.9618621896904618,
            "mse": 15249.819887549324,
            "rmse": 123.4901610961348,
            "mae": 82.79523311765408
        },
        "Benchmark": {
            "r_2": 0.9186359896718992,
            "mse": 32534.287961517286,
            "rmse": 180.37263639897623,
            "mae": 120.8203297744646
        }
    },
    "features": [
        "weather_description_broken clouds",
        "weather_description_drizzle",
        "weather_description_few clouds",
        "weather_description_fog",
        "weather_description_heavy intensity rain",
        "weather_description_light intensity drizzle",
        "weather_description_light intensity drizzle rain",
        "weather_description_light intensity shower rain",
        "weather_description_light rain",
        "weather_description_light shower snow",
        "weather_description_light snow",
        "weather_description_mist",
        "weather_description_moderate rain",
        "weather_description_overcast clouds",
        "weather_description_proximity shower rain",
        "weather_description_rain and drizzle",
        "weather_description_scattered clouds",
        "weather_description_shower rain",
        "weather_description_sky is clear",
        "weather_description_smoke",
        "weekday_1",
        "weekday_2",
        "weekday_3",
        "weekday_4",
        "weekday_5",
        "weekday_6",
        "month_2",
        "month_3",
        "month_4",
        "month_5",
        "month_6",
        "month_7",
        "month_8",
        "month_9",
        "month_10",
        "month_11",
        "month_12",
        "hour_6",
        "hour_7",
        "hour_8",
        "hour_9",
        "hour_10",
        "hour_11",
        "hour_12",
        "hour_13",
        "hour_14",
        "hour_15",
        "hour_16",
        "hour_17",
        "hour_18",
        "hour_19",
        "hour_20",
        "hour_21",
        "hour_22",
        "hour_23",
        "holiday_1",
        "progr_number",
        "dur_s"
    ]
}