{
    "rows": {
        "start": 817108,
        "route_filter": -124443,
        "nan_filter": -28791,
        "negative_dur": -51,
        "outliers": -7111,
        "end": 656712
    },
    "scr": 0.9449387786143433,
    "stats": {
        "1": {
            "dur_mean": 0.0,
            "dur_std": 0.0
        },
        "2": {
            "dur_mean": 99.2520571339854,
            "dur_std": 81.33006899957326
        },
        "3": {
            "dur_mean": 204.885897828082,
            "dur_std": 90.34498222563681
        },
        "4": {
            "dur_mean": 293.7633458790998,
            "dur_std": 93.14861240833164
        },
        "5": {
            "dur_mean": 315.34097355308546,
            "dur_std": 98.41232177630157
        },
        "6": {
            "dur_mean": 383.6900705954573,
            "dur_std": 102.53609047541995
        },
        "7": {
            "dur_mean": 460.8741559238797,
            "dur_std": 111.52114035828637
        },
        "8": {
            "dur_mean": 490.9914438502674,
            "dur_std": 115.62201182026969
        },
        "9": {
            "dur_mean": 556.5429204215671,
            "dur_std": 124.13157754334308
        },
        "10": {
            "dur_mean": 591.6468478094947,
            "dur_std": 125.40553283420644
        },
        "11": {
            "dur_mean": 684.2488936365023,
            "dur_std": 136.0110522780216
        },
        "12": {
            "dur_mean": 759.8029597986116,
            "dur_std": 143.67255806163027
        },
        "13": {
            "dur_mean": 807.9345024780786,
            "dur_std": 150.80049397833807
        },
        "14": {
            "dur_mean": 896.4036746207212,
            "dur_std": 164.2007748007681
        },
        "15": {
            "dur_mean": 960.0221849508272,
            "dur_std": 169.3378594835824
        },
        "16": {
            "dur_mean": 1020.4430292861501,
            "dur_std": 177.57727075965832
        },
        "17": {
            "dur_mean": 1132.7687438029136,
            "dur_std": 204.04650814267364
        },
        "18": {
            "dur_mean": 1187.3993439621634,
            "dur_std": 216.59642817267058
        },
        "19": {
            "dur_mean": 1245.9757288963517,
            "dur_std": 225.29376259858194
        },
        "20": {
            "dur_mean": 1346.2162966353856,
            "dur_std": 241.5796806180522
        },
        "21": {
            "dur_mean": 1395.884489204242,
            "dur_std": 248.68953209835345
        },
        "22": {
            "dur_mean": 1455.886710405859,
            "dur_std": 257.38839147659166
        },
        "23": {
            "dur_mean": 1492.6890634533252,
            "dur_std": 261.6022923946603
        },
        "24": {
            "dur_mean": 1519.1073743613208,
            "dur_std": 266.46721916749095
        },
        "25": {
            "dur_mean": 1590.3738845244452,
            "dur_std": 275.436964983798
        },
        "26": {
            "dur_mean": 1681.9018381511708,
            "dur_std": 285.4645361928094
        },
        "27": {
            "dur_mean": 1737.5674521467247,
            "dur_std": 293.2868237172987
        },
        "28": {
            "dur_mean": 1799.2051692589205,
            "dur_std": 298.88130483468115
        },
        "29": {
            "dur_mean": 1868.1996187571483,
            "dur_std": 308.30122752966975
        },
        "30": {
            "dur_mean": 1932.136627020433,
            "dur_std": 317.13754929771704
        },
        "31": {
            "dur_mean": 1969.5729968742853,
            "dur_std": 322.596883532182
        },
        "32": {
            "dur_mean": 2029.7904849039342,
            "dur_std": 331.9177199224446
        },
        "33": {
            "dur_mean": 2061.058859408356,
            "dur_std": 335.6104042879197
        },
        "34": {
            "dur_mean": 2121.6033391781657,
            "dur_std": 346.91021585303736
        },
        "35": {
            "dur_mean": 2223.9849813219485,
            "dur_std": 361.760609368259
        },
        "36": {
            "dur_mean": 2309.7967677999695,
            "dur_std": 370.19551199149777
        },
        "37": {
            "dur_mean": 2363.938777066179,
            "dur_std": 376.13566146335364
        },
        "38": {
            "dur_mean": 2401.8110831234258,
            "dur_std": 380.5873134546804
        },
        "39": {
            "dur_mean": 2433.5530875505688,
            "dur_std": 391.53876065302984
        },
        "40": {
            "dur_mean": 2557.705207616426,
            "dur_std": 422.67986559643225
        },
        "41": {
            "dur_mean": 2843.074712643678,
            "dur_std": 483.07633666152117
        },
        "42": {
            "dur_mean": 2994.7485999232836,
            "dur_std": 497.9934207135235
        },
        "43": {
            "dur_mean": 3201.9664285165554,
            "dur_std": 524.7738997376159
        },
        "44": {
            "dur_mean": 3255.8798317326773,
            "dur_std": 527.9222719599973
        },
        "45": {
            "dur_mean": 3340.4803219315895,
            "dur_std": 549.8617018243649
        },
        "46": {
            "dur_mean": 3398.5004391217567,
            "dur_std": 566.8981934538718
        },
        "47": {
            "dur_mean": 3496.906862745098,
            "dur_std": 589.902823397188
        },
        "48": {
            "dur_mean": 3576.167088007584,
            "dur_std": 599.9150854827288
        },
        "49": {
            "dur_mean": 3642.0096941992433,
            "dur_std": 607.3344151380809
        },
        "50": {
            "dur_mean": 3779.4126156035095,
            "dur_std": 632.0265527109941
        },
        "51": {
            "dur_mean": 3852.1057320823147,
            "dur_std": 644.0677549165919
        }
    },
    "modelling": {
        "XGBoost": {
            "time": 82.36668944358826,
            "r_2": 0.9704067187793646,
            "mse": 37420.742658098105,
            "rmse": 193.44441749013617,
            "mae": 133.83594688860433
        },
        "Benchmark": {
            "r_2": 0.9415234006607979,
            "mse": 73943.73604867887,
            "rmse": 271.92597531070635,
            "mae": 183.2651451473401
        }
    },
    "features": [
        "weather_description_broken clouds",
        "weather_description_drizzle",
        "weather_description_few clouds",
        "weather_description_fog",
        "weather_description_heavy intensity rain",
        "weather_description_light intensity drizzle",
        "weather_description_light intensity drizzle rain",
        "weather_description_light intensity shower rain",
        "weather_description_light rain",
        "weather_description_light shower snow",
        "weather_description_light snow",
        "weather_description_mist",
        "weather_description_moderate rain",
        "weather_description_overcast clouds",
        "weather_description_proximity shower rain",
        "weather_description_rain and drizzle",
        "weather_description_scattered clouds",
        "weather_description_shower rain",
        "weather_description_sky is clear",
        "weather_description_smoke",
        "weekday_1",
        "weekday_2",
        "weekday_3",
        "weekday_4",
        "weekday_5",
        "weekday_6",
        "month_2",
        "month_3",
        "month_4",
        "month_5",
        "month_6",
        "month_7",
        "month_8",
        "month_9",
        "month_10",
        "month_11",
        "month_12",
        "hour_7",
        "hour_8",
        "hour_9",
        "hour_10",
        "hour_11",
        "hour_12",
        "hour_13",
        "hour_14",
        "hour_15",
        "hour_16",
        "hour_17",
        "hour_18",
        "hour_19",
        "hour_20",
        "hour_21",
        "holiday_1",
        "progr_number",
        "dur_s"
    ]
}