{
    "rows": {
        "start": 830502,
        "route_filter": -190587,
        "nan_filter": -36757,
        "negative_dur": 0,
        "outliers": -10792,
        "end": 592366
    },
    "scr": 0.9029491054652398,
    "stats": {
        "1": {
            "dur_mean": 0.0,
            "dur_std": 0.0
        },
        "5": {
            "dur_mean": 184.16496794344894,
            "dur_std": 113.40671540884291
        },
        "6": {
            "dur_mean": 224.74845869297164,
            "dur_std": 116.60356840190528
        },
        "7": {
            "dur_mean": 269.33368922470436,
            "dur_std": 122.37780100283656
        },
        "8": {
            "dur_mean": 393.0577270487765,
            "dur_std": 142.9003223524332
        },
        "9": {
            "dur_mean": 451.3864214760693,
            "dur_std": 154.64421429298562
        },
        "10": {
            "dur_mean": 510.4993432933837,
            "dur_std": 175.447419529379
        },
        "11": {
            "dur_mean": 566.2522566880026,
            "dur_std": 187.06530375056482
        },
        "12": {
            "dur_mean": 605.3137303149606,
            "dur_std": 193.69593545424667
        },
        "13": {
            "dur_mean": 689.6597718131823,
            "dur_std": 203.00791080593902
        },
        "14": {
            "dur_mean": 740.2303462990317,
            "dur_std": 212.71640985880683
        },
        "15": {
            "dur_mean": 807.3004186161044,
            "dur_std": 218.73573325765784
        },
        "16": {
            "dur_mean": 901.4656375728713,
            "dur_std": 236.4666921563576
        },
        "17": {
            "dur_mean": 974.3684428264107,
            "dur_std": 251.62075052645855
        },
        "18": {
            "dur_mean": 1040.5447060760744,
            "dur_std": 261.82437147940385
        },
        "19": {
            "dur_mean": 1093.6581385813859,
            "dur_std": 271.2495562752917
        },
        "20": {
            "dur_mean": 1127.945560383701,
            "dur_std": 281.5422496910715
        },
        "21": {
            "dur_mean": 1186.7404066907184,
            "dur_std": 294.68086686209375
        },
        "22": {
            "dur_mean": 1272.2922269596588,
            "dur_std": 313.2243960876585
        },
        "23": {
            "dur_mean": 1329.6733120026254,
            "dur_std": 319.34268352077146
        },
        "24": {
            "dur_mean": 1374.3963069347558,
            "dur_std": 333.84567606347906
        },
        "25": {
            "dur_mean": 1425.4216313802724,
            "dur_std": 363.7197690343125
        },
        "26": {
            "dur_mean": 1475.9280203545634,
            "dur_std": 393.6323272856111
        },
        "27": {
            "dur_mean": 1577.9707549494783,
            "dur_std": 414.50125052868435
        },
        "28": {
            "dur_mean": 1612.4239264307414,
            "dur_std": 418.8477198278372
        },
        "29": {
            "dur_mean": 1657.760036121829,
            "dur_std": 426.2942017381886
        },
        "30": {
            "dur_mean": 1685.936627811525,
            "dur_std": 431.18372236937216
        },
        "31": {
            "dur_mean": 1747.7057375030781,
            "dur_std": 449.0084422268874
        },
        "32": {
            "dur_mean": 1813.746942460806,
            "dur_std": 459.2324570228977
        },
        "33": {
            "dur_mean": 1866.4193680755027,
            "dur_std": 467.6951442451798
        },
        "34": {
            "dur_mean": 1916.2496921940408,
            "dur_std": 476.43042441182564
        },
        "35": {
            "dur_mean": 1950.1584995485512,
            "dur_std": 486.41459241722447
        },
        "36": {
            "dur_mean": 2034.273063336893,
            "dur_std": 510.30776351263785
        },
        "37": {
            "dur_mean": 2148.969305464121,
            "dur_std": 532.3832900624592
        },
        "38": {
            "dur_mean": 2211.34352340145,
            "dur_std": 541.3654400368862
        },
        "39": {
            "dur_mean": 2323.324023727138,
            "dur_std": 560.8441897786116
        },
        "40": {
            "dur_mean": 2340.8644863662576,
            "dur_std": 565.1571519204091
        },
        "41": {
            "dur_mean": 2449.760998517054,
            "dur_std": 572.9949582542447
        },
        "42": {
            "dur_mean": 2590.213909030982,
            "dur_std": 588.8050111340413
        },
        "43": {
            "dur_mean": 2882.2875082617315,
            "dur_std": 661.4019467732982
        },
        "44": {
            "dur_mean": 3032.6770461859614,
            "dur_std": 671.8732433824999
        },
        "45": {
            "dur_mean": 3103.9959846368715,
            "dur_std": 687.5661922860944
        },
        "46": {
            "dur_mean": 3155.3875109170303,
            "dur_std": 703.909383436757
        },
        "47": {
            "dur_mean": 3231.7296069868994,
            "dur_std": 724.7682920768784
        },
        "48": {
            "dur_mean": 3411.423837005946,
            "dur_std": 757.04446596682
        },
        "49": {
            "dur_mean": 3518.1640332993543,
            "dur_std": 781.3406423639515
        },
        "50": {
            "dur_mean": 3566.1924700041372,
            "dur_std": 798.4450689699491
        },
        "2": {
            "dur_mean": 45.146837962544105,
            "dur_std": 74.99029414938397
        },
        "3": {
            "dur_mean": 110.335007113566,
            "dur_std": 107.13373460900458
        },
        "4": {
            "dur_mean": 143.81840713813617,
            "dur_std": 111.06988541601419
        }
    },
    "modelling": {
        "XGBoost": {
            "time": 182.28889107704163,
            "r_2": 0.9634995538712507,
            "mse": 40404.25092241728,
            "rmse": 201.008086709011,
            "mae": 133.306638185717
        },
        "Benchmark": {
            "r_2": 0.926893482870862,
            "mse": 80925.4235340194,
            "rmse": 284.47394174865894,
            "mae": 184.13367366231802
        }
    },
    "features": [
        "weather_description_broken clouds",
        "weather_description_drizzle",
        "weather_description_few clouds",
        "weather_description_fog",
        "weather_description_light intensity drizzle",
        "weather_description_light intensity drizzle rain",
        "weather_description_light intensity shower rain",
        "weather_description_light rain",
        "weather_description_light shower snow",
        "weather_description_light snow",
        "weather_description_mist",
        "weather_description_moderate rain",
        "weather_description_overcast clouds",
        "weather_description_proximity shower rain",
        "weather_description_rain and drizzle",
        "weather_description_scattered clouds",
        "weather_description_sky is clear",
        "weather_description_smoke",
        "weekday_1",
        "weekday_2",
        "weekday_3",
        "weekday_4",
        "weekday_5",
        "weekday_6",
        "month_2",
        "month_3",
        "month_4",
        "month_5",
        "month_6",
        "month_7",
        "month_8",
        "month_9",
        "month_10",
        "hour_6",
        "hour_7",
        "hour_8",
        "hour_9",
        "hour_10",
        "hour_11",
        "hour_12",
        "hour_13",
        "hour_14",
        "hour_15",
        "hour_16",
        "hour_17",
        "hour_18",
        "hour_19",
        "hour_20",
        "hour_21",
        "hour_22",
        "hour_23",
        "holiday_1",
        "progr_number",
        "dur_s"
    ]
}