{
    "rows": {
        "start": 17002,
        "route_filter": 0,
        "nan_filter": -473,
        "negative_dur": 0,
        "outliers": -203,
        "end": 16326
    },
    "scr": 0.9622166246851386,
    "stats": {
        "1": {
            "dur_mean": 0.0,
            "dur_std": 0.0
        },
        "2": {
            "dur_mean": 108.52896725440806,
            "dur_std": 110.53806553177277
        },
        "3": {
            "dur_mean": 181.0479797979798,
            "dur_std": 121.03825201813127
        },
        "4": {
            "dur_mean": 241.3181818181818,
            "dur_std": 132.03403770097523
        },
        "5": {
            "dur_mean": 300.2449494949495,
            "dur_std": 143.04457338336124
        },
        "6": {
            "dur_mean": 424.18781725888323,
            "dur_std": 161.6119193378642
        },
        "7": {
            "dur_mean": 802.6708860759494,
            "dur_std": 240.18989534398617
        },
        "8": {
            "dur_mean": 929.1974683544304,
            "dur_std": 248.3719506745868
        },
        "9": {
            "dur_mean": 1046.546835443038,
            "dur_std": 265.44557829125046
        },
        "10": {
            "dur_mean": 1189.7822784810126,
            "dur_std": 278.81160640814767
        },
        "11": {
            "dur_mean": 1361.6759493670886,
            "dur_std": 304.64009938965603
        },
        "12": {
            "dur_mean": 1439.8278481012658,
            "dur_std": 323.90177701187264
        },
        "13": {
            "dur_mean": 1512.1012658227849,
            "dur_std": 356.0609724684032
        },
        "14": {
            "dur_mean": 1554.2708860759494,
            "dur_std": 370.4544746727329
        },
        "15": {
            "dur_mean": 1614.3629441624366,
            "dur_std": 380.30900486731497
        },
        "16": {
            "dur_mean": 1684.738578680203,
            "dur_std": 384.86074304336125
        },
        "17": {
            "dur_mean": 1756.1776649746193,
            "dur_std": 385.4079282446345
        },
        "18": {
            "dur_mean": 1799.763959390863,
            "dur_std": 388.31560656355646
        },
        "19": {
            "dur_mean": 1875.6675126903554,
            "dur_std": 399.4601746803174
        },
        "20": {
            "dur_mean": 1914.972081218274,
            "dur_std": 410.19247853607203
        },
        "21": {
            "dur_mean": 2012.4670050761422,
            "dur_std": 432.10169872777067
        },
        "22": {
            "dur_mean": 2090.6370558375634,
            "dur_std": 440.73878267305224
        },
        "23": {
            "dur_mean": 2148.8629441624366,
            "dur_std": 450.93283747803486
        },
        "24": {
            "dur_mean": 2192.6319796954313,
            "dur_std": 453.79750121003065
        },
        "25": {
            "dur_mean": 2218.6700507614214,
            "dur_std": 455.7249268173115
        },
        "26": {
            "dur_mean": 2254.159898477157,
            "dur_std": 459.84096965142663
        },
        "27": {
            "dur_mean": 2412.0989847715737,
            "dur_std": 491.8491078414829
        },
        "28": {
            "dur_mean": 2512.799492385787,
            "dur_std": 499.30802794286154
        },
        "29": {
            "dur_mean": 2550.403553299492,
            "dur_std": 505.02706156556656
        },
        "30": {
            "dur_mean": 2607.6852791878173,
            "dur_std": 513.60097524
        },
        "31": {
            "dur_mean": 2679.4213197969543,
            "dur_std": 517.660872368147
        },
        "32": {
            "dur_mean": 2756.7182741116753,
            "dur_std": 521.0977396523658
        },
        "33": {
            "dur_mean": 2865.096446700508,
            "dur_std": 524.8213517323408
        },
        "34": {
            "dur_mean": 2932.779187817259,
            "dur_std": 529.176858003699
        },
        "35": {
            "dur_mean": 2993.096446700508,
            "dur_std": 534.7194606668439
        },
        "36": {
            "dur_mean": 3090.230964467005,
            "dur_std": 544.1397814311716
        },
        "37": {
            "dur_mean": 3145.248730964467,
            "dur_std": 554.9155166296484
        },
        "38": {
            "dur_mean": 3196.195431472081,
            "dur_std": 559.755962711234
        },
        "39": {
            "dur_mean": 3224.467700258398,
            "dur_std": 561.1683462332205
        },
        "40": {
            "dur_mean": 3257.3238341968913,
            "dur_std": 560.3605205944162
        },
        "41": {
            "dur_mean": 3445.238219895288,
            "dur_std": 573.0233978585959
        },
        "42": {
            "dur_mean": 3497.112565445026,
            "dur_std": 573.6570078224858
        }
    },
    "modelling": {
        "XGBoost": {
            "time": 2.9941940307617188,
            "r_2": 0.9724969611101009,
            "mse": 31286.380100238013,
            "rmse": 176.87956382871937,
            "mae": 123.31717613957082
        },
        "Benchmark": {
            "r_2": 0.8460959836912266,
            "mse": 175075.18250857422,
            "rmse": 418.4198639029632,
            "mae": 300.139882410583
        }
    },
    "features": [
        "weather_description_few clouds",
        "weather_description_fog",
        "weather_description_light intensity drizzle",
        "weather_description_light intensity drizzle rain",
        "weather_description_light intensity shower rain",
        "weather_description_light rain",
        "weather_description_light shower snow",
        "weather_description_mist",
        "weather_description_moderate rain",
        "weather_description_overcast clouds",
        "weather_description_proximity shower rain",
        "weather_description_scattered clouds",
        "weather_description_sky is clear",
        "weekday_1",
        "weekday_2",
        "weekday_3",
        "weekday_4",
        "month_2",
        "month_3",
        "month_4",
        "month_5",
        "month_6",
        "month_7",
        "month_8",
        "month_9",
        "month_10",
        "month_11",
        "month_12",
        "hour_16",
        "hour_17",
        "holiday_1",
        "progr_number",
        "dur_s"
    ]
}