{
    "rows": {
        "start": 9750,
        "route_filter": -1811,
        "nan_filter": -1978,
        "negative_dur": 0,
        "outliers": -19,
        "end": 5942
    },
    "scr": 0.9699248120300752,
    "stats": {
        "1": {
            "dur_mean": 0.0,
            "dur_std": 0.0
        },
        "2": {
            "dur_mean": 31.484848484848484,
            "dur_std": 18.8341434506285
        },
        "3": {
            "dur_mean": 105.84962406015038,
            "dur_std": 153.67421740342317
        },
        "4": {
            "dur_mean": 218.8421052631579,
            "dur_std": 158.23595931322535
        },
        "5": {
            "dur_mean": 266.76691729323306,
            "dur_std": 158.15114975861027
        },
        "6": {
            "dur_mean": 361.0676691729323,
            "dur_std": 155.31601194986607
        },
        "7": {
            "dur_mean": 409.63157894736844,
            "dur_std": 154.87162199139522
        },
        "8": {
            "dur_mean": 515.0601503759399,
            "dur_std": 159.94922297491868
        },
        "9": {
            "dur_mean": 584.8721804511279,
            "dur_std": 164.62912467089956
        },
        "10": {
            "dur_mean": 663.8421052631579,
            "dur_std": 169.18350455560406
        },
        "11": {
            "dur_mean": 824.1060606060606,
            "dur_std": 197.07480106522266
        },
        "12": {
            "dur_mean": 916.5343511450382,
            "dur_std": 214.65683875969685
        },
        "13": {
            "dur_mean": 995.1317829457364,
            "dur_std": 216.91006128134654
        },
        "14": {
            "dur_mean": 1077.0601503759399,
            "dur_std": 229.27259015623062
        },
        "15": {
            "dur_mean": 1147.03007518797,
            "dur_std": 255.32881176814672
        },
        "16": {
            "dur_mean": 1240.9398496240601,
            "dur_std": 266.89842465214247
        },
        "17": {
            "dur_mean": 1390.142857142857,
            "dur_std": 312.91399590169954
        },
        "18": {
            "dur_mean": 1453.0902255639098,
            "dur_std": 316.7454158537147
        },
        "19": {
            "dur_mean": 1529.624060150376,
            "dur_std": 341.56253257514624
        },
        "20": {
            "dur_mean": 1644.0751879699249,
            "dur_std": 398.55505349647495
        },
        "21": {
            "dur_mean": 1760.6691729323309,
            "dur_std": 444.9095025753962
        },
        "22": {
            "dur_mean": 1893.1203007518798,
            "dur_std": 457.23009984685973
        },
        "23": {
            "dur_mean": 1940.8345864661653,
            "dur_std": 457.4318160889901
        },
        "24": {
            "dur_mean": 2004.827067669173,
            "dur_std": 461.692136557209
        },
        "25": {
            "dur_mean": 2044.187969924812,
            "dur_std": 467.5488493418068
        },
        "26": {
            "dur_mean": 2150.4511278195487,
            "dur_std": 494.2275341863916
        },
        "27": {
            "dur_mean": 2234.3007518796994,
            "dur_std": 506.2917769513163
        },
        "28": {
            "dur_mean": 2300.2556390977443,
            "dur_std": 515.3829505025534
        },
        "29": {
            "dur_mean": 2370.3984962406016,
            "dur_std": 522.5825719856873
        },
        "30": {
            "dur_mean": 2431.4285714285716,
            "dur_std": 524.2607101507724
        },
        "31": {
            "dur_mean": 2581.0,
            "dur_std": 535.6206538666007
        },
        "32": {
            "dur_mean": 2769.097744360902,
            "dur_std": 555.5582895618912
        },
        "33": {
            "dur_mean": 2848.1729323308273,
            "dur_std": 560.6421846969696
        },
        "34": {
            "dur_mean": 2997.6466165413535,
            "dur_std": 565.6104933915899
        },
        "35": {
            "dur_mean": 3023.1052631578946,
            "dur_std": 569.5354335314414
        },
        "36": {
            "dur_mean": 3135.4812030075186,
            "dur_std": 568.6757557468926
        },
        "37": {
            "dur_mean": 3278.5488721804513,
            "dur_std": 581.1312696092491
        },
        "38": {
            "dur_mean": 3748.466165413534,
            "dur_std": 684.8828759509108
        },
        "39": {
            "dur_mean": 3913.2923076923075,
            "dur_std": 677.5077040799291
        },
        "40": {
            "dur_mean": 4016.869230769231,
            "dur_std": 663.1188043317111
        },
        "41": {
            "dur_mean": 4095.3384615384616,
            "dur_std": 658.5157559503223
        },
        "42": {
            "dur_mean": 4190.469230769231,
            "dur_std": 663.2318591909735
        },
        "43": {
            "dur_mean": 4405.846153846154,
            "dur_std": 671.5397840591722
        },
        "44": {
            "dur_mean": 4535.598484848485,
            "dur_std": 685.7037490404063
        },
        "45": {
            "dur_mean": 4593.796992481203,
            "dur_std": 678.0559751564998
        }
    },
    "modelling": {
        "XGBoost": {
            "time": 1.176110029220581,
            "r_2": 0.9985986813110986,
            "mse": 2790.058486362962,
            "rmse": 52.821004215775396,
            "mae": 29.074386626762784
        },
        "Benchmark": {
            "r_2": 0.9016061302740087,
            "mse": 195904.51009421266,
            "rmse": 442.61101442938883,
            "mae": 299.43337819650066
        }
    },
    "features": [
        "weather_description_few clouds",
        "weather_description_fog",
        "weather_description_light intensity drizzle",
        "weather_description_light intensity drizzle rain",
        "weather_description_light intensity shower rain",
        "weather_description_light rain",
        "weather_description_mist",
        "weather_description_overcast clouds",
        "weather_description_proximity shower rain",
        "weather_description_scattered clouds",
        "weather_description_sky is clear",
        "weekday_1",
        "weekday_2",
        "weekday_3",
        "weekday_4",
        "month_2",
        "month_3",
        "month_4",
        "month_5",
        "month_6",
        "month_7",
        "month_8",
        "month_9",
        "month_10",
        "hour_9",
        "progr_number",
        "arr_p",
        "arr_a",
        "dep_p",
        "dep_a",
        "dur_s"
    ]
}