{
    "rows": {
        "start": 19082,
        "route_filter": 0,
        "nan_filter": -376,
        "negative_dur": 0,
        "outliers": -217,
        "end": 18489
    },
    "scr": 0.1076923076923077,
    "stats": {
        "1": {
            "dur_mean": 0.0,
            "dur_std": 0.0
        },
        "2": {
            "dur_mean": 134.1104513064133,
            "dur_std": 71.344241993801
        },
        "3": {
            "dur_mean": 198.58333333333334,
            "dur_std": 77.36386918878961
        },
        "4": {
            "dur_mean": 245.8501783590963,
            "dur_std": 84.51896886606247
        },
        "5": {
            "dur_mean": 270.4209274673008,
            "dur_std": 86.61271895818336
        },
        "6": {
            "dur_mean": 302.6330166270784,
            "dur_std": 93.5749211942041
        },
        "7": {
            "dur_mean": 414.65833333333336,
            "dur_std": 104.63589712628038
        },
        "8": {
            "dur_mean": 480.4284009546539,
            "dur_std": 107.03620577981398
        },
        "9": {
            "dur_mean": 513.2374701670644,
            "dur_std": 108.47460732454192
        },
        "10": {
            "dur_mean": 535.700477326969,
            "dur_std": 109.89326754022717
        },
        "11": {
            "dur_mean": 564.13723150358,
            "dur_std": 111.02540001494792
        },
        "12": {
            "dur_mean": 631.8902147971361,
            "dur_std": 138.5371254399444
        },
        "13": {
            "dur_mean": 725.4982035928143,
            "dur_std": 148.43208827239258
        },
        "14": {
            "dur_mean": 762.968862275449,
            "dur_std": 148.59617750577414
        },
        "15": {
            "dur_mean": 793.0131736526946,
            "dur_std": 154.64748672379966
        },
        "16": {
            "dur_mean": 823.9400479616307,
            "dur_std": 163.92188065069325
        },
        "17": {
            "dur_mean": 944.9857142857143,
            "dur_std": 190.66899825557124
        },
        "18": {
            "dur_mean": 1294.590053763441,
            "dur_std": 708.880052351834
        },
        "19": {
            "dur_mean": 1336.4649006622517,
            "dur_std": 723.4325357027786
        },
        "20": {
            "dur_mean": 1390.2815013404825,
            "dur_std": 725.8982298598861
        },
        "21": {
            "dur_mean": 1548.2310924369747,
            "dur_std": 775.2313040972878
        },
        "22": {
            "dur_mean": 1587.9946043165467,
            "dur_std": 709.7809571818909
        },
        "23": {
            "dur_mean": 1871.1653992395438,
            "dur_std": 821.3060964217632
        },
        "24": {
            "dur_mean": 1390.6979166666667,
            "dur_std": 260.1022924195976
        },
        "25": {
            "dur_mean": 1452.8333333333333,
            "dur_std": 262.0049684810804
        },
        "26": {
            "dur_mean": 1494.25,
            "dur_std": 263.1115032793031
        },
        "27": {
            "dur_mean": 1556.7916666666667,
            "dur_std": 287.1583797971414
        },
        "28": {
            "dur_mean": 1655.2637362637363,
            "dur_std": 314.2377314909079
        }
    },
    "modelling": {
        "XGBoost": {
            "time": 2.054001569747925,
            "r_2": 0.8024473674538224,
            "mse": 69580.59499439929,
            "rmse": 263.7813393597039,
            "mae": 125.21318578366822
        },
        "Benchmark": {
            "r_2": 0.5144454237248532,
            "mse": 171018.60847934242,
            "rmse": 413.54396196697445,
            "mae": 191.96733722690894
        }
    },
    "features": [
        "weather_description_few clouds",
        "weather_description_fog",
        "weather_description_light intensity drizzle",
        "weather_description_light intensity drizzle rain",
        "weather_description_light intensity shower rain",
        "weather_description_light rain",
        "weather_description_light shower snow",
        "weather_description_mist",
        "weather_description_moderate rain",
        "weather_description_overcast clouds",
        "weather_description_proximity shower rain",
        "weather_description_scattered clouds",
        "weather_description_sky is clear",
        "weekday_1",
        "weekday_2",
        "weekday_3",
        "weekday_4",
        "month_2",
        "month_3",
        "month_4",
        "month_5",
        "month_6",
        "month_7",
        "month_8",
        "month_9",
        "month_10",
        "month_11",
        "month_12",
        "hour_11",
        "hour_15",
        "hour_16",
        "hour_17",
        "holiday_1",
        "progr_number",
        "dur_s"
    ]
}