{
    "rows": {
        "start": 19973,
        "route_filter": -4279,
        "nan_filter": -11454,
        "negative_dur": 0,
        "outliers": -4,
        "end": 4236
    },
    "scr": 0.4945652173913043,
    "stats": {
        "1": {
            "dur_mean": 0.0,
            "dur_std": 0.0
        },
        "2": {
            "dur_mean": 161.83505154639175,
            "dur_std": 165.22526796848518
        },
        "3": {
            "dur_mean": 183.86315789473684,
            "dur_std": 161.67485169553325
        },
        "4": {
            "dur_mean": 221.90625,
            "dur_std": 167.99242327056237
        },
        "5": {
            "dur_mean": 252.46875,
            "dur_std": 168.84336890646375
        },
        "6": {
            "dur_mean": 307.0,
            "dur_std": 170.36678697816413
        },
        "7": {
            "dur_mean": 368.8125,
            "dur_std": 169.9845387705971
        },
        "8": {
            "dur_mean": 435.9381443298969,
            "dur_std": 205.20831968356924
        },
        "9": {
            "dur_mean": 479.57142857142856,
            "dur_std": 378.4368282681942
        },
        "10": {
            "dur_mean": 473.88775510204084,
            "dur_std": 185.01411941957082
        },
        "11": {
            "dur_mean": 614.7272727272727,
            "dur_std": 214.53941259062628
        },
        "12": {
            "dur_mean": 655.8021978021978,
            "dur_std": 208.60074676441488
        },
        "13": {
            "dur_mean": 691.1188118811881,
            "dur_std": 232.44080051181692
        },
        "14": {
            "dur_mean": 440.2896174863388,
            "dur_std": 380.098986892449
        },
        "15": {
            "dur_mean": 537.7624309392265,
            "dur_std": 371.6313345278444
        },
        "16": {
            "dur_mean": 578.639344262295,
            "dur_std": 371.33574006566766
        },
        "17": {
            "dur_mean": 597.5792349726776,
            "dur_std": 371.7259610464342
        },
        "18": {
            "dur_mean": 624.2065217391304,
            "dur_std": 369.0805453000512
        },
        "19": {
            "dur_mean": 648.7608695652174,
            "dur_std": 368.8756323229336
        },
        "20": {
            "dur_mean": 695.0815217391304,
            "dur_std": 369.39073879572857
        },
        "21": {
            "dur_mean": 777.4914285714286,
            "dur_std": 371.74730121493974
        },
        "22": {
            "dur_mean": 798.6931818181819,
            "dur_std": 373.5050157002535
        },
        "23": {
            "dur_mean": 830.7329545454545,
            "dur_std": 375.25315225754053
        },
        "24": {
            "dur_mean": 1027.1510791366907,
            "dur_std": 351.73169768251506
        },
        "25": {
            "dur_mean": 1121.514705882353,
            "dur_std": 358.1417882946303
        },
        "26": {
            "dur_mean": 1162.4264705882354,
            "dur_std": 360.35050082144437
        },
        "27": {
            "dur_mean": 1183.9407407407407,
            "dur_std": 362.1831762776284
        },
        "28": {
            "dur_mean": 1209.6917293233082,
            "dur_std": 357.9852752272956
        },
        "29": {
            "dur_mean": 1303.5833333333333,
            "dur_std": 365.4701049096865
        },
        "30": {
            "dur_mean": 1332.7112676056338,
            "dur_std": 387.3613516493008
        },
        "31": {
            "dur_mean": 1334.7374301675977,
            "dur_std": 422.1015817033916
        }
    },
    "modelling": {
        "XGBoost": {
            "time": 0.7906589508056641,
            "r_2": 0.9457592185633057,
            "mse": 13065.254246514738,
            "rmse": 114.30334311171629,
            "mae": 70.78598836123437
        },
        "Benchmark": {
            "r_2": 0.28651405706156774,
            "mse": 171861.0056657224,
            "rmse": 414.5612206486786,
            "mae": 312.60339943342774
        }
    },
    "features": [
        "weather_description_few clouds",
        "weather_description_fog",
        "weather_description_light intensity drizzle",
        "weather_description_light intensity drizzle rain",
        "weather_description_light intensity shower rain",
        "weather_description_light rain",
        "weather_description_light shower snow",
        "weather_description_mist",
        "weather_description_moderate rain",
        "weather_description_overcast clouds",
        "weather_description_proximity shower rain",
        "weather_description_scattered clouds",
        "weekday_1",
        "weekday_2",
        "weekday_3",
        "weekday_4",
        "month_2",
        "month_3",
        "month_4",
        "month_5",
        "month_6",
        "month_7",
        "month_8",
        "month_9",
        "month_10",
        "month_11",
        "month_12",
        "hour_11",
        "hour_16",
        "hour_17",
        "holiday_1",
        "progr_number",
        "dur_s"
    ]
}