{
    "rows": {
        "start": 1714424,
        "route_filter": -180866,
        "nan_filter": -60877,
        "negative_dur": -56,
        "outliers": -6577,
        "end": 1466048
    },
    "scr": 0.0001007302946361118,
    "stats": {
        "1": {
            "dur_mean": 0.0,
            "dur_std": 0.0
        },
        "2": {
            "dur_mean": 111.84898789761165,
            "dur_std": 67.29372210980587
        },
        "3": {
            "dur_mean": 195.85179102945705,
            "dur_std": 88.03740135642775
        },
        "4": {
            "dur_mean": 333.41362981264155,
            "dur_std": 89.76311947735397
        },
        "5": {
            "dur_mean": 342.59395903010034,
            "dur_std": 113.51769465977945
        },
        "6": {
            "dur_mean": 357.71698693312834,
            "dur_std": 113.4381762812022
        },
        "7": {
            "dur_mean": 378.97648021270066,
            "dur_std": 117.16712095246727
        },
        "8": {
            "dur_mean": 439.01753668387954,
            "dur_std": 121.52819806062908
        },
        "9": {
            "dur_mean": 452.0325120130866,
            "dur_std": 124.64541258096448
        },
        "10": {
            "dur_mean": 504.47395859953997,
            "dur_std": 130.11449630984467
        },
        "11": {
            "dur_mean": 593.1124284546198,
            "dur_std": 140.953206932512
        },
        "12": {
            "dur_mean": 640.9409660107334,
            "dur_std": 146.7934708494171
        },
        "13": {
            "dur_mean": 750.4952736191303,
            "dur_std": 160.3600857231722
        },
        "14": {
            "dur_mean": 847.497394502912,
            "dur_std": 175.51430281714826
        },
        "15": {
            "dur_mean": 928.3954427016808,
            "dur_std": 189.2685198803358
        },
        "16": {
            "dur_mean": 1049.9254626544318,
            "dur_std": 203.4270262019589
        },
        "17": {
            "dur_mean": 1130.555840295218,
            "dur_std": 219.95462242421985
        },
        "18": {
            "dur_mean": 1196.4487159772414,
            "dur_std": 229.7781308940674
        },
        "19": {
            "dur_mean": 1231.8024419022213,
            "dur_std": 236.39150791331784
        },
        "20": {
            "dur_mean": 1258.3894445299277,
            "dur_std": 243.76933295042807
        },
        "21": {
            "dur_mean": 1411.7882533983072,
            "dur_std": 293.3014018328668
        },
        "22": {
            "dur_mean": 1482.956470768133,
            "dur_std": 305.57623400014035
        },
        "23": {
            "dur_mean": 1514.4630801153905,
            "dur_std": 313.2703935072227
        },
        "24": {
            "dur_mean": 1558.9019251174777,
            "dur_std": 319.982871781104
        },
        "25": {
            "dur_mean": 1630.980815831987,
            "dur_std": 329.88342348597473
        },
        "26": {
            "dur_mean": 1677.8679549926837,
            "dur_std": 336.4039845234006
        },
        "27": {
            "dur_mean": 1728.1740051445,
            "dur_std": 344.11107075558675
        },
        "28": {
            "dur_mean": 1778.6904845948263,
            "dur_std": 351.70425389593106
        },
        "29": {
            "dur_mean": 1863.6427563262425,
            "dur_std": 363.29306273804303
        },
        "30": {
            "dur_mean": 1931.7558825011338,
            "dur_std": 371.086497823365
        },
        "31": {
            "dur_mean": 1986.445127171997,
            "dur_std": 378.1134333879368
        },
        "32": {
            "dur_mean": 2092.5366910098214,
            "dur_std": 392.97883814758086
        },
        "33": {
            "dur_mean": 2184.395137239044,
            "dur_std": 403.4519099550212
        },
        "34": {
            "dur_mean": 2251.409598214286,
            "dur_std": 410.30468891499737
        },
        "35": {
            "dur_mean": 2452.677383423624,
            "dur_std": 456.39167657278824
        },
        "36": {
            "dur_mean": 2642.1495899512092,
            "dur_std": 475.5519436642569
        },
        "37": {
            "dur_mean": 2899.4076571902883,
            "dur_std": 520.0495993819917
        },
        "38": {
            "dur_mean": 3105.243275583997,
            "dur_std": 555.441096496825
        },
        "39": {
            "dur_mean": 3247.673973174678,
            "dur_std": 563.6172399127361
        },
        "40": {
            "dur_mean": 3346.481879895561,
            "dur_std": 575.3858126707274
        },
        "41": {
            "dur_mean": 3409.464080609794,
            "dur_std": 584.7080244062107
        },
        "42": {
            "dur_mean": 3552.834090790367,
            "dur_std": 603.0993703709728
        },
        "43": {
            "dur_mean": 3721.6824612620703,
            "dur_std": 602.6072468956322
        },
        "44": {
            "dur_mean": 3762.198344056534,
            "dur_std": 624.3522467503008
        },
        "45": {
            "dur_mean": 3808.4115382614577,
            "dur_std": 636.3152969057969
        },
        "46": {
            "dur_mean": 3897.5960378535774,
            "dur_std": 650.6731973309049
        },
        "47": {
            "dur_mean": 3992.4889119709164,
            "dur_std": 666.7834355012664
        },
        "48": {
            "dur_mean": 4057.6549683314297,
            "dur_std": 675.1047436328881
        },
        "49": {
            "dur_mean": 4111.03675058396,
            "dur_std": 680.9429230339754
        },
        "50": {
            "dur_mean": 4163.078021179402,
            "dur_std": 689.337107523198
        },
        "51": {
            "dur_mean": 4237.347119031538,
            "dur_std": 698.0861367204583
        },
        "52": {
            "dur_mean": 4296.348625759859,
            "dur_std": 705.9841836788993
        },
        "53": {
            "dur_mean": 4357.867362842892,
            "dur_std": 718.2255089924132
        },
        "54": {
            "dur_mean": 4416.26825974026,
            "dur_std": 730.8353784489204
        },
        "55": {
            "dur_mean": 4489.658060158969,
            "dur_std": 743.3001795840348
        },
        "56": {
            "dur_mean": 4552.662076491374,
            "dur_std": 756.2969659023739
        },
        "57": {
            "dur_mean": 4624.86146331324,
            "dur_std": 774.4805197617128
        },
        "58": {
            "dur_mean": 4672.456123032161,
            "dur_std": 783.0530910089471
        },
        "59": {
            "dur_mean": 4717.123876331515,
            "dur_std": 790.1276771117135
        },
        "60": {
            "dur_mean": 4750.279316257079,
            "dur_std": 795.4784599046596
        },
        "61": {
            "dur_mean": 4805.260749753029,
            "dur_std": 801.5668877437795
        },
        "62": {
            "dur_mean": 4891.302573433844,
            "dur_std": 818.9863243745065
        },
        "63": {
            "dur_mean": 4948.630789268039,
            "dur_std": 828.3478359696506
        },
        "64": {
            "dur_mean": 4987.50291757841,
            "dur_std": 832.1599845562502
        },
        "65": {
            "dur_mean": 5021.146779908295,
            "dur_std": 836.1459769124917
        },
        "66": {
            "dur_mean": 5052.162063574779,
            "dur_std": 839.4345888720914
        },
        "67": {
            "dur_mean": 5089.410946051603,
            "dur_std": 842.4649371049921
        },
        "68": {
            "dur_mean": 5124.281232084224,
            "dur_std": 845.6206507174586
        },
        "69": {
            "dur_mean": 5168.862989416611,
            "dur_std": 849.9775888579662
        },
        "70": {
            "dur_mean": 5202.0564945226915,