{
    "rows": {
        "start": 1656538,
        "route_filter": 0,
        "nan_filter": -533184,
        "negative_dur": -21,
        "outliers": -12956,
        "end": 1110377
    },
    "scr": 0.000253613999492772,
    "stats": {
        "1": {
            "dur_mean": 0.0,
            "dur_std": 0.0
        },
        "4": {
            "dur_mean": 70.79163999487902,
            "dur_std": 125.77982414866634
        },
        "5": {
            "dur_mean": 118.906373486297,
            "dur_std": 129.2765815518924
        },
        "6": {
            "dur_mean": 231.55049668874173,
            "dur_std": 135.7884764829
        },
        "7": {
            "dur_mean": 264.2829541121139,
            "dur_std": 138.6631811400214
        },
        "8": {
            "dur_mean": 311.9428807421056,
            "dur_std": 142.34130460867294
        },
        "9": {
            "dur_mean": 348.43405093033596,
            "dur_std": 145.6180135999294
        },
        "10": {
            "dur_mean": 406.9933295216314,
            "dur_std": 152.728785265802
        },
        "11": {
            "dur_mean": 432.00292267615475,
            "dur_std": 154.71116527391143
        },
        "12": {
            "dur_mean": 473.6277622555245,
            "dur_std": 159.70064194192713
        },
        "13": {
            "dur_mean": 513.6904262753319,
            "dur_std": 165.13384822680393
        },
        "14": {
            "dur_mean": 558.6357342479674,
            "dur_std": 174.0659482059521
        },
        "15": {
            "dur_mean": 586.186356707317,
            "dur_std": 178.32519792087274
        },
        "16": {
            "dur_mean": 683.8346356648243,
            "dur_std": 190.43601054985524
        },
        "17": {
            "dur_mean": 721.4173758414836,
            "dur_std": 194.64261915263643
        },
        "18": {
            "dur_mean": 806.0599441198882,
            "dur_std": 206.49478469928664
        },
        "19": {
            "dur_mean": 861.8089523809524,
            "dur_std": 215.00441324897332
        },
        "20": {
            "dur_mean": 896.7510476190477,
            "dur_std": 222.8224537292929
        },
        "21": {
            "dur_mean": 957.898355659958,
            "dur_std": 236.20602686656756
        },
        "22": {
            "dur_mean": 992.3138014220416,
            "dur_std": 252.15269257842982
        },
        "23": {
            "dur_mean": 1033.044502285424,
            "dur_std": 265.57264142131385
        },
        "24": {
            "dur_mean": 1067.141052497937,
            "dur_std": 271.04174800824785
        },
        "25": {
            "dur_mean": 1166.7958743256108,
            "dur_std": 282.77704607017006
        },
        "26": {
            "dur_mean": 1198.907267534116,
            "dur_std": 287.2609547657151
        },
        "27": {
            "dur_mean": 1249.9918766262613,
            "dur_std": 293.77519272202113
        },
        "28": {
            "dur_mean": 1286.6093690491305,
            "dur_std": 298.743847637799
        },
        "29": {
            "dur_mean": 1371.776134560457,
            "dur_std": 311.2730068898404
        },
        "30": {
            "dur_mean": 1413.5755902513329,
            "dur_std": 318.45783454265
        },
        "31": {
            "dur_mean": 1453.8118692478579,
            "dur_std": 324.51302334725887
        },
        "32": {
            "dur_mean": 1544.9061131213102,
            "dur_std": 336.28485611583943
        },
        "33": {
            "dur_mean": 1610.8339893346877,
            "dur_std": 358.8208608605322
        },
        "34": {
            "dur_mean": 1700.5528037086428,
            "dur_std": 375.6316225939
        },
        "35": {
            "dur_mean": 1811.3358734997141,
            "dur_std": 391.4539505319703
        },
        "36": {
            "dur_mean": 1856.8376111817026,
            "dur_std": 415.17141851257225
        },
        "37": {
            "dur_mean": 1922.0970139771284,
            "dur_std": 440.29469254333037
        },
        "38": {
            "dur_mean": 2051.6899579992364,
            "dur_std": 482.06314516792366
        },
        "39": {
            "dur_mean": 2110.228602383532,
            "dur_std": 488.41173290729546
        },
        "40": {
            "dur_mean": 2241.9636294027564,
            "dur_std": 508.1811389839892
        },
        "41": {
            "dur_mean": 2279.1222994073037,
            "dur_std": 513.9772790302129
        },
        "42": {
            "dur_mean": 2393.1206039755352,
            "dur_std": 522.9731303867436
        },
        "43": {
            "dur_mean": 2579.712344497608,
            "dur_std": 541.7092336618058
        },
        "44": {
            "dur_mean": 2750.6018666496198,
            "dur_std": 563.8773175351431
        },
        "45": {
            "dur_mean": 3071.5966066705373,
            "dur_std": 591.6745442894239
        },
        "46": {
            "dur_mean": 3261.9625064963993,
            "dur_std": 645.0528057612853
        },
        "47": {
            "dur_mean": 3315.4258916957624,
            "dur_std": 629.0361254976872
        },
        "48": {
            "dur_mean": 3465.576168224299,
            "dur_std": 639.3859663137415
        },
        "49": {
            "dur_mean": 3533.1774903320443,
            "dur_std": 643.3462648149434
        },
        "50": {
            "dur_mean": 3618.8693310280623,
            "dur_std": 651.137883714449
        },
        "51": {
            "dur_mean": 3727.834031796714,
            "dur_std": 664.2592163255838
        },
        "52": {
            "dur_mean": 3789.6736175882743,
            "dur_std": 670.1183432154522
        },
        "53": {
            "dur_mean": 3836.3907364211927,
            "dur_std": 676.6585850461316
        },
        "54": {
            "dur_mean": 3916.766406302156,
            "dur_std": 686.8579791627728
        },
        "55": {
            "dur_mean": 3965.5735962566846,
            "dur_std": 692.5511916697052
        },
        "56": {
            "dur_mean": 4021.7649615513205,
            "dur_std": 698.2279429534273
        },
        "57": {
            "dur_mean": 4107.1292717180495,
            "dur_std": 707.8115753964704
        },
        "58": {
            "dur_mean": 4170.800294275014,
            "dur_std": 714.9991309918888
        },
        "59": {
            "dur_mean": 4226.654748379336,
            "dur_std": 722.9214201122691
        },
        "60": {
            "dur_mean": 4341.380391894603,
            "dur_std": 732.2508008246767
        },
        "61": {
            "dur_mean": 4425.998661043048,
            "dur_std": 738.5451389045897
        },
        "62": {
            "dur_mean": 4460.826392608463,
            "dur_std": 741.4373328674089
        },
        "63": {
            "dur_mean": 4569.019548771507,
            "dur_std": 755.1075715307089
        },
        "64": {
            "dur_mean": 4640.2971814956145,
            "dur_std": 763.1867936075811
        },
        "65": {
            "dur_mean": 4750.348611575778,
            "dur_std": 780.0067200050635
        },
        "66": {
            "dur_mean": 4808.28430913349,
            "dur_std": 785.5506458842079
        },
        "67": {
            "dur_mean": 4853.225998528133,
            "dur_std": 791.0219366789422
        },
        "68": {
            "dur_mean": 4947.371200963985,
            "dur_std": 802.3764233804836
        },
        "69": {
            "dur_mean": 5044.827216715778,
            "dur_std": 812.7743788362887
        },
        "70": {
            "dur_mean": 5112.831659973226,
            "dur_std": 819.107706027452
        },
        "71": {
            "dur_mean": 5180.537055633661,
            "dur_std": 824.8540900876756
        },
        "72": {
            "dur_mean": 5229.255038500168,