{
    "rows": {
        "start": 27325,
        "route_filter": 0,
        "nan_filter": -14600,
        "negative_dur": 0,
        "outliers": -128,
        "end": 12597
    },
    "scr": 0.003367003367003367,
    "stats": {
        "1": {
            "dur_mean": 0.0,
            "dur_std": 0.0
        },
        "4": {
            "dur_mean": 51.652027027027025,
            "dur_std": 102.0914704314728
        },
        "5": {
            "dur_mean": 87.1919191919192,
            "dur_std": 103.88152783999581
        },
        "6": {
            "dur_mean": 168.55067567567568,
            "dur_std": 107.35856663559917
        },
        "7": {
            "dur_mean": 187.15540540540542,
            "dur_std": 108.09184499180961
        },
        "8": {
            "dur_mean": 216.68813559322035,
            "dur_std": 109.58228214194727
        },
        "9": {
            "dur_mean": 242.46621621621622,
            "dur_std": 110.84870835026715
        },
        "10": {
            "dur_mean": 275.6292517006803,
            "dur_std": 113.85216731132492
        },
        "11": {
            "dur_mean": 294.53401360544217,
            "dur_std": 114.52732895703953
        },
        "12": {
            "dur_mean": 318.5810810810811,
            "dur_std": 117.39757243547481
        },
        "13": {
            "dur_mean": 341.22222222222223,
            "dur_std": 119.11131140451988
        },
        "14": {
            "dur_mean": 366.45117845117846,
            "dur_std": 121.11368824383757
        },
        "15": {
            "dur_mean": 383.87205387205387,
            "dur_std": 122.22571524182408
        },
        "16": {
            "dur_mean": 439.61279461279463,
            "dur_std": 126.42488517891401
        },
        "17": {
            "dur_mean": 460.17845117845116,
            "dur_std": 128.4017336711433
        },
        "18": {
            "dur_mean": 511.35690235690237,
            "dur_std": 133.8671205866324
        },
        "19": {
            "dur_mean": 540.6700336700337,
            "dur_std": 137.5967677095668
        },
        "20": {
            "dur_mean": 562.0909090909091,
            "dur_std": 139.30612975995635
        },
        "21": {
            "dur_mean": 587.1750841750842,
            "dur_std": 141.9081461533197
        },
        "22": {
            "dur_mean": 624.7542087542088,
            "dur_std": 145.40573543047708
        },
        "23": {
            "dur_mean": 640.4848484848485,
            "dur_std": 146.8546369647019
        },
        "24": {
            "dur_mean": 702.7205387205387,
            "dur_std": 154.15602622450547
        },
        "25": {
            "dur_mean": 720.6734006734007,
            "dur_std": 157.06500762794562
        },
        "26": {
            "dur_mean": 751.7508417508418,
            "dur_std": 159.10925578986684
        },
        "27": {
            "dur_mean": 770.3299663299663,
            "dur_std": 161.4070277039652
        },
        "28": {
            "dur_mean": 818.5959595959596,
            "dur_std": 164.08474156987424
        },
        "29": {
            "dur_mean": 843.8484848484849,
            "dur_std": 165.37367782374955
        },
        "30": {
            "dur_mean": 865.6329966329967,
            "dur_std": 169.89011747494914
        },
        "31": {
            "dur_mean": 924.6599326599327,
            "dur_std": 177.0544145743498
        },
        "32": {
            "dur_mean": 946.7979797979798,
            "dur_std": 181.92695927052296
        },
        "33": {
            "dur_mean": 993.2996632996633,
            "dur_std": 187.82643952601933
        },
        "34": {
            "dur_mean": 1050.2558922558921,
            "dur_std": 197.0890228972252
        },
        "35": {
            "dur_mean": 1071.3939393939395,
            "dur_std": 198.90077069927756
        },
        "36": {
            "dur_mean": 1102.5353535353536,
            "dur_std": 203.49956735782982
        },
        "37": {
            "dur_mean": 1174.5117845117845,
            "dur_std": 215.99840628129994
        },
        "38": {
            "dur_mean": 1223.4309764309764,
            "dur_std": 234.32319759065882
        },
        "39": {
            "dur_mean": 1341.5544217687075,
            "dur_std": 277.0706137693258
        },
        "40": {
            "dur_mean": 1358.7744107744109,
            "dur_std": 288.1901814676043
        },
        "41": {
            "dur_mean": 1466.6228956228956,
            "dur_std": 335.0317742308776
        },
        "42": {
            "dur_mean": 1617.121212121212,
            "dur_std": 374.3164654928585
        },
        "43": {
            "dur_mean": 1700.8114478114478,
            "dur_std": 402.72250623806343
        },
        "44": {
            "dur_mean": 1890.5177304964539,
            "dur_std": 418.3855107763308
        },
        "45": {
            "dur_mean": 1966.544483985765,
            "dur_std": 424.6930727594013
        },
        "2": {
            "dur_mean": 807.0,
            "dur_std": NaN
        }
    },
    "modelling": {
        "XGBoost": {
            "time": 1.8299689292907715,
            "r_2": 0.9946500712369111,
            "mse": 1417.2427575803679,
            "rmse": 37.64628477792155,
            "mae": 23.31892654990393
        },
        "Benchmark": {
            "r_2": 0.8856937642911082,
            "mse": 30280.718095238095,
            "rmse": 174.01355721678152,
            "mae": 110.96634920634921
        }
    },
    "features": [
        "weather_description_few clouds",
        "weather_description_fog",
        "weather_description_light intensity drizzle",
        "weather_description_light intensity drizzle rain",
        "weather_description_light intensity shower rain",
        "weather_description_light rain",
        "weather_description_light shower snow",
        "weather_description_mist",
        "weather_description_moderate rain",
        "weather_description_overcast clouds",
        "weather_description_scattered clouds",
        "weather_description_sky is clear",
        "weekday_1",
        "weekday_2",
        "weekday_3",
        "weekday_4",
        "weekday_5",
        "weekday_6",
        "month_2",
        "month_3",
        "month_4",
        "month_5",
        "month_6",
        "month_7",
        "month_8",
        "month_9",
        "month_10",
        "month_11",
        "month_12",
        "hour_22",
        "hour_23",
        "holiday_1",
        "progr_number",
        "arr_p",
        "arr_a",
        "dep_p",
        "dep_a",
        "dur_s"
    ]
}