{
    "rows": {
        "start": 34320,
        "route_filter": -13952,
        "nan_filter": -35,
        "negative_dur": 0,
        "outliers": -153,
        "end": 20180
    },
    "scr": 0.8611599297012302,
    "stats": {
        "1": {
            "dur_mean": 0.0,
            "dur_std": 0.0
        },
        "2": {
            "dur_mean": 92.87253141831239,
            "dur_std": 27.43907409672257
        },
        "3": {
            "dur_mean": 170.44366197183098,
            "dur_std": 37.78571805403572
        },
        "4": {
            "dur_mean": 278.60141093474425,
            "dur_std": 51.19394148382069
        },
        "5": {
            "dur_mean": 286.0785714285714,
            "dur_std": 51.50734256247544
        },
        "6": {
            "dur_mean": 301.18374558303884,
            "dur_std": 53.65951144908633
        },
        "7": {
            "dur_mean": 315.8116197183099,
            "dur_std": 54.14750321670357
        },
        "8": {
            "dur_mean": 363.5968309859155,
            "dur_std": 56.103436129128426
        },
        "9": {
            "dur_mean": 374.16021126760563,
            "dur_std": 57.05368029521545
        },
        "10": {
            "dur_mean": 411.53521126760563,
            "dur_std": 61.18009520248614
        },
        "11": {
            "dur_mean": 468.99471830985914,
            "dur_std": 67.96934914763914
        },
        "12": {
            "dur_mean": 502.09859154929575,
            "dur_std": 72.42326692692778
        },
        "13": {
            "dur_mean": 574.9982394366198,
            "dur_std": 79.16309374548871
        },
        "14": {
            "dur_mean": 633.2992957746479,
            "dur_std": 83.61306615568338
        },
        "15": {
            "dur_mean": 676.4683098591549,
            "dur_std": 87.77130204742086
        },
        "16": {
            "dur_mean": 758.762323943662,
            "dur_std": 92.01944539659914
        },
        "17": {
            "dur_mean": 805.1725352112676,
            "dur_std": 95.14797805313661
        },
        "18": {
            "dur_mean": 839.1058201058202,
            "dur_std": 98.49705965722794
        },
        "19": {
            "dur_mean": 863.7791519434629,
            "dur_std": 100.6437280180341
        },
        "20": {
            "dur_mean": 877.9505300353356,
            "dur_std": 102.74221211440337
        },
        "21": {
            "dur_mean": 952.5177304964539,
            "dur_std": 107.92831005514196
        },
        "22": {
            "dur_mean": 992.8096085409253,
            "dur_std": 114.48359313998758
        },
        "23": {
            "dur_mean": 1012.762831858407,
            "dur_std": 123.32895971353643
        },
        "24": {
            "dur_mean": 1036.7362831858406,
            "dur_std": 125.02066287512346
        },
        "25": {
            "dur_mean": 1075.8165784832452,
            "dur_std": 128.40748497718712
        },
        "26": {
            "dur_mean": 1104.1901408450703,
            "dur_std": 130.91606062313616
        },
        "27": {
            "dur_mean": 1128.630281690141,
            "dur_std": 133.27071518471882
        },
        "28": {
            "dur_mean": 1155.005281690141,
            "dur_std": 137.89090967243234
        },
        "29": {
            "dur_mean": 1201.7398945518453,
            "dur_std": 142.58489875441146
        },
        "30": {
            "dur_mean": 1247.7521968365554,
            "dur_std": 146.17797407681027
        },
        "31": {
            "dur_mean": 1280.7223198594024,
            "dur_std": 151.64639957634313
        },
        "32": {
            "dur_mean": 1340.4586994727592,
            "dur_std": 158.59339497150359
        },
        "33": {
            "dur_mean": 1401.298769771529,
            "dur_std": 166.47479617818544
        },
        "34": {
            "dur_mean": 1440.4850615114235,
            "dur_std": 171.71051283072197
        },
        "35": {
            "dur_mean": 1524.7799295774648,
            "dur_std": 183.90013148962078
        },
        "36": {
            "dur_mean": 1619.1836734693877,
            "dur_std": 184.10588371916813
        }
    },
    "modelling": {
        "XGBoost": {
            "time": 4.393692970275879,
            "r_2": 0.9937092635961646,
            "mse": 1247.693462147851,
            "rmse": 35.32270462673903,
            "mae": 25.32856564341026
        },
        "Benchmark": {
            "r_2": 0.9042970047619152,
            "mse": 18981.56174430129,
            "rmse": 137.77358870371813,
            "mae": 101.81783944499504
        }
    },
    "features": [
        "weather_description_few clouds",
        "weather_description_fog",
        "weather_description_light intensity drizzle",
        "weather_description_light intensity drizzle rain",
        "weather_description_light intensity shower rain",
        "weather_description_light rain",
        "weather_description_light shower snow",
        "weather_description_light snow",
        "weather_description_mist",
        "weather_description_moderate rain",
        "weather_description_overcast clouds",
        "weather_description_scattered clouds",
        "weather_description_sky is clear",
        "weekday_1",
        "weekday_2",
        "weekday_3",
        "weekday_4",
        "weekday_5",
        "weekday_6",
        "month_2",
        "month_3",
        "month_4",
        "month_5",
        "month_6",
        "month_7",
        "month_8",
        "month_9",
        "month_10",
        "month_11",
        "month_12",
        "hour_22",
        "hour_23",
        "holiday_1",
        "progr_number",
        "arr_p",
        "arr_a",
        "dep_p",
        "dep_a",
        "dur_s"
    ]
}