{
    "rows": {
        "start": 588298,
        "route_filter": -64235,
        "nan_filter": -35622,
        "negative_dur": -32,
        "outliers": -3845,
        "end": 484564
    },
    "scr": 0.5551821481381907,
    "stats": {
        "1": {
            "dur_mean": 0.0,
            "dur_std": 0.0
        },
        "2": {
            "dur_mean": 139.86976492839773,
            "dur_std": 61.29781204114039
        },
        "3": {
            "dur_mean": 266.3169546436285,
            "dur_std": 90.46109162627576
        },
        "4": {
            "dur_mean": 346.4336665766009,
            "dur_std": 115.94052280270722
        },
        "5": {
            "dur_mean": 394.4699851612033,
            "dur_std": 134.53629190147677
        },
        "6": {
            "dur_mean": 425.5712552244843,
            "dur_std": 137.87566539785604
        },
        "7": {
            "dur_mean": 455.18295806930024,
            "dur_std": 140.7721218184562
        },
        "8": {
            "dur_mean": 476.1565745111261,
            "dur_std": 144.97440088113245
        },
        "9": {
            "dur_mean": 600.3036677454153,
            "dur_std": 174.43343684467536
        },
        "10": {
            "dur_mean": 637.4232533045589,
            "dur_std": 179.85814509821938
        },
        "11": {
            "dur_mean": 713.5564994606257,
            "dur_std": 193.23671867408672
        },
        "12": {
            "dur_mean": 769.3921317994603,
            "dur_std": 200.82933672453947
        },
        "13": {
            "dur_mean": 969.0543291284404,
            "dur_std": 232.78486950586347
        },
        "14": {
            "dur_mean": 982.3704979193571,
            "dur_std": 234.13827869382908
        },
        "15": {
            "dur_mean": 1245.9019494584838,
            "dur_std": 304.8164728073225
        },
        "16": {
            "dur_mean": 1274.4431146156012,
            "dur_std": 313.0955062232986
        },
        "17": {
            "dur_mean": 1309.2037113402062,
            "dur_std": 338.5603746991681
        },
        "18": {
            "dur_mean": 1352.5583951635065,
            "dur_std": 350.3877838970834
        },
        "19": {
            "dur_mean": 1395.3522633744856,
            "dur_std": 365.79709437427533
        },
        "20": {
            "dur_mean": 1438.4071232876713,
            "dur_std": 383.6572326678127
        },
        "21": {
            "dur_mean": 1494.255435525776,
            "dur_std": 406.7743342172711
        },
        "22": {
            "dur_mean": 1553.412424740011,
            "dur_std": 422.92096187839337
        },
        "23": {
            "dur_mean": 1606.9252975783281,
            "dur_std": 436.3213298108438
        },
        "24": {
            "dur_mean": 1657.8630080744492,
            "dur_std": 446.3419778820873
        },
        "25": {
            "dur_mean": 1713.8737850787131,
            "dur_std": 461.79005094754996
        },
        "26": {
            "dur_mean": 1758.5902245345017,
            "dur_std": 476.5302108344009
        },
        "27": {
            "dur_mean": 1862.025325119781,
            "dur_std": 503.93274060430406
        },
        "28": {
            "dur_mean": 1915.4360624315443,
            "dur_std": 517.0904637869892
        },
        "29": {
            "dur_mean": 2042.4590410958904,
            "dur_std": 544.8622799044282
        },
        "30": {
            "dur_mean": 2093.2004384162215,
            "dur_std": 553.3352395549415
        },
        "31": {
            "dur_mean": 2139.810966415353,
            "dur_std": 560.680742758849
        },
        "32": {
            "dur_mean": 2201.5108948883103,
            "dur_std": 569.6080159691754
        },
        "33": {
            "dur_mean": 2235.4267507194736,
            "dur_std": 576.0907918717993
        },
        "34": {
            "dur_mean": 2313.2642181718516,
            "dur_std": 591.1368719183996
        },
        "35": {
            "dur_mean": 2337.0439967105262,
            "dur_std": 594.5887133329212
        },
        "36": {
            "dur_mean": 2384.316792323509,
            "dur_std": 599.0801422585272
        },
        "37": {
            "dur_mean": 2411.159446120099,
            "dur_std": 602.8658270957129
        },
        "38": {
            "dur_mean": 2486.469482924153,
            "dur_std": 612.7925921851784
        },
        "39": {
            "dur_mean": 2528.7031957207514,
            "dur_std": 619.3722796601892
        },
        "40": {
            "dur_mean": 2586.218089486687,
            "dur_std": 629.4545359503927
        },
        "41": {
            "dur_mean": 2638.029932720033,
            "dur_std": 638.4283204356927
        },
        "42": {
            "dur_mean": 2684.667720214374,
            "dur_std": 648.5143942400093
        },
        "43": {
            "dur_mean": 2733.980063247628,
            "dur_std": 657.9218543312357
        },
        "44": {
            "dur_mean": 2823.1207323788544,
            "dur_std": 673.4057245651705
        },
        "45": {
            "dur_mean": 2858.368001100564,
            "dur_std": 679.6613783643285
        },
        "46": {
            "dur_mean": 2942.107575757576,
            "dur_std": 690.0418471294519
        },
        "47": {
            "dur_mean": 2978.639405204461,
            "dur_std": 696.9732434558686
        },
        "48": {
            "dur_mean": 3031.3726246213164,
            "dur_std": 703.5514390699558
        },
        "49": {
            "dur_mean": 3074.9436639118458,
            "dur_std": 711.2009263734187
        },
        "50": {
            "dur_mean": 3147.747899159664,
            "dur_std": 724.0417904247976
        },
        "51": {
            "dur_mean": 3188.5984838042727,
            "dur_std": 730.8584849937126
        },
        "52": {
            "dur_mean": 3268.5670756928166,
            "dur_std": 745.8525854589183
        },
        "53": {
            "dur_mean": 3310.3252862463787,
            "dur_std": 751.9163516733581
        },
        "54": {
            "dur_mean": 3395.8610689131337,
            "dur_std": 770.3827941225167
        },
        "55": {
            "dur_mean": 3446.9853611379644,
            "dur_std": 776.0855052040876
        },
        "56": {
            "dur_mean": 3491.38891966759,
            "dur_std": 780.9248112776519
        },
        "57": {
            "dur_mean": 3519.4163084176953,
            "dur_std": 783.2391451049334
        },
        "58": {
            "dur_mean": 3576.0310852067723,
            "dur_std": 786.9322880396518
        },
        "59": {
            "dur_mean": 3608.608840238326,
            "dur_std": 790.6080873808712
        },
        "60": {
            "dur_mean": 3663.4556909443368,
            "dur_std": 796.4477881555534
        },
        "61": {
            "dur_mean": 3689.668696374204,
            "dur_std": 801.6708516004296
        },
        "62": {
            "dur_mean": 3753.332409972299,
            "dur_std": 812.2648999292193
        },
        "63": {
            "dur_mean": 3771.8594355285004,
            "dur_std": 815.3650602208057
        },
        "64": {
            "dur_mean": 3857.6425897684735,
            "dur_std": 830.4176473458117
        },
        "65": {
            "dur_mean": 3908.9500911257537,
            "dur_std": 838.9329824885785
        },
        "66": {
            "dur_mean": 3954.7148656215004,
            "dur_std": 843.7196848759934
        },
        "67": {
            "dur_mean": 4055.81018301267,
            "dur_std": 873.3332200647869
        },
        "68": {
            "dur_mean": 4080.0582750582753,
            "dur_std": 880.6392498215358
        }
    },
    "modelling": {
        "XGBoost": {
            "time": 184.11136293411255,
            "r_2": 0.9528111919765268,
            "mse": 76466.44027923467,
            "rmse": 276.52565935051064,