{
    "rows": {
        "start": 867052,
        "route_filter": -279477,
        "nan_filter": -67721,
        "negative_dur": -90,
        "outliers": -4795,
        "end": 514969
    },
    "scr": 0.0028175363462188663,
    "stats": {
        "1": {
            "dur_mean": 0.0,
            "dur_std": 0.0
        },
        "2": {
            "dur_mean": 64.36706708975521,
            "dur_std": 38.99540374270232
        },
        "3": {
            "dur_mean": 114.29107183322003,
            "dur_std": 43.30562477641874
        },
        "4": {
            "dur_mean": 174.45284938941654,
            "dur_std": 53.0237362416154
        },
        "5": {
            "dur_mean": 244.21322033898306,
            "dur_std": 61.12690804583358
        },
        "6": {
            "dur_mean": 287.96542763529544,
            "dur_std": 66.21363081957867
        },
        "7": {
            "dur_mean": 356.00949581731857,
            "dur_std": 74.23191715354461
        },
        "8": {
            "dur_mean": 388.53025675828525,
            "dur_std": 78.7457807217875
        },
        "9": {
            "dur_mean": 486.8310528101323,
            "dur_std": 97.81258917142655
        },
        "10": {
            "dur_mean": 575.936143761302,
            "dur_std": 122.28044660043098
        },
        "11": {
            "dur_mean": 696.5871580375311,
            "dur_std": 136.06065231396244
        },
        "12": {
            "dur_mean": 746.9162901039313,
            "dur_std": 141.89299674489806
        },
        "13": {
            "dur_mean": 801.5014119507512,
            "dur_std": 149.40618839772105
        },
        "14": {
            "dur_mean": 890.5507967001921,
            "dur_std": 162.49448989715088
        },
        "15": {
            "dur_mean": 974.135978297728,
            "dur_std": 172.34131603591118
        },
        "16": {
            "dur_mean": 1006.7219396405561,
            "dur_std": 175.33173040692793
        },
        "17": {
            "dur_mean": 1181.112586539553,
            "dur_std": 196.84015776451056
        },
        "18": {
            "dur_mean": 1352.0797968806673,
            "dur_std": 212.84503713930417
        },
        "19": {
            "dur_mean": 1378.3323905419165,
            "dur_std": 215.79703630411754
        },
        "20": {
            "dur_mean": 1421.4994345170776,
            "dur_std": 229.01192099749045
        },
        "21": {
            "dur_mean": 1485.354630781409,
            "dur_std": 259.46624607461933
        },
        "22": {
            "dur_mean": 1587.9047134621906,
            "dur_std": 268.17070387296
        },
        "23": {
            "dur_mean": 1634.8840891100306,
            "dur_std": 272.8317109929418
        },
        "24": {
            "dur_mean": 1720.9806626710392,
            "dur_std": 280.17931612620646
        },
        "25": {
            "dur_mean": 1885.9199818655786,
            "dur_std": 306.2832986365941
        },
        "26": {
            "dur_mean": 1940.281047975502,
            "dur_std": 309.25682637585084
        },
        "27": {
            "dur_mean": 2010.2611472231724,
            "dur_std": 315.7154703345773
        },
        "28": {
            "dur_mean": 2059.6437371663246,
            "dur_std": 321.9036914699693
        },
        "29": {
            "dur_mean": 2169.907327586207,
            "dur_std": 332.63431454595695
        },
        "30": {
            "dur_mean": 2272.489455782313,
            "dur_std": 345.4651027324801
        },
        "31": {
            "dur_mean": 2359.8239229024944,
            "dur_std": 352.651503704763
        },
        "32": {
            "dur_mean": 2479.243711760707,
            "dur_std": 373.37895881637354
        },
        "33": {
            "dur_mean": 2530.418082936778,
            "dur_std": 377.2611796241969
        },
        "34": {
            "dur_mean": 2553.638227962837,
            "dur_std": 379.23501437981486
        },
        "35": {
            "dur_mean": 2590.7336279175165,
            "dur_std": 381.95509706860014
        },
        "36": {
            "dur_mean": 2637.719029808455,
            "dur_std": 384.6756553724099
        },
        "37": {
            "dur_mean": 2709.0543145481347,
            "dur_std": 392.52135187625515
        },
        "38": {
            "dur_mean": 2850.736251275655,
            "dur_std": 430.9650482571485
        },
        "39": {
            "dur_mean": 2966.539002267574,
            "dur_std": 450.3782645707715
        },
        "40": {
            "dur_mean": 3009.7878615995464,
            "dur_std": 455.9459536507196
        },
        "41": {
            "dur_mean": 3137.6679536679535,
            "dur_std": 469.7808003225313
        },
        "42": {
            "dur_mean": 3171.43720190779,
            "dur_std": 473.18848181968735
        },
        "43": {
            "dur_mean": 3204.1211673858734,
            "dur_std": 478.5391103653689
        },
        "44": {
            "dur_mean": 3286.426007950028,
            "dur_std": 489.5077206896138
        },
        "45": {
            "dur_mean": 3303.9038854805726,
            "dur_std": 491.6610038875147
        },
        "46": {
            "dur_mean": 3379.1745508301115,
            "dur_std": 494.5635266481434
        },
        "47": {
            "dur_mean": 3434.2441213222764,
            "dur_std": 499.57642526329704
        },
        "48": {
            "dur_mean": 3462.855731000795,
            "dur_std": 500.91767715724797
        },
        "49": {
            "dur_mean": 3486.758577596001,
            "dur_std": 501.60479674165407
        },
        "50": {
            "dur_mean": 3548.1792978070675,
            "dur_std": 505.9740676821541
        },
        "51": {
            "dur_mean": 3600.512846748522,
            "dur_std": 513.0694236557354
        },
        "52": {
            "dur_mean": 3675.137903592542,
            "dur_std": 519.7928635554523
        },
        "53": {
            "dur_mean": 3705.409457769694,
            "dur_std": 525.349879638372
        },
        "54": {
            "dur_mean": 3768.8234424738516,
            "dur_std": 535.5879039153933
        },
        "55": {
            "dur_mean": 3839.249373147937,
            "dur_std": 539.250544042515
        },
        "56": {
            "dur_mean": 3915.271483929793,
            "dur_std": 544.0955592373612
        },
        "58": {
            "dur_mean": 3961.28245754018,
            "dur_std": 547.8296876120091
        },
        "59": {
            "dur_mean": 4148.872854200045,
            "dur_std": 569.80043310191
        },
        "60": {
            "dur_mean": 4372.868219709946,
            "dur_std": 603.1602168050473
        },
        "57": {
            "dur_mean": 3813.68,
            "dur_std": 469.1087045309079
        }
    },
    "modelling": {
        "XGBoost": {
            "time": 64.98656845092773,
            "r_2": 0.9683096744234768,
            "mse": 54618.36107896842,
            "rmse": 233.70571469043801,
            "mae": 163.3062384671815
        },
        "Benchmark": {
            "r_2": 0.940049199026753,
            "mse": 103325.36617913206,
            "rmse": 321.442632796479,
            "mae": 222.27972006245
        }
    },