{
    "rows": {
        "start": 339355,
        "route_filter": 0,
        "nan_filter": -15644,
        "negative_dur": 0,
        "outliers": -3396,
        "end": 320315
    },
    "scr": 0.9660617814101676,
    "stats": {
        "1": {
            "dur_mean": 0.0,
            "dur_std": 0.0
        },
        "2": {
            "dur_mean": 56.95760355852099,
            "dur_std": 19.219788236289627
        },
        "3": {
            "dur_mean": 107.94276982914293,
            "dur_std": 25.170197044896405
        },
        "4": {
            "dur_mean": 176.29488423679467,
            "dur_std": 39.23723616386288
        },
        "5": {
            "dur_mean": 241.13131593559135,
            "dur_std": 43.051357439227374
        },
        "6": {
            "dur_mean": 269.57126948775056,
            "dur_std": 47.93529200006607
        },
        "7": {
            "dur_mean": 374.2140672782875,
            "dur_std": 57.302505491495474
        },
        "8": {
            "dur_mean": 400.0030623608018,
            "dur_std": 61.57148933659828
        },
        "9": {
            "dur_mean": 481.289539748954,
            "dur_std": 66.53459557518023
        },
        "10": {
            "dur_mean": 720.6255092007304,
            "dur_std": 90.98097458467166
        },
        "11": {
            "dur_mean": 913.6458273587612,
            "dur_std": 95.18844156844007
        },
        "12": {
            "dur_mean": 930.5085809962327,
            "dur_std": 99.33257401213172
        },
        "13": {
            "dur_mean": 989.4289294166782,
            "dur_std": 104.80218963042762
        },
        "14": {
            "dur_mean": 1040.5821040912886,
            "dur_std": 111.59440181369644
        },
        "15": {
            "dur_mean": 1112.1448045625261,
            "dur_std": 117.70686112372408
        },
        "16": {
            "dur_mean": 1178.5717660136168,
            "dur_std": 124.59695565897663
        },
        "17": {
            "dur_mean": 1208.6971253992501,
            "dur_std": 129.34631723405695
        },
        "18": {
            "dur_mean": 1251.0147181338516,
            "dur_std": 133.05009192077793
        },
        "19": {
            "dur_mean": 1267.8322688142182,
            "dur_std": 135.02956178297293
        },
        "20": {
            "dur_mean": 1377.3390206686088,
            "dur_std": 140.77439200421827
        },
        "21": {
            "dur_mean": 1439.9457848031059,
            "dur_std": 153.9817700074955
        },
        "22": {
            "dur_mean": 1552.5666527951173,
            "dur_std": 159.64602745461062
        },
        "23": {
            "dur_mean": 1570.7638330328664,
            "dur_std": 161.8100789125249
        },
        "24": {
            "dur_mean": 1675.6203215968949,
            "dur_std": 175.6510138654511
        },
        "25": {
            "dur_mean": 1737.9115608538953,
            "dur_std": 190.50141124291818
        },
        "26": {
            "dur_mean": 1794.5455427699985,
            "dur_std": 195.54660945226104
        },
        "27": {
            "dur_mean": 1839.474698461112,
            "dur_std": 200.47000397764265
        },
        "28": {
            "dur_mean": 1939.1159179145868,
            "dur_std": 215.60579339677315
        },
        "29": {
            "dur_mean": 2006.8906293318548,
            "dur_std": 228.4380227197635
        },
        "30": {
            "dur_mean": 2062.5040199611867,
            "dur_std": 244.24516010965644
        },
        "31": {
            "dur_mean": 2114.9923748786914,
            "dur_std": 254.69896006460104
        },
        "32": {
            "dur_mean": 2178.3248752079867,
            "dur_std": 258.18215617776883
        },
        "33": {
            "dur_mean": 2209.3370770937327,
            "dur_std": 260.45933832511724
        },
        "34": {
            "dur_mean": 2264.2825845812536,
            "dur_std": 264.56947549316203
        },
        "35": {
            "dur_mean": 2279.130495076966,
            "dur_std": 265.8564795375222
        },
        "36": {
            "dur_mean": 2294.2845257903496,
            "dur_std": 266.860031745499
        },
        "37": {
            "dur_mean": 2409.343178036606,
            "dur_std": 302.5401854465987
        },
        "38": {
            "dur_mean": 2470.341006795174,
            "dur_std": 321.137977972978
        },
        "39": {
            "dur_mean": 2514.679378726945,
            "dur_std": 332.62798058894856
        },
        "40": {
            "dur_mean": 2562.571626681459,
            "dur_std": 342.43159328908183
        },
        "41": {
            "dur_mean": 2632.0388349514565,
            "dur_std": 353.36583467031795
        },
        "42": {
            "dur_mean": 2695.6534832084376,
            "dur_std": 374.9907834625114
        },
        "43": {
            "dur_mean": 2807.337449701679,
            "dur_std": 406.4985873136239
        },
        "44": {
            "dur_mean": 2980.0685393258427,
            "dur_std": 430.8119779264248
        },
        "45": {
            "dur_mean": 3176.0730203223548,
            "dur_std": 631.0366928122447
        }
    },
    "modelling": {
        "XGBoost": {
            "time": 39.3009991645813,
            "r_2": 0.9739907005381268,
            "mse": 20720.814590558104,
            "rmse": 143.94726322705168,
            "mae": 94.06494633406786
        },
        "Benchmark": {
            "r_2": 0.9372201767828455,
            "mse": 50014.767941657614,
            "rmse": 223.63981743342936,
            "mae": 153.617652568089
        }
    },
    "features": [
        "weather_description_broken clouds",
        "weather_description_drizzle",
        "weather_description_few clouds",
        "weather_description_fog",
        "weather_description_light intensity drizzle",
        "weather_description_light intensity drizzle rain",
        "weather_description_light intensity shower rain",
        "weather_description_light rain",
        "weather_description_light shower snow",
        "weather_description_light snow",
        "weather_description_mist",
        "weather_description_moderate rain",
        "weather_description_overcast clouds",
        "weather_description_proximity shower rain",
        "weather_description_scattered clouds",
        "weather_description_sky is clear",
        "weather_description_smoke",
        "weekday_1",
        "weekday_2",
        "weekday_3",
        "weekday_4",
        "weekday_5",
        "weekday_6",
        "month_2",
        "month_3",
        "month_4",
        "month_5",
        "month_6",
        "month_7",
        "month_8",
        "month_9",
        "month_10",
        "hour_6",
        "hour_7",
        "hour_8",
        "hour_9",
        "hour_10",
        "hour_11",
        "hour_12",
        "hour_13",
        "hour_14",
        "hour_15",
        "hour_16",
        "hour_17",
        "hour_18",
        "hour_19",
        "hour_20",
        "hour_21",
        "hour_22",
        "hour_23",
        "holiday_1",
        "progr_number",
        "dur_s"
    ]
}