{
    "rows": {
        "start": 817721,
        "route_filter": -34427,
        "nan_filter": -106489,
        "negative_dur": -89,
        "outliers": -6773,
        "end": 669943
    },
    "scr": 0.7141046532681513,
    "stats": {
        "1": {
            "dur_mean": 0.0,
            "dur_std": 0.0
        },
        "2": {
            "dur_mean": 105.58087968011633,
            "dur_std": 42.54001544892388
        },
        "3": {
            "dur_mean": 133.3405356332274,
            "dur_std": 51.922881496695645
        },
        "4": {
            "dur_mean": 214.64090618434275,
            "dur_std": 92.49141045951008
        },
        "5": {
            "dur_mean": 372.6431162706331,
            "dur_std": 121.15983059532925
        },
        "6": {
            "dur_mean": 470.6984126984127,
            "dur_std": 138.3775565966174
        },
        "7": {
            "dur_mean": 509.7865566037736,
            "dur_std": 145.8800584428893
        },
        "8": {
            "dur_mean": 562.86807004809,
            "dur_std": 153.90835128912954
        },
        "9": {
            "dur_mean": 631.2213248638839,
            "dur_std": 172.39511376720725
        },
        "10": {
            "dur_mean": 658.8744101633393,
            "dur_std": 178.7429318388185
        },
        "11": {
            "dur_mean": 729.0882940108893,
            "dur_std": 216.8161076337331
        },
        "12": {
            "dur_mean": 826.9840275887104,
            "dur_std": 236.67168330193203
        },
        "13": {
            "dur_mean": 875.5891156462585,
            "dur_std": 254.43599881699515
        },
        "14": {
            "dur_mean": 937.5168692182115,
            "dur_std": 285.3562120273791
        },
        "15": {
            "dur_mean": 1016.6066406604373,
            "dur_std": 301.86807218743877
        },
        "16": {
            "dur_mean": 1058.0012703021505,
            "dur_std": 310.8684831106068
        },
        "17": {
            "dur_mean": 1112.3040007257553,
            "dur_std": 334.91066988674623
        },
        "18": {
            "dur_mean": 1204.0962620214118,
            "dur_std": 377.21951110187587
        },
        "19": {
            "dur_mean": 1315.6634911994192,
            "dur_std": 396.01917308891683
        },
        "20": {
            "dur_mean": 1378.5554849832138,
            "dur_std": 400.4119529457015
        },
        "21": {
            "dur_mean": 1434.2764316181142,
            "dur_std": 407.22512252625904
        },
        "22": {
            "dur_mean": 1502.6579544423269,
            "dur_std": 423.16066353330086
        },
        "23": {
            "dur_mean": 1580.8917029774873,
            "dur_std": 436.8407667008733
        },
        "24": {
            "dur_mean": 1622.1766094615455,
            "dur_std": 442.458352305338
        },
        "25": {
            "dur_mean": 1677.9967317294597,
            "dur_std": 456.5863336426264
        },
        "26": {
            "dur_mean": 1745.7093698928636,
            "dur_std": 470.4824284605648
        },
        "27": {
            "dur_mean": 1786.534096068283,
            "dur_std": 477.0793265695725
        },
        "28": {
            "dur_mean": 1835.8291662878444,
            "dur_std": 482.94098453618193
        },
        "29": {
            "dur_mean": 1878.2466363636363,
            "dur_std": 488.7072295753902
        },
        "30": {
            "dur_mean": 1918.8958996272388,
            "dur_std": 494.97715746908284
        },
        "31": {
            "dur_mean": 1976.5255454545454,
            "dur_std": 499.70558118024854
        },
        "32": {
            "dur_mean": 2006.833833287883,
            "dur_std": 504.2017509478135
        },
        "33": {
            "dur_mean": 2067.5759970927593,
            "dur_std": 512.8828470952092
        },
        "34": {
            "dur_mean": 2151.713792476831,
            "dur_std": 521.1077874730365
        },
        "35": {
            "dur_mean": 2188.4532485233985,
            "dur_std": 527.9893189615775
        },
        "36": {
            "dur_mean": 2232.9979987264624,
            "dur_std": 533.6747366354559
        },
        "37": {
            "dur_mean": 2316.1949553815334,
            "dur_std": 547.8340819699567
        },
        "38": {
            "dur_mean": 2392.0342347263954,
            "dur_std": 560.119058903014
        },
        "39": {
            "dur_mean": 2466.3154637298626,
            "dur_std": 569.4399403594397
        },
        "40": {
            "dur_mean": 2512.677193301784,
            "dur_std": 577.5339882641655
        },
        "41": {
            "dur_mean": 2541.477690766709,
            "dur_std": 582.2692668671319
        },
        "42": {
            "dur_mean": 2605.542828503736,
            "dur_std": 592.9976709896914
        },
        "43": {
            "dur_mean": 2718.532087511395,
            "dur_std": 613.5697661153882
        },
        "44": {
            "dur_mean": 2811.876834716018,
            "dur_std": 634.9910574302477
        },
        "45": {
            "dur_mean": 2890.0683994528044,
            "dur_std": 653.466860009478
        },
        "46": {
            "dur_mean": 2972.885503147523,
            "dur_std": 673.1401676754848
        },
        "47": {
            "dur_mean": 3025.9754562043795,
            "dur_std": 686.5845989899501
        },
        "48": {
            "dur_mean": 3048.4504973081484,
            "dur_std": 691.7547857445921
        },
        "49": {
            "dur_mean": 3095.8881080587753,
            "dur_std": 702.2936988673813
        },
        "50": {
            "dur_mean": 3194.653329679364,
            "dur_std": 722.8045944539655
        },
        "51": {
            "dur_mean": 3300.6303910818715,
            "dur_std": 753.1337034091708
        },
        "52": {
            "dur_mean": 3371.6777259848277,
            "dur_std": 783.2543573251955
        },
        "53": {
            "dur_mean": 3440.592812728603,
            "dur_std": 814.633500241708
        },
        "54": {
            "dur_mean": 3493.461629927742,
            "dur_std": 824.3673968173393
        },
        "55": {
            "dur_mean": 3544.462728937729,
            "dur_std": 829.458512424118
        },
        "56": {
            "dur_mean": 3613.3288449207657,
            "dur_std": 835.3964832955422
        },
        "57": {
            "dur_mean": 3670.0001832508706,
            "dur_std": 842.7590083070131
        },
        "58": {
            "dur_mean": 3718.873668747705,
            "dur_std": 852.2698939317803
        },
        "59": {
            "dur_mean": 3810.8297481154623,
            "dur_std": 880.3690966392005
        },
        "60": {
            "dur_mean": 3948.4850669412976,
            "dur_std": 901.8145165566483
        },
        "61": {
            "dur_mean": 4022.3270782693244,
            "dur_std": 895.0192955743896
        },
        "62": {
            "dur_mean": 4065.278573358552,
            "dur_std": 899.437026972251
        }
    },
    "modelling": {
        "XGBoost": {
            "time": 92.29971361160278,
            "r_2": 0.959043746039926,
            "mse": 63244.87331538007,
            "rmse": 251.485334195416,
            "mae": 177.7702734691585
        },
        "Benchmark": {
            "r_2": 0.9071852026945565,
            "mse": 143325.12204602174,
            "rmse": 378.583045111666,
            "mae": 260.80580466427045
        }
    },