{
    "rows": {
        "start": 650224,
        "route_filter": -53856,
        "nan_filter": -10943,
        "negative_dur": -4,
        "outliers": -3785,
        "end": 581636
    },
    "scr": 0.9709826179496275,
    "stats": {
        "1": {
            "dur_mean": 0.0,
            "dur_std": 0.0
        },
        "2": {
            "dur_mean": 44.901648745519715,
            "dur_std": 39.42627391446011
        },
        "3": {
            "dur_mean": 85.72455602310819,
            "dur_std": 45.214598651271075
        },
        "4": {
            "dur_mean": 138.98445632798575,
            "dur_std": 52.16723282397216
        },
        "5": {
            "dur_mean": 181.55683114660582,
            "dur_std": 63.83875715231799
        },
        "6": {
            "dur_mean": 296.8414191066467,
            "dur_std": 96.19912578088638
        },
        "7": {
            "dur_mean": 378.47421285083345,
            "dur_std": 107.02983858658321
        },
        "8": {
            "dur_mean": 422.5967512111713,
            "dur_std": 115.2366106064923
        },
        "9": {
            "dur_mean": 514.4866828087168,
            "dur_std": 131.93665133883073
        },
        "10": {
            "dur_mean": 549.7474546101815,
            "dur_std": 136.6372160018862
        },
        "11": {
            "dur_mean": 593.6885677676538,
            "dur_std": 145.21094660388397
        },
        "12": {
            "dur_mean": 663.9864018225829,
            "dur_std": 157.9779212288264
        },
        "13": {
            "dur_mean": 707.3103644646925,
            "dur_std": 166.23354697969057
        },
        "14": {
            "dur_mean": 753.0410022779043,
            "dur_std": 175.38165694114306
        },
        "15": {
            "dur_mean": 798.7854752580989,
            "dur_std": 187.33154830053337
        },
        "16": {
            "dur_mean": 880.4758311383214,
            "dur_std": 203.27824973090512
        },
        "17": {
            "dur_mean": 944.0984621956429,
            "dur_std": 213.6827585744384
        },
        "18": {
            "dur_mean": 991.2272209567199,
            "dur_std": 225.57594427516165
        },
        "19": {
            "dur_mean": 1091.953442016089,
            "dur_std": 246.0136324638199
        },
        "20": {
            "dur_mean": 1180.5565539865925,
            "dur_std": 269.90981815942746
        },
        "21": {
            "dur_mean": 1239.0263345703684,
            "dur_std": 278.430909588125
        },
        "22": {
            "dur_mean": 1403.656118294164,
            "dur_std": 307.96536956185355
        },
        "23": {
            "dur_mean": 1650.3826707000865,
            "dur_std": 334.40006817381663
        },
        "24": {
            "dur_mean": 1863.2237903225807,
            "dur_std": 378.0664017191366
        },
        "25": {
            "dur_mean": 1971.5576687558532,
            "dur_std": 388.8326379346395
        },
        "26": {
            "dur_mean": 2076.8626674348266,
            "dur_std": 403.11970994711095
        },
        "27": {
            "dur_mean": 2134.5495359378374,
            "dur_std": 417.2298579913935
        },
        "28": {
            "dur_mean": 2220.6807684006044,
            "dur_std": 431.6963027861297
        },
        "29": {
            "dur_mean": 2290.5259557923537,
            "dur_std": 442.51819514104216
        },
        "30": {
            "dur_mean": 2345.7613767281105,
            "dur_std": 458.30189944664124
        },
        "31": {
            "dur_mean": 2443.270135681293,
            "dur_std": 461.7631447702085
        },
        "32": {
            "dur_mean": 2513.020555355211,
            "dur_std": 468.88237097254745
        },
        "33": {
            "dur_mean": 2568.7411255411257,
            "dur_std": 477.2211369003571
        },
        "34": {
            "dur_mean": 2621.5000721709007,
            "dur_std": 481.06827202896676
        },
        "35": {
            "dur_mean": 2651.812892514257,
            "dur_std": 483.5672469710454
        },
        "36": {
            "dur_mean": 2698.0165319087496,
            "dur_std": 489.1957980789971
        },
        "37": {
            "dur_mean": 2767.6005493711145,
            "dur_std": 495.98026001152857
        },
        "38": {
            "dur_mean": 2883.1496108807914,
            "dur_std": 500.8055687815464
        },
        "39": {
            "dur_mean": 2901.77194517352,
            "dur_std": 502.5565821265834
        },
        "40": {
            "dur_mean": 2931.6560904449307,
            "dur_std": 507.62587933417046
        },
        "41": {
            "dur_mean": 2979.605801549028,
            "dur_std": 514.4240357778747
        },
        "42": {
            "dur_mean": 3023.603897525728,
            "dur_std": 519.83668472397
        }
    },
    "modelling": {
        "XGBoost": {
            "time": 77.72443413734436,
            "r_2": 0.9625720498835049,
            "mse": 41313.547777552834,
            "rmse": 203.25734372354873,
            "mae": 139.37835167983735
        },
        "Benchmark": {
            "r_2": 0.9230883095726694,
            "mse": 84896.30843345323,
            "rmse": 291.36971090601236,
            "mae": 197.2926778947658
        }
    },
    "features": [
        "weather_description_broken clouds",
        "weather_description_drizzle",
        "weather_description_few clouds",
        "weather_description_fog",
        "weather_description_heavy intensity rain",
        "weather_description_light intensity drizzle",
        "weather_description_light intensity drizzle rain",
        "weather_description_light intensity shower rain",
        "weather_description_light rain",
        "weather_description_light shower snow",
        "weather_description_light snow",
        "weather_description_mist",
        "weather_description_moderate rain",
        "weather_description_overcast clouds",
        "weather_description_proximity shower rain",
        "weather_description_scattered clouds",
        "weather_description_shower rain",
        "weather_description_sky is clear",
        "weather_description_smoke",
        "weekday_1",
        "weekday_2",
        "weekday_3",
        "weekday_4",
        "weekday_5",
        "weekday_6",
        "month_2",
        "month_3",
        "month_4",
        "month_5",
        "month_6",
        "month_7",
        "month_8",
        "month_9",
        "month_10",
        "month_11",
        "month_12",
        "hour_6",
        "hour_7",
        "hour_8",
        "hour_9",
        "hour_10",
        "hour_11",
        "hour_12",
        "hour_13",
        "hour_14",
        "hour_15",
        "hour_16",
        "hour_17",
        "hour_18",
        "hour_19",
        "hour_20",
        "hour_21",
        "hour_22",
        "hour_23",
        "holiday_1",
        "progr_number",
        "dur_s"
    ]
}