{
    "rows": {
        "start": 100386,
        "route_filter": 0,
        "nan_filter": -4936,
        "negative_dur": -7,
        "outliers": -2029,
        "end": 93414
    },
    "scr": 0.666564605021433,
    "stats": {
        "1": {
            "dur_mean": 0.0,
            "dur_std": 0.0
        },
        "2": {
            "dur_mean": 151.7527573529412,
            "dur_std": 398.90716978682656
        },
        "3": {
            "dur_mean": 298.2361024359775,
            "dur_std": 346.1301802631799
        },
        "4": {
            "dur_mean": 350.5407156076496,
            "dur_std": 343.0161529527858
        },
        "5": {
            "dur_mean": 375.8538840937115,
            "dur_std": 342.60464244383854
        },
        "6": {
            "dur_mean": 398.13920542038807,
            "dur_std": 342.9044086636196
        },
        "7": {
            "dur_mean": 576.5113986444856,
            "dur_std": 346.79867077578086
        },
        "8": {
            "dur_mean": 647.496,
            "dur_std": 351.9126084400362
        },
        "9": {
            "dur_mean": 897.3289190021559,
            "dur_std": 360.2420459982747
        },
        "10": {
            "dur_mean": 989.6124460874923,
            "dur_std": 361.38489759352626
        },
        "11": {
            "dur_mean": 1029.6746765249538,
            "dur_std": 364.8343535553894
        },
        "12": {
            "dur_mean": 1077.9747536945813,
            "dur_std": 367.31910499412834
        },
        "13": {
            "dur_mean": 1115.6169950738915,
            "dur_std": 368.2027448716744
        },
        "14": {
            "dur_mean": 1208.3100369458127,
            "dur_std": 379.63230666511123
        },
        "15": {
            "dur_mean": 1269.7650862068965,
            "dur_std": 390.26799039940437
        },
        "16": {
            "dur_mean": 1353.0126465144972,
            "dur_std": 410.5261321497998
        },
        "17": {
            "dur_mean": 1634.3770390889504,
            "dur_std": 475.33621984732315
        },
        "18": {
            "dur_mean": 1791.8805050816138,
            "dur_std": 512.9041807140527
        },
        "19": {
            "dur_mean": 1925.2262931034484,
            "dur_std": 518.3818384359695
        },
        "20": {
            "dur_mean": 2024.476908866995,
            "dur_std": 523.856881913474
        },
        "21": {
            "dur_mean": 2090.18621114189,
            "dur_std": 525.134801583783
        },
        "22": {
            "dur_mean": 2387.088027085257,
            "dur_std": 568.7288362392294
        },
        "23": {
            "dur_mean": 2415.9073846153847,
            "dur_std": 573.7313750457097
        },
        "24": {
            "dur_mean": 2436.097846153846,
            "dur_std": 575.3638930128164
        },
        "25": {
            "dur_mean": 2469.1086153846154,
            "dur_std": 580.7066376692883
        },
        "26": {
            "dur_mean": 2659.9474965229483,
            "dur_std": 615.1840183009156
        },
        "27": {
            "dur_mean": 2748.6258389261743,
            "dur_std": 624.1093493637237
        },
        "28": {
            "dur_mean": 2804.9143610013175,
            "dur_std": 630.454861482569
        },
        "29": {
            "dur_mean": 2837.9124767225326,
            "dur_std": 628.5564097975283
        },
        "30": {
            "dur_mean": 3240.3274745605922,
            "dur_std": 668.9437788163923
        }
    },
    "modelling": {
        "XGBoost": {
            "time": 25.16817808151245,
            "r_2": 0.9246621990018494,
            "mse": 79214.45910365671,
            "rmse": 281.4506335108463,
            "mae": 180.57602835442066
        },
        "Benchmark": {
            "r_2": 0.8014956865278031,
            "mse": 208718.7522480089,
            "rmse": 456.8574747642955,
            "mae": 298.66001541491823
        }
    },
    "features": [
        "weather_description_broken clouds",
        "weather_description_drizzle",
        "weather_description_few clouds",
        "weather_description_fog",
        "weather_description_heavy intensity rain",
        "weather_description_light intensity drizzle",
        "weather_description_light intensity drizzle rain",
        "weather_description_light intensity shower rain",
        "weather_description_light rain",
        "weather_description_light shower snow",
        "weather_description_light snow",
        "weather_description_mist",
        "weather_description_moderate rain",
        "weather_description_overcast clouds",
        "weather_description_proximity shower rain",
        "weather_description_rain and drizzle",
        "weather_description_scattered clouds",
        "weather_description_sky is clear",
        "weather_description_smoke",
        "weekday_1",
        "weekday_2",
        "weekday_3",
        "weekday_4",
        "weekday_5",
        "month_2",
        "month_3",
        "month_4",
        "month_5",
        "month_6",
        "month_7",
        "month_8",
        "month_9",
        "month_10",
        "month_11",
        "month_12",
        "hour_7",
        "hour_8",
        "hour_9",
        "hour_10",
        "hour_13",
        "hour_14",
        "hour_15",
        "hour_16",
        "hour_17",
        "hour_18",
        "hour_19",
        "hour_20",
        "hour_21",
        "hour_22",
        "hour_23",
        "holiday_1",
        "progr_number",
        "dur_s"
    ]
}