{
    "rows": {
        "start": 560711,
        "route_filter": 0,
        "nan_filter": -29289,
        "negative_dur": -26,
        "outliers": -4810,
        "end": 526586
    },
    "scr": 0.9877538829151732,
    "stats": {
        "1": {
            "dur_mean": 0.0,
            "dur_std": 0.0
        },
        "2": {
            "dur_mean": 155.4904121999094,
            "dur_std": 99.7801222864527
        },
        "3": {
            "dur_mean": 245.6349242252884,
            "dur_std": 136.2798103964539
        },
        "4": {
            "dur_mean": 367.78568215892057,
            "dur_std": 168.9965428389379
        },
        "5": {
            "dur_mean": 433.0287942411518,
            "dur_std": 180.47144961935086
        },
        "6": {
            "dur_mean": 451.09935657638783,
            "dur_std": 188.9816195541983
        },
        "7": {
            "dur_mean": 802.2646243727062,
            "dur_std": 290.30094704691624
        },
        "8": {
            "dur_mean": 908.7924216224344,
            "dur_std": 304.7285938840235
        },
        "9": {
            "dur_mean": 999.3529632972322,
            "dur_std": 325.02670663472804
        },
        "10": {
            "dur_mean": 1085.7231901471914,
            "dur_std": 333.6940172665823
        },
        "11": {
            "dur_mean": 1174.9403466646656,
            "dur_std": 342.90723749085214
        },
        "12": {
            "dur_mean": 1289.5946574622947,
            "dur_std": 363.20006550610964
        },
        "13": {
            "dur_mean": 1442.7568907247464,
            "dur_std": 386.865694200069
        },
        "14": {
            "dur_mean": 1482.9040180247841,
            "dur_std": 391.43249984247694
        },
        "16": {
            "dur_mean": 1750.4899540973738,
            "dur_std": 414.8638962918831
        },
        "17": {
            "dur_mean": 1805.1747273411056,
            "dur_std": 423.7420614836405
        },
        "18": {
            "dur_mean": 1853.0292415244683,
            "dur_std": 432.5526771334817
        },
        "19": {
            "dur_mean": 2003.163007518797,
            "dur_std": 457.09994538630525
        },
        "20": {
            "dur_mean": 2057.27410862043,
            "dur_std": 457.32703861390326
        },
        "21": {
            "dur_mean": 2115.7681660899652,
            "dur_std": 464.59249803889946
        },
        "22": {
            "dur_mean": 2160.1864751015496,
            "dur_std": 470.9801185587882
        },
        "23": {
            "dur_mean": 2221.029334336217,
            "dur_std": 477.2225765671064
        },
        "24": {
            "dur_mean": 2276.5931719055498,
            "dur_std": 489.7644241627324
        },
        "25": {
            "dur_mean": 2354.9034783918087,
            "dur_std": 499.4291484345885
        },
        "26": {
            "dur_mean": 2413.2541581997443,
            "dur_std": 509.95997891247237
        },
        "27": {
            "dur_mean": 2490.57067271353,
            "dur_std": 521.1383503849728
        },
        "28": {
            "dur_mean": 2536.7680447434054,
            "dur_std": 526.1198584466765
        },
        "29": {
            "dur_mean": 2592.8270466399576,
            "dur_std": 530.4995995186135
        },
        "30": {
            "dur_mean": 2664.5797112404566,
            "dur_std": 534.6862416576943
        },
        "31": {
            "dur_mean": 2724.353443713616,
            "dur_std": 544.9656011859176
        },
        "32": {
            "dur_mean": 2796.5639846165445,
            "dur_std": 559.2924632955226
        },
        "33": {
            "dur_mean": 2848.3684051854084,
            "dur_std": 564.1054629544012
        },
        "34": {
            "dur_mean": 2895.987325537533,
            "dur_std": 566.8733200088723
        },
        "35": {
            "dur_mean": 2942.453304164152,
            "dur_std": 571.1792334441648
        },
        "36": {
            "dur_mean": 2999.2517920470837,
            "dur_std": 574.7539079391822
        },
        "37": {
            "dur_mean": 3040.6911642646946,
            "dur_std": 579.2437597008526
        },
        "38": {
            "dur_mean": 3087.8168716517016,
            "dur_std": 585.744152927251
        },
        "39": {
            "dur_mean": 3128.7517939421405,
            "dur_std": 589.189023380711
        },
        "40": {
            "dur_mean": 3218.22208792869,
            "dur_std": 605.2722272404635
        },
        "41": {
            "dur_mean": 3263.3832629037124,
            "dur_std": 618.921463279409
        }
    },
    "modelling": {
        "XGBoost": {
            "time": 160.61245918273926,
            "r_2": 0.9560044887410728,
            "mse": 48747.23283729715,
            "rmse": 220.7877551797136,
            "mae": 160.96412267148264
        },
        "Benchmark": {
            "r_2": 0.8884368876961303,
            "mse": 123612.45172316878,
            "rmse": 351.58562502350514,
            "mae": 249.9143466998868
        }
    },
    "features": [
        "weather_description_broken clouds",
        "weather_description_drizzle",
        "weather_description_few clouds",
        "weather_description_fog",
        "weather_description_heavy intensity rain",
        "weather_description_light intensity drizzle",
        "weather_description_light intensity drizzle rain",
        "weather_description_light intensity shower rain",
        "weather_description_light rain",
        "weather_description_light shower snow",
        "weather_description_light snow",
        "weather_description_mist",
        "weather_description_moderate rain",
        "weather_description_overcast clouds",
        "weather_description_proximity shower rain",
        "weather_description_scattered clouds",
        "weather_description_sky is clear",
        "weather_description_smoke",
        "weekday_1",
        "weekday_2",
        "weekday_3",
        "weekday_4",
        "weekday_5",
        "weekday_6",
        "month_2",
        "month_3",
        "month_4",
        "month_5",
        "month_6",
        "month_7",
        "month_8",
        "month_9",
        "month_10",
        "month_11",
        "month_12",
        "hour_1",
        "hour_6",
        "hour_7",
        "hour_8",
        "hour_9",
        "hour_10",
        "hour_11",
        "hour_12",
        "hour_13",
        "hour_14",
        "hour_15",
        "hour_16",
        "hour_17",
        "hour_18",
        "hour_19",
        "hour_20",
        "hour_21",
        "hour_22",
        "hour_23",
        "holiday_1",
        "progr_number",
        "dur_s"
    ]
}