{
    "rows": {
        "start": 572173,
        "route_filter": 0,
        "nan_filter": -7380,
        "negative_dur": -1,
        "outliers": -8071,
        "end": 556721
    },
    "scr": 0.00013259961546111516,
    "stats": {
        "1": {
            "dur_mean": 0.0,
            "dur_std": 0.0
        },
        "2": {
            "dur_mean": 45.211910802510346,
            "dur_std": 59.70180366813109
        },
        "3": {
            "dur_mean": 111.98029818956337,
            "dur_std": 75.64652494478558
        },
        "4": {
            "dur_mean": 206.21243764549385,
            "dur_std": 85.40727127772305
        },
        "5": {
            "dur_mean": 257.76053716261134,
            "dur_std": 88.99837687669948
        },
        "6": {
            "dur_mean": 313.29964739538286,
            "dur_std": 96.31870486426104
        },
        "7": {
            "dur_mean": 378.4866950505588,
            "dur_std": 101.48798064215964
        },
        "8": {
            "dur_mean": 412.83908504554825,
            "dur_std": 114.24289733759116
        },
        "9": {
            "dur_mean": 508.05632397925257,
            "dur_std": 193.21964867065847
        },
        "10": {
            "dur_mean": 594.3428229346814,
            "dur_std": 210.42663202238654
        },
        "11": {
            "dur_mean": 659.1435330179249,
            "dur_std": 216.50263223823754
        },
        "12": {
            "dur_mean": 707.9241544926956,
            "dur_std": 217.13118158751163
        },
        "13": {
            "dur_mean": 775.8757420129393,
            "dur_std": 225.1568796003979
        },
        "14": {
            "dur_mean": 851.3822450476889,
            "dur_std": 239.81056318176647
        },
        "15": {
            "dur_mean": 950.3757559646441,
            "dur_std": 262.55194930728953
        },
        "16": {
            "dur_mean": 994.3170277814702,
            "dur_std": 269.72850643492364
        },
        "17": {
            "dur_mean": 1089.13457832126,
            "dur_std": 285.09470670364254
        },
        "18": {
            "dur_mean": 1225.7850734365654,
            "dur_std": 314.67930658495544
        },
        "19": {
            "dur_mean": 1255.0200039875058,
            "dur_std": 318.32003636627473
        },
        "20": {
            "dur_mean": 1311.929311719373,
            "dur_std": 325.4326384243929
        },
        "21": {
            "dur_mean": 1322.1315754516472,
            "dur_std": 328.23668813423615
        },
        "22": {
            "dur_mean": 1340.828783954307,
            "dur_std": 331.32775054531476
        },
        "23": {
            "dur_mean": 1365.1833455076699,
            "dur_std": 335.13726952760925
        },
        "24": {
            "dur_mean": 1484.1145494388738,
            "dur_std": 362.30706568060714
        },
        "25": {
            "dur_mean": 1644.0441655044165,
            "dur_std": 405.51329594080244
        },
        "26": {
            "dur_mean": 1699.0115034244297,
            "dur_std": 411.5614217798525
        },
        "28": {
            "dur_mean": 1960.1710482529118,
            "dur_std": 424.3202426129745
        },
        "29": {
            "dur_mean": 1990.660766569071,
            "dur_std": 430.2896040047506
        },
        "30": {
            "dur_mean": 2182.5310854934364,
            "dur_std": 464.1395889098205
        },
        "31": {
            "dur_mean": 2303.7562571679146,
            "dur_std": 489.66783277001093
        },
        "32": {
            "dur_mean": 2399.036902844874,
            "dur_std": 516.9386750410208
        },
        "33": {
            "dur_mean": 2513.572990008717,
            "dur_std": 552.7023648924894
        },
        "34": {
            "dur_mean": 2597.9957167715165,
            "dur_std": 577.1332707817276
        },
        "35": {
            "dur_mean": 2789.5707409667143,
            "dur_std": 614.7461441036386
        },
        "37": {
            "dur_mean": 3174.41778956422,
            "dur_std": 667.6626057751777
        },
        "38": {
            "dur_mean": 3274.9775662312745,
            "dur_std": 678.6529081063387
        },
        "39": {
            "dur_mean": 3372.2731878119644,
            "dur_std": 688.954916853372
        },
        "40": {
            "dur_mean": 3464.696387508345,
            "dur_std": 702.947250803375
        },
        "36": {
            "dur_mean": 3136.1052631578946,
            "dur_std": 747.6984849764577
        },
        "27": {
            "dur_mean": 2373.0,
            "dur_std": 473.76154339498686
        }
    },
    "modelling": {
        "XGBoost": {
            "time": 88.50589394569397,
            "r_2": 0.9711217759036491,
            "mse": 30544.264587603953,
            "rmse": 174.76917516428335,
            "mae": 115.53891664615398
        },
        "Benchmark": {
            "r_2": 0.9364351767615404,
            "mse": 67232.00058916087,
            "rmse": 259.29134306636786,
            "mae": 166.64001551935968
        }
    },
    "features": [
        "weather_description_broken clouds",
        "weather_description_drizzle",
        "weather_description_few clouds",
        "weather_description_fog",
        "weather_description_heavy intensity rain",
        "weather_description_light intensity drizzle",
        "weather_description_light intensity drizzle rain",
        "weather_description_light intensity shower rain",
        "weather_description_light rain",
        "weather_description_light shower snow",
        "weather_description_light snow",
        "weather_description_mist",
        "weather_description_moderate rain",
        "weather_description_overcast clouds",
        "weather_description_proximity shower rain",
        "weather_description_rain and drizzle",
        "weather_description_scattered clouds",
        "weather_description_shower rain",
        "weather_description_sky is clear",
        "weather_description_smoke",
        "weekday_1",
        "weekday_2",
        "weekday_3",
        "weekday_4",
        "weekday_5",
        "weekday_6",
        "month_2",
        "month_3",
        "month_4",
        "month_5",
        "month_6",
        "month_7",
        "month_8",
        "month_9",
        "month_10",
        "month_11",
        "month_12",
        "hour_1",
        "hour_5",
        "hour_6",
        "hour_7",
        "hour_8",
        "hour_9",
        "hour_10",
        "hour_11",
        "hour_12",
        "hour_13",
        "hour_14",
        "hour_15",
        "hour_16",
        "hour_17",
        "hour_18",
        "hour_19",
        "hour_20",
        "hour_21",
        "hour_22",
        "hour_23",
        "holiday_1",
        "progr_number",
        "dur_s"
    ]
}