{
    "rows": {
        "start": 539439,
        "route_filter": -1553,
        "nan_filter": -76711,
        "negative_dur": 0,
        "outliers": -7822,
        "end": 453353
    },
    "scr": 8.055421298533914e-05,
    "stats": {
        "1": {
            "dur_mean": 0.0,
            "dur_std": 0.0
        },
        "2": {
            "dur_mean": 197.06544584330456,
            "dur_std": 188.63918723015024
        },
        "3": {
            "dur_mean": 232.83582212011814,
            "dur_std": 182.79062236752657
        },
        "4": {
            "dur_mean": 286.23093220338984,
            "dur_std": 186.69437492612127
        },
        "5": {
            "dur_mean": 348.3278065351019,
            "dur_std": 191.03611969826795
        },
        "6": {
            "dur_mean": 474.5513897866839,
            "dur_std": 199.09238611097427
        },
        "7": {
            "dur_mean": 578.1712783171521,
            "dur_std": 204.7390438841753
        },
        "8": {
            "dur_mean": 644.0878356518926,
            "dur_std": 214.8875676162919
        },
        "9": {
            "dur_mean": 752.0312878971623,
            "dur_std": 288.86801319996596
        },
        "10": {
            "dur_mean": 837.153404960013,
            "dur_std": 301.58490776404426
        },
        "11": {
            "dur_mean": 899.1962669683257,
            "dur_std": 305.70158662006145
        },
        "12": {
            "dur_mean": 946.9401730131781,
            "dur_std": 308.53607281013257
        },
        "13": {
            "dur_mean": 1011.5211768509538,
            "dur_std": 315.8714875667635
        },
        "14": {
            "dur_mean": 1084.815344813647,
            "dur_std": 327.6978701510224
        },
        "15": {
            "dur_mean": 1182.9779447406688,
            "dur_std": 343.3580434164081
        },
        "16": {
            "dur_mean": 1224.153069466882,
            "dur_std": 348.4126924031212
        },
        "17": {
            "dur_mean": 1315.5360949612402,
            "dur_std": 360.5863928470073
        },
        "18": {
            "dur_mean": 1451.5248364429367,
            "dur_std": 384.8496342763612
        },
        "19": {
            "dur_mean": 1480.3820941309436,
            "dur_std": 387.79041877408764
        },
        "20": {
            "dur_mean": 1536.5499677106877,
            "dur_std": 394.31991521253303
        },
        "21": {
            "dur_mean": 1546.4930600387347,
            "dur_std": 396.32818610777025
        },
        "22": {
            "dur_mean": 1564.9830522153175,
            "dur_std": 398.7613514002303
        },
        "23": {
            "dur_mean": 1589.1545410550088,
            "dur_std": 402.69155964303354
        },
        "24": {
            "dur_mean": 1707.387549391178,
            "dur_std": 426.00779349201764
        },
        "25": {
            "dur_mean": 1863.2033706959116,
            "dur_std": 465.05162816920773
        },
        "26": {
            "dur_mean": 1917.0867775266386,
            "dur_std": 470.8203047895534
        },
        "28": {
            "dur_mean": 2177.2727934044615,
            "dur_std": 482.20795919392674
        },
        "29": {
            "dur_mean": 2207.018499071007,
            "dur_std": 488.8581386777471
        },
        "30": {
            "dur_mean": 2395.8220963172803,
            "dur_std": 519.1902197595501
        },
        "31": {
            "dur_mean": 2515.76466748266,
            "dur_std": 541.8876513120078
        },
        "32": {
            "dur_mean": 2608.588699829032,
            "dur_std": 566.2252767275345
        },
        "33": {
            "dur_mean": 2721.1369217009515,
            "dur_std": 598.0731358311315
        },
        "34": {
            "dur_mean": 2803.0073923639316,
            "dur_std": 619.6773907399756
        },
        "35": {
            "dur_mean": 2995.894702041491,
            "dur_std": 662.7207122343475
        },
        "37": {
            "dur_mean": 3373.5888356407527,
            "dur_std": 691.6280104791447
        },
        "38": {
            "dur_mean": 3476.068854863849,
            "dur_std": 698.890242322293
        },
        "39": {
            "dur_mean": 3571.7022477106652,
            "dur_std": 707.6790056746443
        },
        "40": {
            "dur_mean": 3674.5483575807484,
            "dur_std": 726.8444514328978
        },
        "36": {
            "dur_mean": 3395.0545454545454,
            "dur_std": 875.8978339328255
        },
        "27": {
            "dur_mean": 2429.0,
            "dur_std": NaN
        }
    },
    "modelling": {
        "XGBoost": {
            "time": 67.2246572971344,
            "r_2": 0.9525038613764208,
            "mse": 53744.43044517062,
            "rmse": 231.8284504653616,
            "mae": 161.53322617206314
        },
        "Benchmark": {
            "r_2": 0.9071206799300222,
            "mse": 105097.93642082602,
            "rmse": 324.1881188767195,
            "mae": 220.61286935653217
        }
    },
    "features": [
        "weather_description_broken clouds",
        "weather_description_drizzle",
        "weather_description_few clouds",
        "weather_description_fog",
        "weather_description_heavy intensity rain",
        "weather_description_light intensity drizzle",
        "weather_description_light intensity drizzle rain",
        "weather_description_light intensity shower rain",
        "weather_description_light rain",
        "weather_description_light shower snow",
        "weather_description_light snow",
        "weather_description_mist",
        "weather_description_moderate rain",
        "weather_description_overcast clouds",
        "weather_description_proximity shower rain",
        "weather_description_rain and drizzle",
        "weather_description_scattered clouds",
        "weather_description_shower rain",
        "weather_description_sky is clear",
        "weather_description_smoke",
        "weekday_1",
        "weekday_2",
        "weekday_3",
        "weekday_4",
        "weekday_5",
        "weekday_6",
        "month_2",
        "month_3",
        "month_4",
        "month_5",
        "month_6",
        "month_7",
        "month_8",
        "month_9",
        "month_10",
        "month_11",
        "month_12",
        "hour_5",
        "hour_6",
        "hour_7",
        "hour_8",
        "hour_9",
        "hour_10",
        "hour_11",
        "hour_12",
        "hour_13",
        "hour_14",
        "hour_15",
        "hour_16",
        "hour_17",
        "hour_18",
        "hour_19",
        "hour_20",
        "hour_21",
        "hour_22",
        "hour_23",
        "holiday_1",
        "progr_number",
        "dur_s"
    ]
}