{
    "rows": {
        "start": 28626,
        "route_filter": -12344,
        "nan_filter": -9356,
        "negative_dur": 0,
        "outliers": -69,
        "end": 6857
    },
    "scr": 0.8538011695906432,
    "stats": {
        "1": {
            "dur_mean": 0.0,
            "dur_std": 0.0
        },
        "2": {
            "dur_mean": 53.64327485380117,
            "dur_std": 25.544567716062087
        },
        "3": {
            "dur_mean": 143.86470588235295,
            "dur_std": 33.573013979451744
        },
        "4": {
            "dur_mean": 196.45294117647057,
            "dur_std": 40.18272786306611
        },
        "5": {
            "dur_mean": 306.6588235294118,
            "dur_std": 55.41229072240895
        },
        "6": {
            "dur_mean": 395.1637426900585,
            "dur_std": 83.44111749874449
        },
        "7": {
            "dur_mean": 469.63157894736844,
            "dur_std": 115.91502438966644
        },
        "8": {
            "dur_mean": 546.6023391812865,
            "dur_std": 139.49182896297984
        },
        "9": {
            "dur_mean": 585.4093567251462,
            "dur_std": 140.99097478477205
        },
        "10": {
            "dur_mean": 652.3216374269006,
            "dur_std": 144.29082784313078
        },
        "11": {
            "dur_mean": 689.46783625731,
            "dur_std": 150.70701168549866
        },
        "12": {
            "dur_mean": 900.7076023391813,
            "dur_std": 181.70495444889835
        },
        "13": {
            "dur_mean": 1137.5906432748538,
            "dur_std": 232.618892372067
        },
        "14": {
            "dur_mean": 1187.888888888889,
            "dur_std": 234.05935507760933
        },
        "15": {
            "dur_mean": 1463.9122807017543,
            "dur_std": 240.67634704051787
        },
        "16": {
            "dur_mean": 1497.923976608187,
            "dur_std": 241.35161086845775
        },
        "17": {
            "dur_mean": 1718.251461988304,
            "dur_std": 252.7179337561299
        },
        "18": {
            "dur_mean": 1856.4561403508771,
            "dur_std": 271.21326990193126
        },
        "19": {
            "dur_mean": 1982.345029239766,
            "dur_std": 299.95647373729224
        },
        "20": {
            "dur_mean": 2169.122807017544,
            "dur_std": 345.4675639924794
        },
        "21": {
            "dur_mean": 2293.46783625731,
            "dur_std": 363.54354519579357
        },
        "22": {
            "dur_mean": 2483.8830409356724,
            "dur_std": 384.0680367179042
        },
        "23": {
            "dur_mean": 2808.213017751479,
            "dur_std": 398.02568063955
        },
        "24": {
            "dur_mean": 3125.753086419753,
            "dur_std": 405.25169024179405
        },
        "25": {
            "dur_mean": 3243.8086419753085,
            "dur_std": 404.45988114126067
        },
        "26": {
            "dur_mean": 3419.3536585365855,
            "dur_std": 418.4581653182338
        },
        "27": {
            "dur_mean": 3506.0714285714284,
            "dur_std": 422.04209245232846
        },
        "28": {
            "dur_mean": 3538.0295857988167,
            "dur_std": 421.37413284841773
        },
        "29": {
            "dur_mean": 3647.201183431953,
            "dur_std": 422.72275868809913
        },
        "30": {
            "dur_mean": 3718.1183431952663,
            "dur_std": 423.65509636192166
        },
        "31": {
            "dur_mean": 3747.266272189349,
            "dur_std": 423.89051973913166
        },
        "32": {
            "dur_mean": 3789.834319526627,
            "dur_std": 427.26484315481844
        },
        "33": {
            "dur_mean": 3858.112426035503,
            "dur_std": 431.75453828856257
        },
        "34": {
            "dur_mean": 3897.201183431953,
            "dur_std": 430.8894811881478
        },
        "35": {
            "dur_mean": 3931.869822485207,
            "dur_std": 430.35380748822377
        },
        "36": {
            "dur_mean": 4005.508875739645,
            "dur_std": 432.2653522342277
        },
        "37": {
            "dur_mean": 4063.7633136094673,
            "dur_std": 437.3444793822114
        },
        "38": {
            "dur_mean": 4092.6923076923076,
            "dur_std": 439.1887271950842
        },
        "39": {
            "dur_mean": 4122.656804733728,
            "dur_std": 441.1660421587491
        },
        "40": {
            "dur_mean": 4199.827380952381,
            "dur_std": 439.68498517905056
        },
        "41": {
            "dur_mean": 4482.678082191781,
            "dur_std": 466.9577834411765
        }
    },
    "modelling": {
        "XGBoost": {
            "time": 0.7779626846313477,
            "r_2": 0.9984770517645629,
            "mse": 3412.64467504057,
            "rmse": 58.41784551864755,
            "mae": 39.368737992079545
        },
        "Benchmark": {
            "r_2": 0.9477376126083195,
            "mse": 117110.32186588921,
            "rmse": 342.2138539946757,
            "mae": 246.65072886297375
        }
    },
    "features": [
        "weather_description_few clouds",
        "weather_description_fog",
        "weather_description_light intensity drizzle",
        "weather_description_light intensity drizzle rain",
        "weather_description_light intensity shower rain",
        "weather_description_light rain",
        "weather_description_light shower snow",
        "weather_description_mist",
        "weather_description_overcast clouds",
        "weather_description_proximity shower rain",
        "weather_description_scattered clouds",
        "weather_description_sky is clear",
        "weekday_1",
        "weekday_2",
        "weekday_3",
        "weekday_4",
        "month_3",
        "month_4",
        "month_5",
        "month_6",
        "month_7",
        "month_8",
        "month_9",
        "month_10",
        "month_11",
        "month_12",
        "hour_8",
        "hour_9",
        "progr_number",
        "arr_p",
        "arr_a",
        "dep_p",
        "dep_a",
        "dur_s"
    ]
}