{
    "rows": {
        "start": 194748,
        "route_filter": -79146,
        "nan_filter": -5599,
        "negative_dur": 0,
        "outliers": -1333,
        "end": 108670
    },
    "scr": 0.0032981530343007917,
    "stats": {
        "1": {
            "dur_mean": 0.0,
            "dur_std": 0.0
        },
        "2": {
            "dur_mean": 87.75245098039215,
            "dur_std": 154.10768333854008
        },
        "3": {
            "dur_mean": 253.76162018592296,
            "dur_std": 222.8289576288677
        },
        "4": {
            "dur_mean": 309.3809944751381,
            "dur_std": 241.40914836736388
        },
        "5": {
            "dur_mean": 407.5895225464191,
            "dur_std": 245.45330592797615
        },
        "6": {
            "dur_mean": 449.74430435744307,
            "dur_std": 248.68395037003393
        },
        "7": {
            "dur_mean": 481.3534482758621,
            "dur_std": 252.91084342886836
        },
        "8": {
            "dur_mean": 572.7866136514248,
            "dur_std": 268.04826727680774
        },
        "9": {
            "dur_mean": 643.4266547406082,
            "dur_std": 277.4191228144583
        },
        "10": {
            "dur_mean": 682.7488257660478,
            "dur_std": 278.7800873826969
        },
        "11": {
            "dur_mean": 708.4542607917692,
            "dur_std": 279.3506614185358
        },
        "12": {
            "dur_mean": 734.6584656676358,
            "dur_std": 280.03668402912876
        },
        "13": {
            "dur_mean": 762.0847685081637,
            "dur_std": 282.3317343993292
        },
        "14": {
            "dur_mean": 841.0486715784773,
            "dur_std": 299.1976173787294
        },
        "15": {
            "dur_mean": 872.8666815542653,
            "dur_std": 299.3148357087198
        },
        "16": {
            "dur_mean": 900.4429814773488,
            "dur_std": 306.0304401299139
        },
        "17": {
            "dur_mean": 1001.5180722891566,
            "dur_std": 335.5920670862425
        },
        "18": {
            "dur_mean": 1076.778249218401,
            "dur_std": 334.0407442996121
        },
        "19": {
            "dur_mean": 1170.4988918439717,
            "dur_std": 351.59670562134386
        },
        "20": {
            "dur_mean": 1276.7996897850653,
            "dur_std": 372.1602771974226
        },
        "21": {
            "dur_mean": 1354.008225878168,
            "dur_std": 390.82142010069913
        },
        "22": {
            "dur_mean": 1558.7682568392495,
            "dur_std": 474.4917587231303
        },
        "24": {
            "dur_mean": 1908.51207478577,
            "dur_std": 458.91959010140016
        },
        "25": {
            "dur_mean": 2109.9019283746557,
            "dur_std": 494.8312902500753
        },
        "26": {
            "dur_mean": 2177.1459251101323,
            "dur_std": 514.2681662401011
        },
        "23": {
            "dur_mean": 2210.4666666666667,
            "dur_std": 874.5574282104607
        }
    },
    "modelling": {
        "XGBoost": {
            "time": 26.999109983444214,
            "r_2": 0.9398179276270505,
            "mse": 21507.172542791897,
            "rmse": 146.6532391145586,
            "mae": 101.78724661720226
        },
        "Benchmark": {
            "r_2": 0.8428697027663312,
            "mse": 56153.40717020023,
            "rmse": 236.9671014512357,
            "mae": 158.24006183745584
        }
    },
    "features": [
        "weather_description_drizzle",
        "weather_description_few clouds",
        "weather_description_fog",
        "weather_description_light intensity drizzle",
        "weather_description_light intensity drizzle rain",
        "weather_description_light intensity shower rain",
        "weather_description_light rain",
        "weather_description_mist",
        "weather_description_moderate rain",
        "weather_description_overcast clouds",
        "weather_description_proximity shower rain",
        "weather_description_scattered clouds",
        "weather_description_sky is clear",
        "weather_description_smoke",
        "weekday_1",
        "weekday_2",
        "weekday_3",
        "weekday_4",
        "weekday_5",
        "weekday_6",
        "month_6",
        "month_7",
        "month_8",
        "month_9",
        "month_10",
        "month_11",
        "month_12",
        "hour_6",
        "hour_7",
        "hour_8",
        "hour_9",
        "hour_10",
        "hour_11",
        "hour_12",
        "hour_13",
        "hour_14",
        "hour_15",
        "hour_16",
        "hour_17",
        "hour_18",
        "hour_19",
        "hour_20",
        "hour_21",
        "hour_22",
        "hour_23",
        "holiday_1",
        "progr_number",
        "dur_s"
    ]
}