{
    "rows": {
        "start": 100767,
        "route_filter": 0,
        "nan_filter": -6689,
        "negative_dur": 0,
        "outliers": -909,
        "end": 93169
    },
    "scr": 0.9138029238655782,
    "stats": {
        "1": {
            "dur_mean": 0.0,
            "dur_std": 0.0
        },
        "2": {
            "dur_mean": 72.556463878327,
            "dur_std": 30.21243864682301
        },
        "3": {
            "dur_mean": 115.21318639559186,
            "dur_std": 46.19788877003025
        },
        "4": {
            "dur_mean": 165.70209125475284,
            "dur_std": 51.7853934806123
        },
        "5": {
            "dur_mean": 207.72438699866944,
            "dur_std": 59.597037785160055
        },
        "6": {
            "dur_mean": 232.49496101920516,
            "dur_std": 63.1206718275119
        },
        "7": {
            "dur_mean": 317.57335613835045,
            "dur_std": 75.46756137385701
        },
        "8": {
            "dur_mean": 354.4271051130964,
            "dur_std": 82.75264035488836
        },
        "9": {
            "dur_mean": 433.38072609770006,
            "dur_std": 101.16252631833416
        },
        "10": {
            "dur_mean": 538.1535530577253,
            "dur_std": 119.90963492590215
        },
        "11": {
            "dur_mean": 577.0017162471396,
            "dur_std": 125.40170736441017
        },
        "12": {
            "dur_mean": 621.5688143347312,
            "dur_std": 129.60225628708977
        },
        "13": {
            "dur_mean": 665.7568134171908,
            "dur_std": 136.12251978097265
        },
        "14": {
            "dur_mean": 701.5079991689175,
            "dur_std": 137.02913553799763
        },
        "15": {
            "dur_mean": 737.3890583301563,
            "dur_std": 139.82412139921203
        },
        "16": {
            "dur_mean": 775.6225695768204,
            "dur_std": 143.60425753183685
        },
        "17": {
            "dur_mean": 1137.581998474447,
            "dur_std": 191.20338754147326
        },
        "18": {
            "dur_mean": 1483.221044517248,
            "dur_std": 281.64633898982675
        }
    },
    "modelling": {
        "XGBoost": {
            "time": 25.778224229812622,
            "r_2": 0.9575671415638234,
            "mse": 6259.091099615537,
            "rmse": 79.11441777334608,
            "mae": 49.46000946788044
        },
        "Benchmark": {
            "r_2": 0.9039525511037175,
            "mse": 14167.552097196583,
            "rmse": 119.02752663647424,
            "mae": 77.01811703086764
        }
    },
    "features": [
        "weather_description_broken clouds",
        "weather_description_drizzle",
        "weather_description_few clouds",
        "weather_description_fog",
        "weather_description_heavy intensity rain",
        "weather_description_light intensity drizzle",
        "weather_description_light intensity drizzle rain",
        "weather_description_light intensity shower rain",
        "weather_description_light rain",
        "weather_description_light shower snow",
        "weather_description_light snow",
        "weather_description_mist",
        "weather_description_moderate rain",
        "weather_description_overcast clouds",
        "weather_description_proximity shower rain",
        "weather_description_scattered clouds",
        "weather_description_sky is clear",
        "weekday_1",
        "weekday_2",
        "weekday_3",
        "weekday_4",
        "weekday_5",
        "weekday_6",
        "month_2",
        "month_3",
        "month_4",
        "month_5",
        "month_6",
        "month_7",
        "month_8",
        "month_9",
        "month_10",
        "month_11",
        "month_12",
        "hour_6",
        "hour_7",
        "hour_8",
        "hour_9",
        "hour_10",
        "hour_11",
        "hour_12",
        "hour_13",
        "hour_14",
        "hour_15",
        "hour_16",
        "hour_17",
        "hour_18",
        "hour_19",
        "hour_20",
        "hour_21",
        "hour_22",
        "hour_23",
        "holiday_1",
        "progr_number",
        "dur_s"
    ]
}