{
    "rows": {
        "start": 378805,
        "route_filter": 0,
        "nan_filter": -1546,
        "negative_dur": -25,
        "outliers": -1817,
        "end": 375417
    },
    "scr": 0.9870635254522507,
    "stats": {
        "1": {
            "dur_mean": 0.0,
            "dur_std": 0.0
        },
        "2": {
            "dur_mean": 113.4351959438048,
            "dur_std": 58.88295067032689
        },
        "3": {
            "dur_mean": 134.44470265131508,
            "dur_std": 173.61994364159827
        },
        "4": {
            "dur_mean": 192.81379892393713,
            "dur_std": 179.32884780981212
        },
        "5": {
            "dur_mean": 264.7843323818585,
            "dur_std": 186.6728247538784
        },
        "6": {
            "dur_mean": 332.9363299841354,
            "dur_std": 191.80298427246927
        },
        "7": {
            "dur_mean": 376.3209523809524,
            "dur_std": 196.66103169565542
        },
        "8": {
            "dur_mean": 439.73379237288134,
            "dur_std": 204.82052226717465
        },
        "9": {
            "dur_mean": 472.8471074380165,
            "dur_std": 206.78755977889088
        },
        "10": {
            "dur_mean": 527.9502914679385,
            "dur_std": 215.33915144949714
        },
        "11": {
            "dur_mean": 544.933856264575,
            "dur_std": 217.85294226896087
        },
        "12": {
            "dur_mean": 575.0315377288601,
            "dur_std": 230.93815509297576
        },
        "13": {
            "dur_mean": 649.3991739038339,
            "dur_std": 254.0654558446902
        },
        "14": {
            "dur_mean": 705.1435381355932,
            "dur_std": 264.77946945373685
        },
        "15": {
            "dur_mean": 730.1592714179816,
            "dur_std": 269.0375525199746
        },
        "16": {
            "dur_mean": 776.069750211685,
            "dur_std": 276.6781710106799
        },
        "17": {
            "dur_mean": 808.2286952844153,
            "dur_std": 293.0773951657889
        },
        "18": {
            "dur_mean": 878.8552241962775,
            "dur_std": 298.64686567192746
        },
        "19": {
            "dur_mean": 919.9705073995772,
            "dur_std": 291.8313753176428
        },
        "20": {
            "dur_mean": 1000.7135157983726,
            "dur_std": 305.1858210449342
        },
        "21": {
            "dur_mean": 1080.929419245443,
            "dur_std": 320.74894256103806
        },
        "22": {
            "dur_mean": 1125.939116551357,
            "dur_std": 325.2924242765985
        },
        "23": {
            "dur_mean": 1158.9105907397552,
            "dur_std": 329.49941466415663
        },
        "24": {
            "dur_mean": 1197.5696795486,
            "dur_std": 334.46990380415355
        },
        "25": {
            "dur_mean": 1242.154919080068,
            "dur_std": 338.0770068634852
        },
        "26": {
            "dur_mean": 1263.669755058573,
            "dur_std": 351.31051621905107
        },
        "27": {
            "dur_mean": 1316.4927674962773,
            "dur_std": 356.4087016939166
        },
        "28": {
            "dur_mean": 1352.4752758913412,
            "dur_std": 361.20164930287825
        },
        "29": {
            "dur_mean": 1422.4180371352786,
            "dur_std": 368.0119888713753
        },
        "30": {
            "dur_mean": 1455.1773268168297,
            "dur_std": 371.9339762577262
        },
        "31": {
            "dur_mean": 1493.2584556477345,
            "dur_std": 377.4797445594708
        },
        "32": {
            "dur_mean": 1522.6231220031966,
            "dur_std": 381.10900254719746
        },
        "33": {
            "dur_mean": 1566.8661341853035,
            "dur_std": 385.39723276672436
        },
        "34": {
            "dur_mean": 1594.3292514109253,
            "dur_std": 388.5439146146719
        },
        "35": {
            "dur_mean": 1628.9468696763204,
            "dur_std": 392.38993242170574
        },
        "36": {
            "dur_mean": 1698.2898967316087,
            "dur_std": 396.91694802541826
        },
        "37": {
            "dur_mean": 1738.559195830231,
            "dur_std": 407.09666755556054
        },
        "38": {
            "dur_mean": 1792.6920063525674,
            "dur_std": 416.2942839632695
        },
        "39": {
            "dur_mean": 1844.1026809367384,
            "dur_std": 423.23454893807127
        },
        "40": {
            "dur_mean": 1913.0381234777083,
            "dur_std": 432.0572421853856
        }
    },
    "modelling": {
        "XGBoost": {
            "time": 50.436970472335815,
            "r_2": 0.9520258815013942,
            "mse": 17058.982127061114,
            "rmse": 130.61003838549743,
            "mae": 94.05825483437879
        },
        "Benchmark": {
            "r_2": 0.9121188206102152,
            "mse": 31249.42188482233,
            "rmse": 176.77506013242458,
            "mae": 125.76639497096585
        }
    },
    "features": [
        "weather_description_broken clouds",
        "weather_description_drizzle",
        "weather_description_few clouds",
        "weather_description_fog",
        "weather_description_heavy intensity rain",
        "weather_description_light intensity drizzle",
        "weather_description_light intensity drizzle rain",
        "weather_description_light intensity shower rain",
        "weather_description_light rain",
        "weather_description_light shower snow",
        "weather_description_light snow",
        "weather_description_mist",
        "weather_description_moderate rain",
        "weather_description_overcast clouds",
        "weather_description_proximity shower rain",
        "weather_description_scattered clouds",
        "weather_description_shower rain",
        "weather_description_sky is clear",
        "weather_description_smoke",
        "weekday_1",
        "weekday_2",
        "weekday_3",
        "weekday_4",
        "weekday_5",
        "weekday_6",
        "month_2",
        "month_3",
        "month_4",
        "month_5",
        "month_6",
        "month_7",
        "month_8",
        "month_9",
        "month_10",
        "month_11",
        "month_12",
        "hour_6",
        "hour_7",
        "hour_8",
        "hour_9",
        "hour_10",
        "hour_11",
        "hour_12",
        "hour_13",
        "hour_14",
        "hour_15",
        "hour_16",
        "hour_17",
        "hour_18",
        "hour_19",
        "hour_20",
        "hour_21",
        "hour_22",
        "hour_23",
        "holiday_1",
        "progr_number",
        "dur_s"
    ]
}