{
    "rows": {
        "start": 727942,
        "route_filter": -90761,
        "nan_filter": -235418,
        "negative_dur": -49,
        "outliers": -4174,
        "end": 397540
    },
    "scr": 0.8523097673373047,
    "stats": {
        "1": {
            "dur_mean": 0.0,
            "dur_std": 0.0
        },
        "2": {
            "dur_mean": 109.2695043468443,
            "dur_std": 61.139938716600476
        },
        "3": {
            "dur_mean": 165.48934010152286,
            "dur_std": 75.09658885888254
        },
        "4": {
            "dur_mean": 235.54091883959813,
            "dur_std": 90.94549510203545
        },
        "5": {
            "dur_mean": 304.096195099921,
            "dur_std": 100.02093166308461
        },
        "6": {
            "dur_mean": 348.80817894261185,
            "dur_std": 107.84490211081813
        },
        "7": {
            "dur_mean": 412.2147377938517,
            "dur_std": 116.61615628874478
        },
        "8": {
            "dur_mean": 446.2410633484163,
            "dur_std": 125.22146612305409
        },
        "9": {
            "dur_mean": 501.35086528673224,
            "dur_std": 137.26520867688447
        },
        "10": {
            "dur_mean": 519.1613705755965,
            "dur_std": 141.29095748433028
        },
        "11": {
            "dur_mean": 551.6691525423729,
            "dur_std": 161.66941727957507
        },
        "12": {
            "dur_mean": 627.9594258589511,
            "dur_std": 193.66156362216734
        },
        "13": {
            "dur_mean": 684.0982031868008,
            "dur_std": 206.34131921644956
        },
        "14": {
            "dur_mean": 709.8530275643923,
            "dur_std": 211.0617578303693
        },
        "15": {
            "dur_mean": 757.6788255223038,
            "dur_std": 217.9935198023754
        },
        "16": {
            "dur_mean": 791.4948674562888,
            "dur_std": 224.29543467153624
        },
        "17": {
            "dur_mean": 862.7605459057072,
            "dur_std": 229.97339914319534
        },
        "18": {
            "dur_mean": 906.067087608524,
            "dur_std": 239.43540403767338
        },
        "19": {
            "dur_mean": 987.2604530598445,
            "dur_std": 252.0845480682468
        },
        "20": {
            "dur_mean": 1045.8409730825542,
            "dur_std": 261.9651055796121
        },
        "21": {
            "dur_mean": 1067.7510135135135,
            "dur_std": 265.2329685242205
        },
        "22": {
            "dur_mean": 1101.1145399256673,
            "dur_std": 270.31112553096716
        },
        "23": {
            "dur_mean": 1131.1885135135135,
            "dur_std": 276.18806596021903
        },
        "24": {
            "dur_mean": 1203.2058558558558,
            "dur_std": 288.91852587837013
        },
        "25": {
            "dur_mean": 1251.0713722841383,
            "dur_std": 293.399198156229
        },
        "26": {
            "dur_mean": 1309.3298435213328,
            "dur_std": 302.55955876065445
        },
        "27": {
            "dur_mean": 1348.946886234489,
            "dur_std": 307.5873693046071
        },
        "28": {
            "dur_mean": 1519.9279478827361,
            "dur_std": 327.82790875402515
        },
        "29": {
            "dur_mean": 1663.525850699024,
            "dur_std": 346.22648070914164
        },
        "30": {
            "dur_mean": 1690.0260132388805,
            "dur_std": 344.0994626643988
        },
        "31": {
            "dur_mean": 1736.1129199861448,
            "dur_std": 350.7407900391072
        },
        "32": {
            "dur_mean": 1761.4447271045328,
            "dur_std": 353.66767426628996
        },
        "33": {
            "dur_mean": 1788.0172134935306,
            "dur_std": 357.0048140490688
        },
        "34": {
            "dur_mean": 1822.33545181419,
            "dur_std": 360.8381157125694
        },
        "35": {
            "dur_mean": 1861.0575589459086,
            "dur_std": 363.02835439978196
        },
        "36": {
            "dur_mean": 1919.2977592977593,
            "dur_std": 376.6984710069486
        },
        "37": {
            "dur_mean": 1963.2065192351993,
            "dur_std": 398.5467522542443
        },
        "38": {
            "dur_mean": 2046.4300149270869,
            "dur_std": 413.4431516158701
        },
        "39": {
            "dur_mean": 2086.633019084847,
            "dur_std": 413.77879943267004
        },
        "40": {
            "dur_mean": 2232.3236920949525,
            "dur_std": 423.50594988416486
        },
        "41": {
            "dur_mean": 2293.4725869615295,
            "dur_std": 434.1839148614307
        },
        "42": {
            "dur_mean": 2353.583554376658,
            "dur_std": 439.80039553649175
        },
        "43": {
            "dur_mean": 2399.853894979804,
            "dur_std": 442.07959316545447
        },
        "44": {
            "dur_mean": 2438.1844839528976,
            "dur_std": 445.456100700083
        },
        "45": {
            "dur_mean": 2678.3026026604975,
            "dur_std": 463.7197654499725
        },
        "46": {
            "dur_mean": 2748.528336380256,
            "dur_std": 500.92025483057483
        }
    },
    "modelling": {
        "XGBoost": {
            "time": 120.32462882995605,
            "r_2": 0.9664927619135981,
            "mse": 21762.925527872383,
            "rmse": 147.52262717248627,
            "mae": 105.48124420098713
        },
        "Benchmark": {
            "r_2": 0.9214558883844055,
            "mse": 51014.34046385269,
            "rmse": 225.8635439017388,
            "mae": 158.35942043567943
        }
    },
    "features": [
        "weather_description_broken clouds",
        "weather_description_drizzle",
        "weather_description_few clouds",
        "weather_description_fog",
        "weather_description_heavy intensity rain",
        "weather_description_light intensity drizzle",
        "weather_description_light intensity drizzle rain",
        "weather_description_light intensity shower rain",
        "weather_description_light rain",
        "weather_description_light shower snow",
        "weather_description_light snow",
        "weather_description_mist",
        "weather_description_moderate rain",
        "weather_description_overcast clouds",
        "weather_description_proximity shower rain",
        "weather_description_scattered clouds",
        "weather_description_sky is clear",
        "weather_description_smoke",
        "weekday_1",
        "weekday_2",
        "weekday_3",
        "weekday_4",
        "weekday_5",
        "weekday_6",
        "month_2",
        "month_3",
        "month_4",
        "month_5",
        "month_6",
        "month_7",
        "month_8",
        "month_9",
        "month_10",
        "month_11",
        "month_12",
        "hour_1",
        "hour_6",
        "hour_7",
        "hour_8",
        "hour_9",
        "hour_10",
        "hour_11",
        "hour_12",
        "hour_13",
        "hour_14",
        "hour_15",
        "hour_16",
        "hour_17",
        "hour_18",
        "hour_19",
        "hour_20",
        "hour_21",
        "hour_22",
        "hour_23",
        "holiday_1",
        "progr_number",
        "dur_s"
    ]
}