{
    "rows": {
        "start": 20061,
        "route_filter": 0,
        "nan_filter": -715,
        "negative_dur": 0,
        "outliers": -237,
        "end": 19109
    },
    "scr": 0.02088167053364269,
    "stats": {
        "1": {
            "dur_mean": 0.0,
            "dur_std": 0.0
        },
        "2": {
            "dur_mean": 181.89327146171695,
            "dur_std": 55.34717258145189
        },
        "3": {
            "dur_mean": 318.3712296983759,
            "dur_std": 65.944525721779
        },
        "4": {
            "dur_mean": 401.8445475638051,
            "dur_std": 74.91115023482236
        },
        "5": {
            "dur_mean": 488.0185614849188,
            "dur_std": 92.6377522559898
        },
        "6": {
            "dur_mean": 526.9628770301624,
            "dur_std": 100.74113044266596
        },
        "7": {
            "dur_mean": 547.4849187935034,
            "dur_std": 103.16631021184168
        },
        "8": {
            "dur_mean": 585.1976744186046,
            "dur_std": 108.18177525847669
        },
        "9": {
            "dur_mean": 622.3248259860788,
            "dur_std": 114.72349493113356
        },
        "10": {
            "dur_mean": 743.3294663573085,
            "dur_std": 135.50777215998008
        },
        "11": {
            "dur_mean": 909.4245939675174,
            "dur_std": 169.70070301278193
        },
        "12": {
            "dur_mean": 1091.6078886310904,
            "dur_std": 238.23925209744593
        },
        "13": {
            "dur_mean": 1257.4872389791183,
            "dur_std": 298.5294176607569
        },
        "14": {
            "dur_mean": 1422.262180974478,
            "dur_std": 330.0177633469668
        },
        "15": {
            "dur_mean": 1598.248259860789,
            "dur_std": 354.4061342459396
        },
        "16": {
            "dur_mean": 1910.7772621809745,
            "dur_std": 399.36284899350363
        },
        "17": {
            "dur_mean": 1940.2255813953489,
            "dur_std": 402.5502129376426
        },
        "18": {
            "dur_mean": 2358.5074257425745,
            "dur_std": 452.24617513295686
        },
        "19": {
            "dur_mean": 2425.154205607477,
            "dur_std": 442.4907620793876
        },
        "20": {
            "dur_mean": 2752.158508158508,
            "dur_std": 465.5131055641452
        },
        "21": {
            "dur_mean": 2854.804651162791,
            "dur_std": 457.23644271545203
        },
        "22": {
            "dur_mean": 2912.4418604651164,
            "dur_std": 458.65699878303525
        },
        "23": {
            "dur_mean": 3003.427906976744,
            "dur_std": 463.77663537284155
        },
        "24": {
            "dur_mean": 3081.4232558139533,
            "dur_std": 465.8025807283072
        },
        "25": {
            "dur_mean": 3128.8883720930235,
            "dur_std": 467.1359012258927
        },
        "26": {
            "dur_mean": 3166.813953488372,
            "dur_std": 468.748219244553
        },
        "27": {
            "dur_mean": 3241.1372093023256,
            "dur_std": 475.0581878349469
        },
        "28": {
            "dur_mean": 3308.806976744186,
            "dur_std": 477.4081807497464
        },
        "29": {
            "dur_mean": 3353.986046511628,
            "dur_std": 478.79368599036474
        },
        "30": {
            "dur_mean": 3386.6837209302325,
            "dur_std": 480.1801210852268
        },
        "31": {
            "dur_mean": 3415.8720930232557,
            "dur_std": 482.04256542728774
        },
        "32": {
            "dur_mean": 3461.686046511628,
            "dur_std": 485.11605469014626
        },
        "33": {
            "dur_mean": 3505.827906976744,
            "dur_std": 486.8288500996171
        },
        "34": {
            "dur_mean": 3547.5813953488373,
            "dur_std": 489.07635855921825
        },
        "35": {
            "dur_mean": 3583.306976744186,
            "dur_std": 490.9242305940009
        },
        "36": {
            "dur_mean": 3634.0302325581397,
            "dur_std": 493.5145038572103
        },
        "37": {
            "dur_mean": 3662.3682983682984,
            "dur_std": 494.92079940556874
        },
        "38": {
            "dur_mean": 3713.7640186915887,
            "dur_std": 498.4694540705815
        },
        "39": {
            "dur_mean": 3760.629976580796,
            "dur_std": 500.7977099881171
        },
        "40": {
            "dur_mean": 3792.744730679157,
            "dur_std": 501.06159408758003
        },
        "41": {
            "dur_mean": 3832.526932084309,
            "dur_std": 503.9776162224289
        },
        "42": {
            "dur_mean": 3861.4192037470725,
            "dur_std": 507.15708126413847
        },
        "43": {
            "dur_mean": 3958.871495327103,
            "dur_std": 515.0461927221396
        },
        "45": {
            "dur_mean": 4125.653944020356,
            "dur_std": 534.9527514335196
        },
        "46": {
            "dur_mean": 4274.990566037736,
            "dur_std": 536.9624046656014
        },
        "44": {
            "dur_mean": 3875.4285714285716,
            "dur_std": 362.43054391105596
        },
        "47": {
            "dur_mean": 4204.342857142857,
            "dur_std": 393.5682871353527
        }
    },
    "modelling": {
        "XGBoost": {
            "time": 3.9500958919525146,
            "r_2": 0.9987167660478612,
            "mse": 2427.433091617035,
            "rmse": 49.26898711783139,
            "mae": 32.52990484197128
        },
        "Benchmark": {
            "r_2": 0.8621878108736212,
            "mse": 260692.81268313102,
            "rmse": 510.58085812448064,
            "mae": 322.8771452490582
        }
    },
    "features": [
        "weather_description_few clouds",
        "weather_description_fog",
        "weather_description_light intensity drizzle",
        "weather_description_light intensity drizzle rain",
        "weather_description_light intensity shower rain",
        "weather_description_light rain",
        "weather_description_light shower snow",
        "weather_description_mist",
        "weather_description_moderate rain",
        "weather_description_overcast clouds",
        "weather_description_proximity shower rain",
        "weather_description_scattered clouds",
        "weather_description_sky is clear",
        "weekday_1",
        "weekday_2",
        "weekday_3",
        "weekday_4",
        "month_2",
        "month_3",
        "month_4",
        "month_5",
        "month_6",
        "month_7",
        "month_8",
        "month_9",
        "month_10",
        "month_11",
        "month_12",
        "hour_18",
        "hour_19",
        "progr_number",
        "arr_p",
        "arr_a",
        "dep_p",
        "dep_a",
        "dur_s"
    ]
}