{
    "rows": {
        "start": 217823,
        "route_filter": 0,
        "nan_filter": -3759,
        "negative_dur": 0,
        "outliers": -2943,
        "end": 211121
    },
    "scr": 0.8712871287128713,
    "stats": {
        "1": {
            "dur_mean": 0.0,
            "dur_std": 0.0
        },
        "2": {
            "dur_mean": 51.718420023465,
            "dur_std": 51.28387373405931
        },
        "3": {
            "dur_mean": 88.66379310344827,
            "dur_std": 58.332598905363405
        },
        "4": {
            "dur_mean": 123.3565830721003,
            "dur_std": 62.07272927684327
        },
        "5": {
            "dur_mean": 166.05037037037036,
            "dur_std": 66.25999166058591
        },
        "6": {
            "dur_mean": 196.50370893677146,
            "dur_std": 71.14853251345677
        },
        "7": {
            "dur_mean": 231.00962199312715,
            "dur_std": 75.30267498761387
        },
        "8": {
            "dur_mean": 273.6593331041595,
            "dur_std": 79.93488451923807
        },
        "9": {
            "dur_mean": 311.1078566505858,
            "dur_std": 83.31928852525377
        },
        "10": {
            "dur_mean": 342.91247415575464,
            "dur_std": 85.39479411083867
        },
        "11": {
            "dur_mean": 369.504132231405,
            "dur_std": 87.98715175365885
        },
        "12": {
            "dur_mean": 397.20082673096795,
            "dur_std": 89.87807024729057
        },
        "13": {
            "dur_mean": 430.31404958677683,
            "dur_std": 92.44954044791659
        },
        "14": {
            "dur_mean": 467.14,
            "dur_std": 95.50672244624968
        },
        "15": {
            "dur_mean": 479.293044077135,
            "dur_std": 96.87589074983525
        },
        "16": {
            "dur_mean": 500.5971743625086,
            "dur_std": 98.88724928920534
        },
        "17": {
            "dur_mean": 544.5922095829025,
            "dur_std": 102.17775009829948
        },
        "18": {
            "dur_mean": 563.953990937609,
            "dur_std": 105.00807222541448
        },
        "19": {
            "dur_mean": 585.2372822299651,
            "dur_std": 106.66424032495367
        },
        "20": {
            "dur_mean": 679.1738363892807,
            "dur_std": 120.94946442565848
        },
        "21": {
            "dur_mean": 709.444099378882,
            "dur_std": 125.43011185376388
        },
        "22": {
            "dur_mean": 732.8429951690821,
            "dur_std": 127.2734839544978
        },
        "23": {
            "dur_mean": 752.9448275862069,
            "dur_std": 129.4823045287228
        },
        "24": {
            "dur_mean": 766.878275862069,
            "dur_std": 130.81326272141433
        },
        "25": {
            "dur_mean": 792.726551724138,
            "dur_std": 133.85827321413777
        },
        "26": {
            "dur_mean": 818.788275862069,
            "dur_std": 136.4233766739845
        },
        "27": {
            "dur_mean": 868.7368965517242,
            "dur_std": 140.47403147617112
        },
        "28": {
            "dur_mean": 907.5729561917902,
            "dur_std": 147.49663682374316
        },
        "29": {
            "dur_mean": 995.9037599172128,
            "dur_std": 166.4012422200001
        },
        "30": {
            "dur_mean": 1046.2500861178091,
            "dur_std": 180.30828798825794
        },
        "31": {
            "dur_mean": 1115.5618325869789,
            "dur_std": 207.58246196434635
        },
        "32": {
            "dur_mean": 1150.0761281433001,
            "dur_std": 211.50549925454405
        },
        "33": {
            "dur_mean": 1178.0144677919393,
            "dur_std": 213.84255255209655
        },
        "34": {
            "dur_mean": 1223.258008956252,
            "dur_std": 220.72227135502155
        },
        "35": {
            "dur_mean": 1283.8415432311401,
            "dur_std": 228.31816332544076
        },
        "36": {
            "dur_mean": 1325.1147484493454,
            "dur_std": 238.51197672937244
        },
        "37": {
            "dur_mean": 1423.8691332648168,
            "dur_std": 272.66499617687015
        },
        "38": {
            "dur_mean": 1460.5661086436623,
            "dur_std": 280.7246597150039
        },
        "39": {
            "dur_mean": 1529.674982911825,
            "dur_std": 287.7498604535288
        },
        "40": {
            "dur_mean": 1553.3705982905983,
            "dur_std": 290.9503087679742
        },
        "41": {
            "dur_mean": 1593.0420225486846,
            "dur_std": 289.1690181594561
        },
        "42": {
            "dur_mean": 1619.7649470447557,
            "dur_std": 292.1147188738761
        },
        "43": {
            "dur_mean": 1687.4564400409977,
            "dur_std": 296.4837589860247
        },
        "44": {
            "dur_mean": 1719.312265117868,
            "dur_std": 297.65399788541566
        },
        "45": {
            "dur_mean": 1768.0983606557377,
            "dur_std": 302.9296671104104
        },
        "46": {
            "dur_mean": 1798.356777057016,
            "dur_std": 305.0742139441692
        },
        "47": {
            "dur_mean": 1819.5146857923498,
            "dur_std": 304.4998135351626
        },
        "48": {
            "dur_mean": 1843.441256830601,
            "dur_std": 306.99371725039936
        },
        "49": {
            "dur_mean": 1872.826443457465,
            "dur_std": 309.7354899974105
        },
        "50": {
            "dur_mean": 1903.8587667929728,
            "dur_std": 310.67592219785723
        },
        "51": {
            "dur_mean": 1942.0865253077975,
            "dur_std": 314.282026698221
        },
        "52": {
            "dur_mean": 2013.0359097127223,
            "dur_std": 321.1972467296363
        },
        "53": {
            "dur_mean": 2053.892954856361,
            "dur_std": 325.80523656115565
        },
        "54": {
            "dur_mean": 2078.329343365253,
            "dur_std": 327.94405529208166
        },
        "55": {
            "dur_mean": 2106.803009575923,
            "dur_std": 329.97062690449474
        },
        "56": {
            "dur_mean": 2131.5352257181944,
            "dur_std": 331.40118629599965
        },
        "57": {
            "dur_mean": 2163.6915184678523,
            "dur_std": 334.6990936973279
        },
        "58": {
            "dur_mean": 2225.1484268125855,
            "dur_std": 340.20274870041766
        },
        "59": {
            "dur_mean": 2265.817031463748,
            "dur_std": 343.1642583585748
        },
        "60": {
            "dur_mean": 2317.251025991792,
            "dur_std": 350.69835013954577
        },
        "61": {
            "dur_mean": 2372.282340862423,
            "dur_std": 356.4287891120812
        },
        "62": {
            "dur_mean": 2405.645106091718,
            "dur_std": 358.78401228084175
        },
        "63": {
            "dur_mean": 2465.9613278576317,
            "dur_std": 361.92771404208787
        },
        "64": {
            "dur_mean": 2515.638945927447,
            "dur_std": 366.7876839492691
        },
        "65": {
            "dur_mean": 2554.248117727584,
            "dur_std": 370.11496734104406
        },
        "66": {
            "dur_mean": 2661.1521068859197,
            "dur_std": 377.4353702191159
        },
        "67": {
            "dur_mean": 2709.910928400137,
            "dur_std": 382.42656963874254
        },
        "68": {
            "dur_mean": 2762.7907534246574,
            "dur_std": 387.856416621501
        },
        "69": {
            "dur_mean": 2804.280918122645,
            "dur_std": 391.1833725968916
        },
        "70": {
            "dur_mean": 2848.7242206235014,
            "dur_std": 394.3842143115648
        },