{
    "rows": {
        "start": 5722,
        "route_filter": 0,
        "nan_filter": 0,
        "negative_dur": 0,
        "outliers": -59,
        "end": 5663
    },
    "scr": 0.9664804469273743,
    "stats": {
        "1": {
            "dur_mean": 0.0,
            "dur_std": 0.0
        },
        "2": {
            "dur_mean": 627.5491329479769,
            "dur_std": 178.61490393897026
        },
        "3": {
            "dur_mean": 650.0558659217877,
            "dur_std": 181.69896454134695
        },
        "4": {
            "dur_mean": 672.7094972067039,
            "dur_std": 182.20936367999073
        },
        "5": {
            "dur_mean": 697.8100558659218,
            "dur_std": 182.2929723370597
        },
        "6": {
            "dur_mean": 719.7765363128492,
            "dur_std": 183.47021711972204
        },
        "7": {
            "dur_mean": 771.608938547486,
            "dur_std": 186.34462192910394
        },
        "8": {
            "dur_mean": 932.7206703910615,
            "dur_std": 204.26753268058343
        },
        "9": {
            "dur_mean": 968.5698324022346,
            "dur_std": 205.53591059831217
        },
        "10": {
            "dur_mean": 1007.0446927374302,
            "dur_std": 207.3368269003132
        },
        "11": {
            "dur_mean": 1076.4301675977654,
            "dur_std": 211.706229004746
        },
        "12": {
            "dur_mean": 1124.877094972067,
            "dur_std": 212.27842772384258
        },
        "13": {
            "dur_mean": 1192.6145251396647,
            "dur_std": 218.7081889702955
        },
        "14": {
            "dur_mean": 1269.5027932960893,
            "dur_std": 224.66172759525878
        },
        "15": {
            "dur_mean": 1322.4748603351954,
            "dur_std": 227.24706444095366
        },
        "16": {
            "dur_mean": 1357.2290502793296,
            "dur_std": 229.05109101990232
        },
        "17": {
            "dur_mean": 1417.9944134078212,
            "dur_std": 230.63535832118305
        },
        "18": {
            "dur_mean": 1500.5865921787708,
            "dur_std": 233.83876861389095
        },
        "19": {
            "dur_mean": 1540.5865921787708,
            "dur_std": 235.45692379984882
        },
        "20": {
            "dur_mean": 1568.1899441340781,
            "dur_std": 236.25483220668332
        },
        "21": {
            "dur_mean": 1605.1564245810057,
            "dur_std": 237.18192917825252
        },
        "22": {
            "dur_mean": 1630.9832402234638,
            "dur_std": 238.14447684622735
        },
        "23": {
            "dur_mean": 1656.0167597765362,
            "dur_std": 239.82609511332817
        },
        "24": {
            "dur_mean": 1743.3016759776535,
            "dur_std": 247.1965704361158
        },
        "25": {
            "dur_mean": 1811.9217877094973,
            "dur_std": 261.8424659877365
        },
        "26": {
            "dur_mean": 1858.8882681564246,
            "dur_std": 270.9030234604582
        },
        "27": {
            "dur_mean": 1891.8100558659219,
            "dur_std": 279.0853594795677
        },
        "28": {
            "dur_mean": 1945.9385474860335,
            "dur_std": 286.4027799832746
        },
        "29": {
            "dur_mean": 2007.7653631284916,
            "dur_std": 301.48833194530954
        },
        "30": {
            "dur_mean": 2085.7988826815645,
            "dur_std": 307.5843061536186
        },
        "31": {
            "dur_mean": 2148.268156424581,
            "dur_std": 313.8209710096802
        },
        "32": {
            "dur_mean": 2254.9608938547485,
            "dur_std": 325.1894584013699
        }
    },
    "modelling": {
        "XGBoost": {
            "time": 0.7440011501312256,
            "r_2": 0.99839553295019,
            "mse": 544.3417619886852,
            "rmse": 23.331132891239662,
            "mae": 16.971336970958163
        },
        "Benchmark": {
            "r_2": 0.7559419208676699,
            "mse": 82800.70621468927,
            "rmse": 287.75111852899767,
            "mae": 218.00282485875707
        }
    },
    "features": [
        "weather_description_few clouds",
        "weather_description_fog",
        "weather_description_light intensity drizzle",
        "weather_description_light intensity drizzle rain",
        "weather_description_light intensity shower rain",
        "weather_description_light rain",
        "weather_description_light shower snow",
        "weather_description_mist",
        "weather_description_moderate rain",
        "weather_description_overcast clouds",
        "weather_description_proximity shower rain",
        "weather_description_scattered clouds",
        "weekday_1",
        "weekday_2",
        "weekday_3",
        "weekday_4",
        "month_2",
        "month_3",
        "month_4",
        "month_5",
        "month_6",
        "month_9",
        "month_10",
        "month_11",
        "month_12",
        "hour_18",
        "progr_number",
        "arr_p",
        "arr_a",
        "dep_p",
        "dep_a",
        "dur_s"
    ]
}