{
    "rows": {
        "start": 21430,
        "route_filter": -2884,
        "nan_filter": -167,
        "negative_dur": 0,
        "outliers": -120,
        "end": 18259
    },
    "scr": 0.973170731707317,
    "stats": {
        "1": {
            "dur_mean": 0.0,
            "dur_std": 0.0
        },
        "2": {
            "dur_mean": 67.6609756097561,
            "dur_std": 44.46717631261296
        },
        "3": {
            "dur_mean": 169.38292682926829,
            "dur_std": 49.37003834097411
        },
        "4": {
            "dur_mean": 210.17317073170733,
            "dur_std": 53.429768011159105
        },
        "5": {
            "dur_mean": 367.72549019607845,
            "dur_std": 61.1384873153462
        },
        "6": {
            "dur_mean": 426.9317073170732,
            "dur_std": 65.70185469995783
        },
        "7": {
            "dur_mean": 449.08048780487803,
            "dur_std": 68.39423230058513
        },
        "8": {
            "dur_mean": 525.3926829268293,
            "dur_std": 200.6098146797423
        },
        "9": {
            "dur_mean": 630.5794621026895,
            "dur_std": 206.53597030091717
        },
        "10": {
            "dur_mean": 667.9,
            "dur_std": 206.64956162618248
        },
        "11": {
            "dur_mean": 743.1731707317073,
            "dur_std": 206.92525317883465
        },
        "12": {
            "dur_mean": 942.7024390243903,
            "dur_std": 207.6668369118209
        },
        "13": {
            "dur_mean": 1012.1002444987776,
            "dur_std": 110.28135686283834
        },
        "14": {
            "dur_mean": 1115.0,
            "dur_std": 115.98922363737073
        },
        "15": {
            "dur_mean": 1185.60391198044,
            "dur_std": 117.37312542866955
        },
        "16": {
            "dur_mean": 1260.7921760391198,
            "dur_std": 120.61282789306075
        },
        "17": {
            "dur_mean": 1353.6136919315404,
            "dur_std": 124.01854861393446
        },
        "18": {
            "dur_mean": 1395.0220048899755,
            "dur_std": 125.69259889332704
        },
        "19": {
            "dur_mean": 1439.4205378973106,
            "dur_std": 127.64551161707358
        },
        "20": {
            "dur_mean": 1465.7310513447433,
            "dur_std": 128.39593344271952
        },
        "21": {
            "dur_mean": 1523.6845965770171,
            "dur_std": 211.95456131249603
        },
        "22": {
            "dur_mean": 1546.4474327628361,
            "dur_std": 212.4814012610834
        },
        "23": {
            "dur_mean": 1578.484107579462,
            "dur_std": 213.35385632000154
        },
        "24": {
            "dur_mean": 1678.601466992665,
            "dur_std": 222.84852654248442
        },
        "25": {
            "dur_mean": 1940.8039215686274,
            "dur_std": 246.11474478643314
        },
        "26": {
            "dur_mean": 2013.0416666666667,
            "dur_std": 250.6128718311103
        },
        "27": {
            "dur_mean": 2466.601466992665,
            "dur_std": 268.7437005149518
        },
        "28": {
            "dur_mean": 2545.9364303178486,
            "dur_std": 271.67444810455106
        },
        "29": {
            "dur_mean": 2802.029339853301,
            "dur_std": 305.0971303388229
        },
        "30": {
            "dur_mean": 2918.5601965601963,
            "dur_std": 314.96205211716045
        },
        "31": {
            "dur_mean": 3295.9387254901962,
            "dur_std": 351.6070353288178
        },
        "32": {
            "dur_mean": 3540.2249388753057,
            "dur_std": 361.94202935252247
        },
        "33": {
            "dur_mean": 3677.5661764705883,
            "dur_std": 377.32472935638674
        },
        "34": {
            "dur_mean": 3826.911980440098,
            "dur_std": 386.1992425920412
        },
        "35": {
            "dur_mean": 4152.573529411765,
            "dur_std": 410.0057163684849
        },
        "36": {
            "dur_mean": 4270.8725490196075,
            "dur_std": 418.47772382524533
        },
        "37": {
            "dur_mean": 4520.26354679803,
            "dur_std": 437.94456721351577
        },
        "38": {
            "dur_mean": 4672.261083743842,
            "dur_std": 443.7739896492278
        },
        "39": {
            "dur_mean": 4786.791666666667,
            "dur_std": 454.3252017256075
        },
        "40": {
            "dur_mean": 5040.791154791154,
            "dur_std": 450.2750479849242
        },
        "41": {
            "dur_mean": 5094.457002457002,
            "dur_std": 453.9846436215597
        },
        "42": {
            "dur_mean": 5118.307125307126,
            "dur_std": 455.49142143224395
        },
        "43": {
            "dur_mean": 5144.697788697788,
            "dur_std": 458.3727048180244
        },
        "44": {
            "dur_mean": 5226.535626535627,
            "dur_std": 456.97336706900364
        },
        "45": {
            "dur_mean": 5444.769423558897,
            "dur_std": 463.9454319058981
        }
    },
    "modelling": {
        "XGBoost": {
            "time": 2.3019700050354004,
            "r_2": 0.9975948946976094,
            "mse": 7224.792104008831,
            "rmse": 84.99877707360754,
            "mae": 58.63338912222759
        },
        "Benchmark": {
            "r_2": 0.9689839032815861,
            "mse": 93170.49463307776,
            "rmse": 305.2384226028528,
            "mae": 208.35487404162103
        }
    },
    "features": [
        "weather_description_few clouds",
        "weather_description_fog",
        "weather_description_heavy intensity rain",
        "weather_description_light intensity drizzle",
        "weather_description_light intensity drizzle rain",
        "weather_description_light intensity shower rain",
        "weather_description_light rain",
        "weather_description_light shower snow",
        "weather_description_mist",
        "weather_description_overcast clouds",
        "weather_description_proximity shower rain",
        "weather_description_scattered clouds",
        "weather_description_sky is clear",
        "weekday_1",
        "weekday_2",
        "weekday_3",
        "weekday_4",
        "month_3",
        "month_4",
        "month_5",
        "month_6",
        "month_7",
        "month_8",
        "month_9",
        "month_10",
        "month_11",
        "month_12",
        "hour_8",
        "hour_9",
        "progr_number",
        "arr_p",
        "arr_a",
        "dep_p",
        "dep_a",
        "dur_s"
    ]
}