{
    "rows": {
        "start": 724659,
        "route_filter": -308497,
        "nan_filter": -68255,
        "negative_dur": -147,
        "outliers": -9581,
        "end": 338179
    },
    "scr": 0.07119565217391305,
    "stats": {
        "1": {
            "dur_mean": 0.0,
            "dur_std": 0.0
        },
        "2": {
            "dur_mean": 114.10542078466607,
            "dur_std": 296.44713694108157
        },
        "3": {
            "dur_mean": 219.12160979877515,
            "dur_std": 481.4726244196574
        },
        "4": {
            "dur_mean": 431.36647334990334,
            "dur_std": 789.51997457051
        },
        "5": {
            "dur_mean": 538.5390732108582,
            "dur_std": 844.162098108638
        },
        "6": {
            "dur_mean": 620.0977011494252,
            "dur_std": 859.5024315362807
        },
        "7": {
            "dur_mean": 738.3706943685074,
            "dur_std": 864.6887328319227
        },
        "8": {
            "dur_mean": 833.5513942044834,
            "dur_std": 869.1084231240483
        },
        "9": {
            "dur_mean": 891.5360852925096,
            "dur_std": 870.6036436464805
        },
        "10": {
            "dur_mean": 928.1556345733042,
            "dur_std": 872.998541036719
        },
        "11": {
            "dur_mean": 999.0593382554006,
            "dur_std": 877.2360784545618
        },
        "12": {
            "dur_mean": 1039.146021328958,
            "dur_std": 877.116878532326
        },
        "13": {
            "dur_mean": 1086.046498905908,
            "dur_std": 878.4079193649502
        },
        "14": {
            "dur_mean": 1161.6246582832148,
            "dur_std": 881.5179402835698
        },
        "15": {
            "dur_mean": 1222.0762711864406,
            "dur_std": 885.4791561585967
        },
        "16": {
            "dur_mean": 1267.002733734281,
            "dur_std": 890.1552288290636
        },
        "17": {
            "dur_mean": 1337.3508196721311,
            "dur_std": 892.7784399649391
        },
        "18": {
            "dur_mean": 1428.419830647364,
            "dur_std": 897.0647483683156
        },
        "19": {
            "dur_mean": 1487.582900846763,
            "dur_std": 900.4283658909138
        },
        "20": {
            "dur_mean": 1532.3007375034144,
            "dur_std": 903.9790923594153
        },
        "21": {
            "dur_mean": 1623.5600764609503,
            "dur_std": 909.2902696036293
        },
        "22": {
            "dur_mean": 1722.9926269797925,
            "dur_std": 917.2623330319794
        },
        "23": {
            "dur_mean": 1794.5525525525525,
            "dur_std": 921.366650735946
        },
        "24": {
            "dur_mean": 1863.98798142584,
            "dur_std": 925.5111683855216
        },
        "25": {
            "dur_mean": 1913.2299290005462,
            "dur_std": 927.024810503879
        },
        "26": {
            "dur_mean": 1951.2329328235937,
            "dur_std": 929.2092331903752
        },
        "27": {
            "dur_mean": 2028.3208629164392,
            "dur_std": 932.3401762832899
        },
        "28": {
            "dur_mean": 2089.51638448935,
            "dur_std": 934.9564583149339
        },
        "29": {
            "dur_mean": 2203.681408681409,
            "dur_std": 940.4818557674752
        },
        "30": {
            "dur_mean": 2231.4194868995633,
            "dur_std": 940.8323189757738
        },
        "31": {
            "dur_mean": 2320.1940502183406,
            "dur_std": 943.8176406207986
        },
        "32": {
            "dur_mean": 2357.964246724891,
            "dur_std": 947.4878110812342
        },
        "33": {
            "dur_mean": 2443.387827510917,
            "dur_std": 955.3719581709986
        },
        "34": {
            "dur_mean": 2533.0922541340296,
            "dur_std": 967.3287261230363
        },
        "35": {
            "dur_mean": 2656.7814153439153,
            "dur_std": 968.0122788066578
        },
        "36": {
            "dur_mean": 2848.958273792512,
            "dur_std": 994.2683128618313
        },
        "37": {
            "dur_mean": 2908.485431400283,
            "dur_std": 996.5970837363252
        },
        "38": {
            "dur_mean": 2959.4941504178273,
            "dur_std": 997.2377494016918
        },
        "39": {
            "dur_mean": 3050.5254610514726,
            "dur_std": 1010.0813642008508
        },
        "40": {
            "dur_mean": 3077.8037818580433,
            "dur_std": 1012.0831378032177
        },
        "41": {
            "dur_mean": 3192.873424657534,
            "dur_std": 1018.8628058986546
        },
        "42": {
            "dur_mean": 3273.4613698630137,
            "dur_std": 1020.5596126670738
        },
        "43": {
            "dur_mean": 3331.964941112024,
            "dur_std": 1023.3265622552345
        },
        "44": {
            "dur_mean": 3416.9052314434402,
            "dur_std": 1026.5388132584417
        },
        "45": {
            "dur_mean": 3439.909564264182,
            "dur_std": 1026.7583167142811
        },
        "46": {
            "dur_mean": 3469.9183337900795,
            "dur_std": 1027.5147027034614
        },
        "47": {
            "dur_mean": 3504.1545628939434,
            "dur_std": 1029.5849560361062
        },
        "48": {
            "dur_mean": 3523.061951754386,
            "dur_std": 1030.0227576476063
        },
        "49": {
            "dur_mean": 3565.0729166666665,
            "dur_std": 1030.6482971520045
        },
        "50": {
            "dur_mean": 3596.282894736842,
            "dur_std": 1031.8461770318722
        },
        "51": {
            "dur_mean": 3667.395890410959,
            "dur_std": 1035.4816113414302
        },
        "52": {
            "dur_mean": 3771.710136986301,
            "dur_std": 1042.2802078157915
        },
        "53": {
            "dur_mean": 3817.8457534246577,
            "dur_std": 1044.1348343244308
        },
        "54": {
            "dur_mean": 3876.123355263158,
            "dur_std": 1046.630467752067
        },
        "55": {
            "dur_mean": 3896.3215460526317,
            "dur_std": 1047.276004352055
        },
        "56": {
            "dur_mean": 3917.4820498766785,
            "dur_std": 1049.789497888892
        },
        "57": {
            "dur_mean": 3925.7777473280353,
            "dur_std": 1050.1444233843288
        },
        "58": {
            "dur_mean": 3959.020005480954,
            "dur_std": 1051.022757885429
        },
        "59": {
            "dur_mean": 3994.112359550562,
            "dur_std": 1051.886385065794
        },
        "60": {
            "dur_mean": 4018.500959166895,
            "dur_std": 1052.6051477677117
        },
        "61": {
            "dur_mean": 4032.3003562619897,
            "dur_std": 1053.1300848189949
        },
        "62": {
            "dur_mean": 4081.5992324561403,
            "dur_std": 1054.1817143842427
        },
        "63": {
            "dur_mean": 4123.335252192983,
            "dur_std": 1055.6432833594058
        },
        "64": {
            "dur_mean": 4161.9092902164975,
            "dur_std": 1059.1398854108759
        },
        "65": {
            "dur_mean": 4225.4820498766785,
            "dur_std": 1064.6845268631682
        },
        "66": {
            "dur_mean": 4285.143522322652,
            "dur_std": 1071.0065905165777
        },
        "67": {
            "dur_mean": 4403.1205479452055,
            "dur_std": 1080.5477812318372
        },
        "68": {
            "dur_mean": 4441.6572602739725,
            "dur_std": 1081.9131517952665
        },
        "69": {
            "dur_mean": 4491.668128254316,
            "dur_std": 1083.835786116771
        },
        "70": {
            "dur_mean": 4544.4334246575345,