{
    "rows": {
        "start": 121248,
        "route_filter": -23459,
        "nan_filter": -6686,
        "negative_dur": 0,
        "outliers": -1018,
        "end": 90085
    },
    "scr": 0.36211512717536815,
    "stats": {
        "1": {
            "dur_mean": 0.0,
            "dur_std": 0.0
        },
        "2": {
            "dur_mean": 104.42171189979123,
            "dur_std": 47.24079284650632
        },
        "3": {
            "dur_mean": 145.81054823039557,
            "dur_std": 63.32427171833536
        },
        "4": {
            "dur_mean": 195.76352288488212,
            "dur_std": 68.34972707878535
        },
        "5": {
            "dur_mean": 216.32871012482664,
            "dur_std": 69.9723559541902
        },
        "6": {
            "dur_mean": 312.882026370576,
            "dur_std": 73.28763701487655
        },
        "7": {
            "dur_mean": 369.05135322692576,
            "dur_std": 83.73859872585811
        },
        "8": {
            "dur_mean": 546.6061026352288,
            "dur_std": 98.89838140616038
        },
        "10": {
            "dur_mean": 578.8981994459833,
            "dur_std": 105.3486046742161
        },
        "11": {
            "dur_mean": 629.8808864265928,
            "dur_std": 108.44241380518794
        },
        "12": {
            "dur_mean": 664.1655124653739,
            "dur_std": 110.90352622553995
        },
        "13": {
            "dur_mean": 788.6569847856155,
            "dur_std": 200.50096059698555
        },
        "14": {
            "dur_mean": 868.0238257317903,
            "dur_std": 221.83741954999786
        },
        "15": {
            "dur_mean": 961.3430311231393,
            "dur_std": 237.19549211177113
        },
        "16": {
            "dur_mean": 1000.1530128639133,
            "dur_std": 240.79326532401527
        },
        "17": {
            "dur_mean": 1048.1355013550135,
            "dur_std": 244.8220618447569
        },
        "18": {
            "dur_mean": 1098.7859078590786,
            "dur_std": 249.6075785829082
        },
        "19": {
            "dur_mean": 1137.1828029790115,
            "dur_std": 252.26619571020618
        },
        "20": {
            "dur_mean": 1162.246955345061,
            "dur_std": 253.3014250997188
        },
        "21": {
            "dur_mean": 1197.2753721244926,
            "dur_std": 254.46485714740714
        },
        "22": {
            "dur_mean": 1231.1069735951253,
            "dur_std": 255.63910173820216
        },
        "23": {
            "dur_mean": 1268.6565040650407,
            "dur_std": 257.08597631665054
        },
        "24": {
            "dur_mean": 1296.4234417344173,
            "dur_std": 258.09629834541227
        },
        "25": {
            "dur_mean": 1328.3258807588077,
            "dur_std": 260.00007855455794
        },
        "26": {
            "dur_mean": 1375.5460704607046,
            "dur_std": 261.719137681248
        },
        "27": {
            "dur_mean": 1416.867298578199,
            "dur_std": 265.20826554392926
        },
        "28": {
            "dur_mean": 1475.1191604603928,
            "dur_std": 269.9034819805083
        },
        "29": {
            "dur_mean": 1511.5781990521327,
            "dur_std": 274.2448194860052
        },
        "30": {
            "dur_mean": 1543.0927555856465,
            "dur_std": 277.82655081737926
        },
        "31": {
            "dur_mean": 1601.9905213270142,
            "dur_std": 282.06128832365226
        },
        "32": {
            "dur_mean": 1677.1799729364006,
            "dur_std": 291.26720327142306
        },
        "33": {
            "dur_mean": 1728.6330399458361,
            "dur_std": 299.750638356093
        },
        "34": {
            "dur_mean": 1778.7588075880758,
            "dur_std": 306.7108196192732
        },
        "35": {
            "dur_mean": 1843.8130081300812,
            "dur_std": 314.0228086180504
        },
        "36": {
            "dur_mean": 1875.4957463263727,
            "dur_std": 321.0259907046444
        },
        "37": {
            "dur_mean": 1913.0440379403794,
            "dur_std": 318.930898564791
        },
        "38": {
            "dur_mean": 1934.9430508474577,
            "dur_std": 321.60767837517795
        },
        "39": {
            "dur_mean": 1972.3224932249323,
            "dur_std": 323.7596728410112
        },
        "40": {
            "dur_mean": 2024.1714092140921,
            "dur_std": 326.73770710315904
        },
        "41": {
            "dur_mean": 2047.8949864498645,
            "dur_std": 330.60395346913737
        },
        "42": {
            "dur_mean": 2075.728997289973,
            "dur_std": 333.0225315316362
        },
        "43": {
            "dur_mean": 2085.5230352303524,
            "dur_std": 333.5877901037545
        },
        "44": {
            "dur_mean": 2112.9065040650407,
            "dur_std": 334.6350798650861
        },
        "45": {
            "dur_mean": 2173.2669376693766,
            "dur_std": 340.75520397340193
        },
        "46": {
            "dur_mean": 2230.6250847457627,
            "dur_std": 350.6792784840829
        },
        "47": {
            "dur_mean": 2305.1816949152544,
            "dur_std": 358.46734020417364
        },
        "48": {
            "dur_mean": 2361.8149152542373,
            "dur_std": 362.1859107834777
        },
        "49": {
            "dur_mean": 2401.269152542373,
            "dur_std": 366.33437446150697
        },
        "50": {
            "dur_mean": 2437.3715254237286,
            "dur_std": 369.67931242174
        },
        "51": {
            "dur_mean": 2449.2589830508473,
            "dur_std": 370.72113621080354
        },
        "52": {
            "dur_mean": 2484.388474576271,
            "dur_std": 372.48086325322754
        },
        "53": {
            "dur_mean": 2502.7783050847456,
            "dur_std": 373.8435796596703
        },
        "54": {
            "dur_mean": 2536.0583446404344,
            "dur_std": 377.1997990177934
        },
        "55": {
            "dur_mean": 2600.4050203527813,
            "dur_std": 386.6361353469715
        },
        "56": {
            "dur_mean": 2669.2090970807876,
            "dur_std": 384.88232391157976
        },
        "57": {
            "dur_mean": 2725.241168478261,
            "dur_std": 386.90437426239936
        },
        "58": {
            "dur_mean": 2856.0231923601636,
            "dur_std": 395.255535964892
        },
        "59": {
            "dur_mean": 2873.914051841746,
            "dur_std": 396.9762719936299
        },
        "60": {
            "dur_mean": 2971.7572746628816,
            "dur_std": 404.84362247194116
        },
        "61": {
            "dur_mean": 2991.704045422285,
            "dur_std": 408.9891342353038
        },
        "62": {
            "dur_mean": 3099.305496074233,
            "dur_std": 431.9138350310165
        },
        "63": {
            "dur_mean": 3324.6029185867897,
            "dur_std": 461.0702932338781
        },
        "9": {
            "dur_mean": 531.0,
            "dur_std": 110.52767375941043
        }
    },
    "modelling": {
        "XGBoost": {
            "time": 11.546954154968262,
            "r_2": 0.9801868966549233,
            "mse": 15461.283884156059,
            "rmse": 124.34341110069346,
            "mae": 87.71484627993426
        },
        "Benchmark": {
            "r_2": 0.7247645295566036,
            "mse": 214781.7870526596,
            "rmse": 463.4455599664966,
            "mae": 336.69230086138
        }
    },