{
    "rows": {
        "start": 107409,
        "route_filter": -12277,
        "nan_filter": -10540,
        "negative_dur": 0,
        "outliers": -842,
        "end": 83750
    },
    "scr": 0.7424892703862661,
    "stats": {
        "1": {
            "dur_mean": 0.0,
            "dur_std": 0.0
        },
        "7": {
            "dur_mean": 615.1921110299488,
            "dur_std": 180.75996667335883
        },
        "8": {
            "dur_mean": 735.8262773722628,
            "dur_std": 194.1102129346442
        },
        "64": {
            "dur_mean": 3526.3131021194604,
            "dur_std": 464.8971965058595
        },
        "2": {
            "dur_mean": 158.36527436527436,
            "dur_std": 90.0115615872283
        },
        "3": {
            "dur_mean": 395.74133949191685,
            "dur_std": 148.79029174260154
        },
        "4": {
            "dur_mean": 449.0694980694981,
            "dur_std": 153.39368022276096
        },
        "5": {
            "dur_mean": 496.626423690205,
            "dur_std": 160.54211493885091
        },
        "6": {
            "dur_mean": 596.9932279909707,
            "dur_std": 173.58996690688042
        },
        "9": {
            "dur_mean": 817.4824817518248,
            "dur_std": 195.8131331434144
        },
        "10": {
            "dur_mean": 876.7138686131386,
            "dur_std": 202.62406733559666
        },
        "11": {
            "dur_mean": 963.0735615440641,
            "dur_std": 213.82459155816824
        },
        "12": {
            "dur_mean": 988.1093176815847,
            "dur_std": 214.14131827740994
        },
        "13": {
            "dur_mean": 1016.1274725274725,
            "dur_std": 216.2713143086727
        },
        "14": {
            "dur_mean": 1048.0996336996336,
            "dur_std": 217.65885500622826
        },
        "15": {
            "dur_mean": 1064.4271062271062,
            "dur_std": 218.1886441942604
        },
        "16": {
            "dur_mean": 1104.6734992679355,
            "dur_std": 219.3436569388803
        },
        "17": {
            "dur_mean": 1134.239209948793,
            "dur_std": 221.38616741621553
        },
        "18": {
            "dur_mean": 1198.3027859237536,
            "dur_std": 226.9396220125261
        },
        "19": {
            "dur_mean": 1298.4175824175825,
            "dur_std": 238.04951242361057
        },
        "20": {
            "dur_mean": 1340.3868131868132,
            "dur_std": 243.70290997519768
        },
        "21": {
            "dur_mean": 1398.820512820513,
            "dur_std": 248.4241699203534
        },
        "22": {
            "dur_mean": 1418.0,
            "dur_std": 250.36801338138648
        },
        "23": {
            "dur_mean": 1440.9130752373997,
            "dur_std": 256.70495364919617
        },
        "24": {
            "dur_mean": 1449.9123447772097,
            "dur_std": 257.8994226321308
        },
        "25": {
            "dur_mean": 1482.335281227173,
            "dur_std": 259.73048771181107
        },
        "26": {
            "dur_mean": 1516.6340394448503,
            "dur_std": 261.0883060347042
        },
        "27": {
            "dur_mean": 1540.6318480642806,
            "dur_std": 262.3442958590003
        },
        "28": {
            "dur_mean": 1553.9203798392987,
            "dur_std": 263.21531655001064
        },
        "29": {
            "dur_mean": 1600.8108108108108,
            "dur_std": 269.4054369786999
        },
        "30": {
            "dur_mean": 1639.9810080350621,
            "dur_std": 271.9584343055364
        },
        "31": {
            "dur_mean": 1675.290723155588,
            "dur_std": 277.1398224862983
        },
        "32": {
            "dur_mean": 1738.5836376917457,
            "dur_std": 283.911809717369
        },
        "33": {
            "dur_mean": 1795.9861212563915,
            "dur_std": 290.1331423748684
        },
        "34": {
            "dur_mean": 1916.7173119065012,
            "dur_std": 305.53911656966665
        },
        "35": {
            "dur_mean": 1950.6749452154856,
            "dur_std": 313.1452967305894
        },
        "36": {
            "dur_mean": 1996.5836376917457,
            "dur_std": 318.95402732203354
        },
        "37": {
            "dur_mean": 2045.7002923976609,
            "dur_std": 323.34019707279623
        },
        "38": {
            "dur_mean": 2108.565789473684,
            "dur_std": 328.49646629441924
        },
        "39": {
            "dur_mean": 2138.995614035088,
            "dur_std": 330.01360391112854
        },
        "40": {
            "dur_mean": 2190.9217836257308,
            "dur_std": 333.71065862541826
        },
        "41": {
            "dur_mean": 2220.87865497076,
            "dur_std": 335.97335023455514
        },
        "42": {
            "dur_mean": 2248.37865497076,
            "dur_std": 337.1988963882821
        },
        "43": {
            "dur_mean": 2286.1798245614036,
            "dur_std": 338.15897899036355
        },
        "44": {
            "dur_mean": 2314.497076023392,
            "dur_std": 338.9960002917866
        },
        "45": {
            "dur_mean": 2339.8814923189466,
            "dur_std": 339.0746934406722
        },
        "46": {
            "dur_mean": 2374.320644216691,
            "dur_std": 341.77328084600754
        },
        "47": {
            "dur_mean": 2423.62187958884,
            "dur_std": 347.87286675442834
        },
        "48": {
            "dur_mean": 2462.3125,
            "dur_std": 353.30435987199786
        },
        "49": {
            "dur_mean": 2521.9463629684055,
            "dur_std": 357.7905720452716
        },
        "50": {
            "dur_mean": 2588.2433823529414,
            "dur_std": 357.2414263132842
        },
        "51": {
            "dur_mean": 2661.630258302583,
            "dur_std": 364.6239050602225
        },
        "52": {
            "dur_mean": 2715.315750371471,
            "dur_std": 370.63626475025893
        },
        "53": {
            "dur_mean": 2866.6,
            "dur_std": 379.15618443182854
        },
        "54": {
            "dur_mean": 2884.0098119378576,
            "dur_std": 361.8737718388705
        },
        "55": {
            "dur_mean": 2915.135842880524,
            "dur_std": 364.56722174775405
        },
        "56": {
            "dur_mean": 2974.351020408163,
            "dur_std": 367.42327804059767
        },
        "57": {
            "dur_mean": 3008.456790123457,
            "dur_std": 370.5023433034028
        },
        "58": {
            "dur_mean": 3184.0496948561463,
            "dur_std": 381.37964412883974
        },
        "59": {
            "dur_mean": 3225.5797733217087,
            "dur_std": 382.40105023462206
        },
        "60": {
            "dur_mean": 3330.4759405074365,
            "dur_std": 385.34234908301465
        },
        "61": {
            "dur_mean": 3354.8292469352014,
            "dur_std": 386.86568076602407
        },
        "62": {
            "dur_mean": 3418.15761821366,
            "dur_std": 390.225678685588
        },
        "63": {
            "dur_mean": 3449.347442680776,
            "dur_std": 393.36087012582533
        }
    },
    "modelling": {
        "XGBoost": {
            "time": 20.01990294456482,
            "r_2": 0.9783048779036712,
            "mse": 18329.27024888727,
            "rmse": 135.38563531219725,
            "mae": 98.13847448922853
        },
        "Benchmark": {
            "r_2": 0.8002965606679942,
            "mse": 168720.79783169358,
            "rmse": 410.75637284367673,
            "mae": 316.17551819658036
        }
    },