{
    "rows": {
        "start": 168717,
        "route_filter": -2663,
        "nan_filter": -10142,
        "negative_dur": 0,
        "outliers": -1847,
        "end": 154065
    },
    "scr": 0.7833712244235141,
    "stats": {
        "1": {
            "dur_mean": 0.0,
            "dur_std": 0.0
        },
        "2": {
            "dur_mean": 29.08261082938001,
            "dur_std": 36.49442168861761
        },
        "3": {
            "dur_mean": 61.948692810457516,
            "dur_std": 41.1703993134363
        },
        "4": {
            "dur_mean": 79.41066188457776,
            "dur_std": 43.99596527517605
        },
        "5": {
            "dur_mean": 131.00539480137323,
            "dur_std": 45.94503074926894
        },
        "6": {
            "dur_mean": 189.26508196721312,
            "dur_std": 51.27979818277063
        },
        "7": {
            "dur_mean": 361.5108331865422,
            "dur_std": 59.078799434257334
        },
        "8": {
            "dur_mean": 446.1402510460251,
            "dur_std": 73.34745684604405
        },
        "9": {
            "dur_mean": 493.3541180393465,
            "dur_std": 76.31776667091063
        },
        "10": {
            "dur_mean": 511.28447994783176,
            "dur_std": 81.55119369233584
        },
        "11": {
            "dur_mean": 574.7822475570033,
            "dur_std": 87.29159237219461
        },
        "12": {
            "dur_mean": 616.8520690778755,
            "dur_std": 92.66638425652822
        },
        "13": {
            "dur_mean": 658.5114876975721,
            "dur_std": 99.64999654929578
        },
        "14": {
            "dur_mean": 774.8366151342555,
            "dur_std": 119.7623759218958
        },
        "15": {
            "dur_mean": 812.6377952755905,
            "dur_std": 130.9257938331818
        },
        "16": {
            "dur_mean": 845.3059397884459,
            "dur_std": 133.89861707217432
        },
        "17": {
            "dur_mean": 944.9554109031733,
            "dur_std": 138.7515787861728
        },
        "18": {
            "dur_mean": 1005.1156849983729,
            "dur_std": 142.6893618552214
        },
        "19": {
            "dur_mean": 1268.0079058031959,
            "dur_std": 167.10354471060694
        },
        "20": {
            "dur_mean": 1285.0426432291667,
            "dur_std": 172.29634285706675
        },
        "21": {
            "dur_mean": 1394.6424713031736,
            "dur_std": 189.04765044957983
        },
        "22": {
            "dur_mean": 1413.2376772451046,
            "dur_std": 191.72292186715416
        },
        "23": {
            "dur_mean": 1517.0203735144312,
            "dur_std": 212.00216486428914
        },
        "24": {
            "dur_mean": 1541.4752122241086,
            "dur_std": 215.4598587566518
        },
        "25": {
            "dur_mean": 1582.7818027210885,
            "dur_std": 216.66220988328968
        },
        "26": {
            "dur_mean": 2114.419776119403,
            "dur_std": 570.305562279795
        }
    },
    "modelling": {
        "XGBoost": {
            "time": 20.67499351501465,
            "r_2": 0.9659108128569882,
            "mse": 11095.752362084759,
            "rmse": 105.33637720220284,
            "mae": 64.57931993786403
        },
        "Benchmark": {
            "r_2": 0.9063150297339864,
            "mse": 30493.69366773113,
            "rmse": 174.6244360555851,
            "mae": 109.19757509671054
        }
    },
    "features": [
        "weather_description_broken clouds",
        "weather_description_drizzle",
        "weather_description_few clouds",
        "weather_description_fog",
        "weather_description_light intensity drizzle",
        "weather_description_light intensity drizzle rain",
        "weather_description_light intensity shower rain",
        "weather_description_light rain",
        "weather_description_light shower snow",
        "weather_description_light snow",
        "weather_description_mist",
        "weather_description_moderate rain",
        "weather_description_overcast clouds",
        "weather_description_proximity shower rain",
        "weather_description_scattered clouds",
        "weather_description_shower rain",
        "weather_description_sky is clear",
        "weather_description_smoke",
        "weekday_1",
        "weekday_2",
        "weekday_3",
        "weekday_4",
        "weekday_5",
        "weekday_6",
        "month_2",
        "month_3",
        "month_4",
        "month_5",
        "month_6",
        "month_7",
        "month_8",
        "month_9",
        "month_10",
        "month_11",
        "month_12",
        "hour_6",
        "hour_7",
        "hour_8",
        "hour_9",
        "hour_10",
        "hour_11",
        "hour_12",
        "hour_13",
        "hour_14",
        "hour_15",
        "hour_16",
        "hour_17",
        "hour_18",
        "hour_19",
        "hour_20",
        "hour_21",
        "hour_22",
        "hour_23",
        "holiday_1",
        "progr_number",
        "dur_s"
    ]
}