{
    "rows": {
        "start": 145111,
        "route_filter": -2623,
        "nan_filter": -737,
        "negative_dur": -5,
        "outliers": -1363,
        "end": 140383
    },
    "scr": 0.4899416909620991,
    "stats": {
        "1": {
            "dur_mean": 0.0,
            "dur_std": 0.0
        },
        "2": {
            "dur_mean": 221.95142813502366,
            "dur_std": 92.19749468061183
        },
        "3": {
            "dur_mean": 281.22899970317604,
            "dur_std": 97.68699324763605
        },
        "4": {
            "dur_mean": 326.1395451860603,
            "dur_std": 104.57389620789274
        },
        "5": {
            "dur_mean": 416.16390777416495,
            "dur_std": 117.4949941386402
        },
        "6": {
            "dur_mean": 440.80894729071315,
            "dur_std": 118.64274326026707
        },
        "7": {
            "dur_mean": 688.7902699495698,
            "dur_std": 143.01495230346706
        },
        "8": {
            "dur_mean": 758.9510396696652,
            "dur_std": 146.41745776653713
        },
        "9": {
            "dur_mean": 856.9197403363825,
            "dur_std": 158.64132265789718
        },
        "10": {
            "dur_mean": 940.1518054532056,
            "dur_std": 171.9369037922624
        },
        "11": {
            "dur_mean": 1022.4812140857522,
            "dur_std": 176.46192545113573
        },
        "12": {
            "dur_mean": 1064.3562168532706,
            "dur_std": 181.00185422908515
        },
        "13": {
            "dur_mean": 1110.6412258729924,
            "dur_std": 186.46309372235817
        },
        "14": {
            "dur_mean": 1155.2105806071324,
            "dur_std": 188.35023745654132
        },
        "15": {
            "dur_mean": 1178.3442381373416,
            "dur_std": 189.0633881917998
        },
        "16": {
            "dur_mean": 1240.6379310344828,
            "dur_std": 194.52972273725072
        },
        "17": {
            "dur_mean": 1314.544188537761,
            "dur_std": 226.700356557055
        },
        "18": {
            "dur_mean": 1383.6711016498136,
            "dur_std": 213.83918653367638
        },
        "20": {
            "dur_mean": 1509.1714285714286,
            "dur_std": 249.08054364438735
        },
        "21": {
            "dur_mean": 1540.259317502752,
            "dur_std": 258.1460260679671
        },
        "22": {
            "dur_mean": 1594.7426955702167,
            "dur_std": 272.3701430424223
        },
        "19": {
            "dur_mean": 1497.6283844094019,
            "dur_std": 236.17481220544244
        }
    },
    "modelling": {
        "XGBoost": {
            "time": 19.049970865249634,
            "r_2": 0.9474771405665805,
            "mse": 12878.164722984242,
            "rmse": 113.48200175791861,
            "mae": 79.04248583403673
        },
        "Benchmark": {
            "r_2": 0.8718833263026812,
            "mse": 31413.13411784819,
            "rmse": 177.2375076496174,
            "mae": 123.93375313426031
        }
    },
    "features": [
        "weather_description_broken clouds",
        "weather_description_drizzle",
        "weather_description_few clouds",
        "weather_description_fog",
        "weather_description_light intensity drizzle",
        "weather_description_light intensity drizzle rain",
        "weather_description_light intensity shower rain",
        "weather_description_light rain",
        "weather_description_light shower snow",
        "weather_description_light snow",
        "weather_description_mist",
        "weather_description_moderate rain",
        "weather_description_overcast clouds",
        "weather_description_proximity shower rain",
        "weather_description_scattered clouds",
        "weather_description_shower rain",
        "weather_description_sky is clear",
        "weather_description_smoke",
        "weekday_1",
        "weekday_2",
        "weekday_3",
        "weekday_4",
        "weekday_5",
        "weekday_6",
        "month_2",
        "month_3",
        "month_4",
        "month_5",
        "month_6",
        "month_7",
        "month_8",
        "month_9",
        "month_10",
        "month_11",
        "month_12",
        "hour_1",
        "hour_6",
        "hour_7",
        "hour_8",
        "hour_9",
        "hour_10",
        "hour_11",
        "hour_12",
        "hour_13",
        "hour_14",
        "hour_15",
        "hour_16",
        "hour_17",
        "hour_18",
        "hour_19",
        "hour_20",
        "hour_21",
        "hour_22",
        "hour_23",
        "holiday_1",
        "progr_number",
        "dur_s"
    ]
}