{
    "rows": {
        "start": 384725,
        "route_filter": 0,
        "nan_filter": -14027,
        "negative_dur": 0,
        "outliers": -3167,
        "end": 367531
    },
    "scr": 0.0015465143944801332,
    "stats": {
        "1": {
            "dur_mean": 0.0,
            "dur_std": 0.0
        },
        "2": {
            "dur_mean": 152.08638712002883,
            "dur_std": 57.95579708471494
        },
        "3": {
            "dur_mean": 188.43532934131736,
            "dur_std": 65.14853494839448
        },
        "4": {
            "dur_mean": 257.16944278010783,
            "dur_std": 87.58442058731197
        },
        "5": {
            "dur_mean": 397.0038291252842,
            "dur_std": 164.114277732781
        },
        "6": {
            "dur_mean": 600.1114468753777,
            "dur_std": 204.92494770812914
        },
        "7": {
            "dur_mean": 620.3306906906907,
            "dur_std": 209.60511332737187
        },
        "9": {
            "dur_mean": 1089.79261736949,
            "dur_std": 267.36403616712107
        },
        "10": {
            "dur_mean": 1342.3646019811433,
            "dur_std": 316.5466290116182
        },
        "11": {
            "dur_mean": 1500.08740234375,
            "dur_std": 331.4339524395194
        },
        "12": {
            "dur_mean": 1546.8130297892953,
            "dur_std": 338.45521717637877
        },
        "13": {
            "dur_mean": 1592.882691615689,
            "dur_std": 351.8531137226502
        },
        "14": {
            "dur_mean": 1778.941056667066,
            "dur_std": 393.89863456963735
        },
        "15": {
            "dur_mean": 1829.298811952478,
            "dur_std": 398.33941673092795
        },
        "16": {
            "dur_mean": 1885.8269276963729,
            "dur_std": 408.1751242841994
        },
        "17": {
            "dur_mean": 1941.4903730445246,
            "dur_std": 416.93748122262366
        },
        "18": {
            "dur_mean": 2000.0881502890174,
            "dur_std": 428.649408590803
        },
        "19": {
            "dur_mean": 2041.1052631578948,
            "dur_std": 439.94595986664683
        },
        "20": {
            "dur_mean": 2154.0619053354208,
            "dur_std": 474.2116159806581
        },
        "21": {
            "dur_mean": 2246.6646995062024,
            "dur_std": 494.67138671926926
        },
        "22": {
            "dur_mean": 2310.48109344894,
            "dur_std": 514.3927653279735
        },
        "23": {
            "dur_mean": 2385.3178481165,
            "dur_std": 531.4358920075016
        },
        "24": {
            "dur_mean": 2456.393979530403,
            "dur_std": 542.351154396054
        },
        "25": {
            "dur_mean": 2499.1503551221863,
            "dur_std": 549.6365041416929
        },
        "26": {
            "dur_mean": 2541.083052479538,
            "dur_std": 555.6279072694961
        },
        "27": {
            "dur_mean": 2612.7214397496086,
            "dur_std": 560.2447952509466
        },
        "28": {
            "dur_mean": 2646.5077645359333,
            "dur_std": 563.5636193687386
        },
        "29": {
            "dur_mean": 2710.167027677497,
            "dur_std": 570.6448884014936
        },
        "30": {
            "dur_mean": 2973.5905322600024,
            "dur_std": 636.1336910455174
        },
        "31": {
            "dur_mean": 3047.562094643286,
            "dur_std": 647.4078990832943
        },
        "32": {
            "dur_mean": 3321.1012977649602,
            "dur_std": 714.9031198767533
        },
        "33": {
            "dur_mean": 3397.658246120534,
            "dur_std": 719.9683040021367
        },
        "34": {
            "dur_mean": 3434.4516710747776,
            "dur_std": 725.3266049918968
        },
        "35": {
            "dur_mean": 3483.8190453288444,
            "dur_std": 728.2440933060902
        },
        "36": {
            "dur_mean": 3526.8971737823213,
            "dur_std": 732.4593996128779
        },
        "37": {
            "dur_mean": 3682.427901383043,
            "dur_std": 759.6102413281952
        },
        "38": {
            "dur_mean": 3723.947906641001,
            "dur_std": 763.3092886906131
        },
        "39": {
            "dur_mean": 3758.7376398412125,
            "dur_std": 765.8921478232226
        },
        "40": {
            "dur_mean": 3824.39578313253,
            "dur_std": 771.6960649029022
        },
        "41": {
            "dur_mean": 3868.517033826893,
            "dur_std": 776.3319612322975
        },
        "42": {
            "dur_mean": 3941.049945447933,
            "dur_std": 776.6348405059424
        },
        "43": {
            "dur_mean": 3992.173837287227,
            "dur_std": 745.2683961117855
        },
        "44": {
            "dur_mean": 4009.446435736258,
            "dur_std": 746.1552707321708
        },
        "45": {
            "dur_mean": 4027.4035298836743,
            "dur_std": 748.7942832292404
        },
        "46": {
            "dur_mean": 4324.5658396946565,
            "dur_std": 848.3598161562306
        },
        "8": {
            "dur_mean": 708.0769230769231,
            "dur_std": 254.89359268083535
        }
    },
    "modelling": {
        "XGBoost": {
            "time": 104.94243216514587,
            "r_2": 0.9607139360184591,
            "mse": 68444.05460488693,
            "rmse": 261.6181465512034,
            "mae": 187.3256713665687
        },
        "Benchmark": {
            "r_2": 0.905463565181006,
            "mse": 164701.07338680714,
            "rmse": 405.8338002025055,
            "mae": 282.084585831982
        }
    },
    "features": [
        "weather_description_broken clouds",
        "weather_description_drizzle",
        "weather_description_few clouds",
        "weather_description_fog",
        "weather_description_light intensity drizzle",
        "weather_description_light intensity drizzle rain",
        "weather_description_light intensity shower rain",
        "weather_description_light rain",
        "weather_description_light shower snow",
        "weather_description_light snow",
        "weather_description_mist",
        "weather_description_moderate rain",
        "weather_description_overcast clouds",
        "weather_description_proximity shower rain",
        "weather_description_scattered clouds",
        "weather_description_sky is clear",
        "weather_description_smoke",
        "weekday_1",
        "weekday_2",
        "weekday_3",
        "weekday_4",
        "weekday_5",
        "weekday_6",
        "month_2",
        "month_3",
        "month_4",
        "month_5",
        "month_6",
        "month_7",
        "month_8",
        "month_9",
        "month_10",
        "month_11",
        "month_12",
        "hour_7",
        "hour_8",
        "hour_9",
        "hour_10",
        "hour_11",
        "hour_12",
        "hour_13",
        "hour_14",
        "hour_15",
        "hour_16",
        "hour_17",
        "hour_18",
        "hour_19",
        "hour_20",
        "hour_21",
        "hour_22",
        "hour_23",
        "holiday_1",
        "progr_number",
        "dur_s"
    ]
}