{
    "rows": {
        "start": 7289,
        "route_filter": 0,
        "nan_filter": -45,
        "negative_dur": 0,
        "outliers": -52,
        "end": 7192
    },
    "scr": 0.004132231404958678,
    "stats": {
        "1": {
            "dur_mean": 0.0,
            "dur_std": 0.0
        },
        "2": {
            "dur_mean": 165.3305785123967,
            "dur_std": 52.29597993637999
        },
        "3": {
            "dur_mean": 201.56611570247935,
            "dur_std": 54.76965882300361
        },
        "4": {
            "dur_mean": 264.05785123966945,
            "dur_std": 59.04949713906223
        },
        "5": {
            "dur_mean": 370.53719008264466,
            "dur_std": 71.28227347366017
        },
        "6": {
            "dur_mean": 562.3291666666667,
            "dur_std": 84.03792219887094
        },
        "7": {
            "dur_mean": 578.7656903765691,
            "dur_std": 86.1884509084864
        },
        "9": {
            "dur_mean": 983.3719008264463,
            "dur_std": 122.8026201777183
        },
        "10": {
            "dur_mean": 1151.7727272727273,
            "dur_std": 141.76587121258734
        },
        "11": {
            "dur_mean": 1330.1410788381743,
            "dur_std": 155.77100183869672
        },
        "12": {
            "dur_mean": 1373.3153526970955,
            "dur_std": 159.41484185915454
        },
        "13": {
            "dur_mean": 1414.0954356846473,
            "dur_std": 163.9252726724799
        },
        "14": {
            "dur_mean": 1587.5413223140497,
            "dur_std": 182.83589093958443
        },
        "15": {
            "dur_mean": 1646.2314049586778,
            "dur_std": 192.42245882715574
        },
        "16": {
            "dur_mean": 1692.4173553719008,
            "dur_std": 198.14757113450543
        },
        "17": {
            "dur_mean": 1743.801652892562,
            "dur_std": 202.55407022953455
        },
        "18": {
            "dur_mean": 1801.0123966942149,
            "dur_std": 210.85525273281763
        },
        "19": {
            "dur_mean": 1835.2768595041323,
            "dur_std": 215.45946707425526
        },
        "20": {
            "dur_mean": 1927.1157024793388,
            "dur_std": 225.5533974585755
        },
        "21": {
            "dur_mean": 2016.3181818181818,
            "dur_std": 233.84706585174183
        },
        "22": {
            "dur_mean": 2070.938016528926,
            "dur_std": 246.98614934411555
        },
        "23": {
            "dur_mean": 2136.9793388429753,
            "dur_std": 253.5479600313826
        },
        "24": {
            "dur_mean": 2213.5785123966944,
            "dur_std": 259.8345548323294
        },
        "25": {
            "dur_mean": 2260.4752066115702,
            "dur_std": 267.1999449589328
        },
        "26": {
            "dur_mean": 2319.4297520661157,
            "dur_std": 273.3005983097234
        },
        "27": {
            "dur_mean": 2423.082987551867,
            "dur_std": 277.36316701700684
        },
        "28": {
            "dur_mean": 2466.6721991701243,
            "dur_std": 280.8868626313689
        },
        "29": {
            "dur_mean": 2543.1535269709543,
            "dur_std": 286.8568408886077
        },
        "30": {
            "dur_mean": 3374.698347107438,
            "dur_std": 369.5219687534795
        },
        "31": {
            "dur_mean": 3474.936440677966,
            "dur_std": 391.26600869490727
        },
        "8": {
            "dur_mean": 646.0,
            "dur_std": NaN
        }
    },
    "modelling": {
        "XGBoost": {
            "time": 0.9410021305084229,
            "r_2": 0.9953711265400891,
            "mse": 3728.677242020787,
            "rmse": 61.062895788037984,
            "mae": 43.21905556675855
        },
        "Benchmark": {
            "r_2": 0.8681337396199902,
            "mse": 106221.68186874305,
            "rmse": 325.9166793349844,
            "mae": 223.5984427141268
        }
    },
    "features": [
        "weather_description_broken clouds",
        "weather_description_few clouds",
        "weather_description_fog",
        "weather_description_light intensity drizzle",
        "weather_description_light intensity drizzle rain",
        "weather_description_light intensity shower rain",
        "weather_description_light rain",
        "weather_description_light shower snow",
        "weather_description_mist",
        "weather_description_overcast clouds",
        "weather_description_proximity shower rain",
        "weather_description_scattered clouds",
        "weather_description_sky is clear",
        "weekday_1",
        "weekday_2",
        "weekday_3",
        "weekday_4",
        "month_2",
        "month_3",
        "month_4",
        "month_5",
        "month_6",
        "month_7",
        "month_8",
        "month_9",
        "month_10",
        "month_11",
        "month_12",
        "hour_8",
        "holiday_1",
        "progr_number",
        "arr_p",
        "arr_a",
        "dep_p",
        "dep_a",
        "dur_s"
    ]
}