{
    "rows": {
        "start": 6172,
        "route_filter": 0,
        "nan_filter": -901,
        "negative_dur": 0,
        "outliers": -84,
        "end": 5187
    },
    "scr": 0.006535947712418301,
    "stats": {
        "1": {
            "dur_mean": 0.0,
            "dur_std": 0.0
        },
        "2": {
            "dur_mean": 118.16993464052288,
            "dur_std": 36.00690556021186
        },
        "3": {
            "dur_mean": 700.2105263157895,
            "dur_std": 116.42538079145967
        },
        "4": {
            "dur_mean": 761.6209150326797,
            "dur_std": 125.73750887714809
        },
        "5": {
            "dur_mean": 857.9477124183006,
            "dur_std": 132.45479819097338
        },
        "6": {
            "dur_mean": 931.9281045751634,
            "dur_std": 135.62550531437097
        },
        "7": {
            "dur_mean": 954.4575163398692,
            "dur_std": 136.21765608026507
        },
        "8": {
            "dur_mean": 1002.0457516339869,
            "dur_std": 140.18025706911877
        },
        "9": {
            "dur_mean": 1017.9542483660131,
            "dur_std": 140.85543820514786
        },
        "10": {
            "dur_mean": 1071.0261437908496,
            "dur_std": 142.94661994643585
        },
        "11": {
            "dur_mean": 1108.6013071895425,
            "dur_std": 146.63638073880148
        },
        "12": {
            "dur_mean": 1134.0980392156862,
            "dur_std": 148.3640510395522
        },
        "13": {
            "dur_mean": 1179.6928104575163,
            "dur_std": 152.89811197440878
        },
        "14": {
            "dur_mean": 1231.6143790849674,
            "dur_std": 155.33885389278421
        },
        "15": {
            "dur_mean": 1307.4052287581699,
            "dur_std": 158.01305067305842
        },
        "16": {
            "dur_mean": 1333.6013071895425,
            "dur_std": 160.56894485208397
        },
        "17": {
            "dur_mean": 1389.3529411764705,
            "dur_std": 160.37609869945
        },
        "18": {
            "dur_mean": 1478.8954248366013,
            "dur_std": 161.20872231359814
        },
        "19": {
            "dur_mean": 1520.9607843137255,
            "dur_std": 162.52489211587115
        },
        "20": {
            "dur_mean": 1591.4444444444443,
            "dur_std": 167.1587603734565
        },
        "21": {
            "dur_mean": 1724.8169934640523,
            "dur_std": 173.54278396757687
        },
        "22": {
            "dur_mean": 1788.9150326797385,
            "dur_std": 177.07536113906934
        },
        "23": {
            "dur_mean": 1819.549019607843,
            "dur_std": 179.7485795704242
        },
        "24": {
            "dur_mean": 1900.8692810457517,
            "dur_std": 188.0252535114163
        },
        "25": {
            "dur_mean": 2058.4834437086092,
            "dur_std": 196.03914079607114
        },
        "26": {
            "dur_mean": 2200.7434210526317,
            "dur_std": 258.0877333429975
        },
        "28": {
            "dur_mean": 2695.3154362416108,
            "dur_std": 232.97860031783688
        },
        "29": {
            "dur_mean": 2818.122448979592,
            "dur_std": 230.3412863366481
        },
        "30": {
            "dur_mean": 2897.0408163265306,
            "dur_std": 232.59368056855058
        },
        "31": {
            "dur_mean": 2961.639455782313,
            "dur_std": 236.76674683152035
        },
        "32": {
            "dur_mean": 3027.6938775510203,
            "dur_std": 261.0528108079896
        },
        "33": {
            "dur_mean": 3061.062068965517,
            "dur_std": 270.64717244786243
        },
        "34": {
            "dur_mean": 3181.821917808219,
            "dur_std": 295.44231445659415
        },
        "35": {
            "dur_mean": 3238.9225352112676,
            "dur_std": 302.31358652059544
        },
        "36": {
            "dur_mean": 3311.4126984126983,
            "dur_std": 237.08911043690387
        },
        "37": {
            "dur_mean": 3339.0476190476193,
            "dur_std": 234.80853068606626
        },
        "27": {
            "dur_mean": 2614.0,
            "dur_std": NaN
        }
    },
    "modelling": {
        "XGBoost": {
            "time": 1.0656282901763916,
            "r_2": 0.9976905561560818,
            "mse": 2017.2355772841036,
            "rmse": 44.91364578036505,
            "mae": 30.90639587926607
        },
        "Benchmark": {
            "r_2": 0.8536816122226007,
            "mse": 127805.08095605244,
            "rmse": 357.498364969761,
            "mae": 278.3207401696222
        }
    },
    "features": [
        "weather_description_few clouds",
        "weather_description_light intensity drizzle",
        "weather_description_light intensity drizzle rain",
        "weather_description_light intensity shower rain",
        "weather_description_light rain",
        "weather_description_light shower snow",
        "weather_description_mist",
        "weather_description_moderate rain",
        "weather_description_overcast clouds",
        "weather_description_proximity shower rain",
        "weather_description_scattered clouds",
        "weather_description_sky is clear",
        "weekday_1",
        "weekday_2",
        "weekday_3",
        "weekday_4",
        "month_2",
        "month_3",
        "month_4",
        "month_5",
        "month_6",
        "month_7",
        "month_8",
        "month_9",
        "month_10",
        "month_11",
        "month_12",
        "hour_18",
        "progr_number",
        "arr_p",
        "arr_a",
        "dep_p",
        "dep_a",
        "dur_s"
    ]
}