{
    "rows": {
        "start": 830733,
        "route_filter": -28054,
        "nan_filter": -58907,
        "negative_dur": -69,
        "outliers": -6997,
        "end": 736706
    },
    "scr": 0.0015714549824366797,
    "stats": {
        "1": {
            "dur_mean": 0.0,
            "dur_std": 0.0
        },
        "2": {
            "dur_mean": 138.64251069900143,
            "dur_std": 53.946179998928955
        },
        "3": {
            "dur_mean": 168.36253832574562,
            "dur_std": 63.6850024482864
        },
        "4": {
            "dur_mean": 232.85570469798657,
            "dur_std": 90.27322428561473
        },
        "5": {
            "dur_mean": 358.76963253124416,
            "dur_std": 160.52909643545428
        },
        "6": {
            "dur_mean": 548.1804836736615,
            "dur_std": 205.18222376560595
        },
        "7": {
            "dur_mean": 564.9094230048707,
            "dur_std": 207.47041287032977
        },
        "8": {
            "dur_mean": 747.7655380552674,
            "dur_std": 239.75344837773955
        },
        "9": {
            "dur_mean": 874.0629114162122,
            "dur_std": 264.7631765040031
        },
        "10": {
            "dur_mean": 904.7962511715089,
            "dur_std": 273.19509570931524
        },
        "11": {
            "dur_mean": 1268.6327117543372,
            "dur_std": 383.426634122468
        },
        "12": {
            "dur_mean": 1406.4877083922013,
            "dur_std": 398.2607038481813
        },
        "13": {
            "dur_mean": 1456.6400675929403,
            "dur_std": 407.0532123917517
        },
        "14": {
            "dur_mean": 1539.890207437862,
            "dur_std": 416.19145651177206
        },
        "15": {
            "dur_mean": 1682.4428384930995,
            "dur_std": 425.85728316353345
        },
        "16": {
            "dur_mean": 1774.3245409637432,
            "dur_std": 446.87806401366794
        },
        "17": {
            "dur_mean": 1816.2493002425826,
            "dur_std": 453.7895104944791
        },
        "18": {
            "dur_mean": 1909.0931057001585,
            "dur_std": 473.41112631772256
        },
        "19": {
            "dur_mean": 1979.6784914115012,
            "dur_std": 484.2480611603929
        },
        "20": {
            "dur_mean": 2009.1163789080729,
            "dur_std": 489.6156536727571
        },
        "21": {
            "dur_mean": 2046.505455562809,
            "dur_std": 496.73211785271116
        },
        "22": {
            "dur_mean": 2133.4144110509615,
            "dur_std": 525.4048639610438
        },
        "23": {
            "dur_mean": 2218.4472652604068,
            "dur_std": 542.1683190708696
        },
        "24": {
            "dur_mean": 2273.9034064395705,
            "dur_std": 558.577361141873
        },
        "25": {
            "dur_mean": 2341.6830519541086,
            "dur_std": 573.4657209604212
        },
        "26": {
            "dur_mean": 2412.160152970805,
            "dur_std": 585.2585804341243
        },
        "27": {
            "dur_mean": 2453.1036090646276,
            "dur_std": 592.6079988014463
        },
        "28": {
            "dur_mean": 2493.5671516508114,
            "dur_std": 596.4424568573422
        },
        "29": {
            "dur_mean": 2564.334546133035,
            "dur_std": 603.6027329459145
        },
        "30": {
            "dur_mean": 2596.7945703890286,
            "dur_std": 606.3859050142598
        },
        "31": {
            "dur_mean": 2658.484415826801,
            "dur_std": 612.350738554817
        },
        "32": {
            "dur_mean": 2913.8411441349112,
            "dur_std": 673.5354595679796
        },
        "33": {
            "dur_mean": 2987.0292446679705,
            "dur_std": 682.9764467587676
        },
        "34": {
            "dur_mean": 3057.9837868058144,
            "dur_std": 689.9491040707861
        },
        "35": {
            "dur_mean": 3129.670114621191,
            "dur_std": 702.0385021825157
        },
        "36": {
            "dur_mean": 3176.4214891436027,
            "dur_std": 713.1197114717318
        },
        "37": {
            "dur_mean": 3286.928145386766,
            "dur_std": 729.9743222201479
        },
        "38": {
            "dur_mean": 3380.160018639329,
            "dur_std": 742.241334062743
        },
        "39": {
            "dur_mean": 3441.250442725324,
            "dur_std": 751.4899129759893
        },
        "40": {
            "dur_mean": 3481.2748369058713,
            "dur_std": 757.8743532574363
        },
        "42": {
            "dur_mean": 3713.115130045679,
            "dur_std": 799.1571162651281
        },
        "43": {
            "dur_mean": 3815.546914623838,
            "dur_std": 828.6933612913131
        },
        "44": {
            "dur_mean": 3874.7057228352346,
            "dur_std": 846.3803739946824
        },
        "45": {
            "dur_mean": 3904.294502617801,
            "dur_std": 851.4671880660649
        },
        "46": {
            "dur_mean": 3973.989247311828,
            "dur_std": 867.4666865039093
        },
        "47": {
            "dur_mean": 4013.1943327410454,
            "dur_std": 871.9318898602295
        },
        "48": {
            "dur_mean": 4066.7146063213017,
            "dur_std": 877.0175173315508
        },
        "49": {
            "dur_mean": 4104.326786382342,
            "dur_std": 880.1058767763132
        },
        "50": {
            "dur_mean": 4138.685652824542,
            "dur_std": 883.8774695660828
        },
        "51": {
            "dur_mean": 4176.216704077815,
            "dur_std": 887.3813933399572
        },
        "52": {
            "dur_mean": 4226.410361919013,
            "dur_std": 892.5619977781142
        },
        "53": {
            "dur_mean": 4272.5093986720285,
            "dur_std": 897.1568472448442
        },
        "54": {
            "dur_mean": 4333.345617809372,
            "dur_std": 903.1046416781368
        },
        "55": {
            "dur_mean": 4407.547342814371,
            "dur_std": 911.7768449950897
        },
        "56": {
            "dur_mean": 4545.103318957435,
            "dur_std": 933.3249359750107
        },
        "57": {
            "dur_mean": 4560.514483922378,
            "dur_std": 935.6615824633559
        },
        "58": {
            "dur_mean": 4592.251992125246,
            "dur_std": 938.0057073278765
        },
        "59": {
            "dur_mean": 4651.366654163541,
            "dur_std": 951.2655594153981
        },
        "60": {
            "dur_mean": 4679.391226919111,
            "dur_std": 960.2246689153868
        },
        "61": {
            "dur_mean": 4757.460463371166,
            "dur_std": 962.4771622536227
        },
        "62": {
            "dur_mean": 4784.543468067148,
            "dur_std": 966.8405440165234
        },
        "63": {
            "dur_mean": 4897.35178098322,
            "dur_std": 970.818866234488
        },
        "64": {
            "dur_mean": 4902.918676708933,
            "dur_std": 974.2111042831259
        },
        "65": {
            "dur_mean": 4952.151983218917,
            "dur_std": 977.5513252365807
        },
        "66": {
            "dur_mean": 5024.326452599388,
            "dur_std": 981.1365577397357
        },
        "67": {
            "dur_mean": 5104.6932310114125,
            "dur_std": 968.2559944130203
        },
        "68": {
            "dur_mean": 5131.590569744597,
            "dur_std": 973.2280070255764
        },
        "69": {
            "dur_mean": 5160.521199055538,
            "dur_std": 940.7751099395471
        },
        "70": {
            "dur_mean": 5199.114652956298,
            "dur_std": 942.1267847612535
        },
        "71": {
            "dur_mean": 5222.531553144884,