{
    "rows": {
        "start": 2122912,
        "route_filter": -39701,
        "nan_filter": -102301,
        "negative_dur": -82,
        "outliers": -14540,
        "end": 1966288
    },
    "scr": 0.5458891013384322,
    "stats": {
        "1": {
            "dur_mean": 0.0,
            "dur_std": 0.0
        },
        "2": {
            "dur_mean": 117.04381619749506,
            "dur_std": 54.94415805661258
        },
        "3": {
            "dur_mean": 176.80531794706263,
            "dur_std": 63.53250822455457
        },
        "4": {
            "dur_mean": 199.64581479983826,
            "dur_std": 65.1433246266404
        },
        "5": {
            "dur_mean": 289.6900343642612,
            "dur_std": 89.98629997644503
        },
        "6": {
            "dur_mean": 510.2420597950368,
            "dur_std": 125.41765880844142
        },
        "7": {
            "dur_mean": 557.7996105655266,
            "dur_std": 131.3928447095813
        },
        "8": {
            "dur_mean": 618.511942352846,
            "dur_std": 138.11552139492701
        },
        "9": {
            "dur_mean": 649.7409886299492,
            "dur_std": 141.96186064100647
        },
        "10": {
            "dur_mean": 688.6351068117694,
            "dur_std": 145.23429133693932
        },
        "11": {
            "dur_mean": 732.5693510051162,
            "dur_std": 150.0610028725705
        },
        "12": {
            "dur_mean": 804.3789651429261,
            "dur_std": 161.44042782111936
        },
        "13": {
            "dur_mean": 848.6346130653267,
            "dur_std": 167.6532451142435
        },
        "14": {
            "dur_mean": 919.5880128720837,
            "dur_std": 178.38649522929057
        },
        "15": {
            "dur_mean": 960.0892590650587,
            "dur_std": 183.1933750442951
        },
        "16": {
            "dur_mean": 1023.274034178343,
            "dur_std": 188.9913798349388
        },
        "17": {
            "dur_mean": 1077.5102040816328,
            "dur_std": 194.132373378435
        },
        "18": {
            "dur_mean": 1121.8479298075367,
            "dur_std": 198.8923135830296
        },
        "19": {
            "dur_mean": 1177.1545550076792,
            "dur_std": 206.21591195527358
        },
        "20": {
            "dur_mean": 1212.9977422996292,
            "dur_std": 209.53286636946507
        },
        "21": {
            "dur_mean": 1244.3082900511333,
            "dur_std": 212.52805906695372
        },
        "22": {
            "dur_mean": 1345.0750761584095,
            "dur_std": 229.55354568293146
        },
        "23": {
            "dur_mean": 1398.1076603728395,
            "dur_std": 244.2198517598677
        },
        "24": {
            "dur_mean": 1451.3032335329342,
            "dur_std": 251.3596721896909
        },
        "25": {
            "dur_mean": 1508.442550983757,
            "dur_std": 259.80486137533785
        },
        "26": {
            "dur_mean": 1557.7790414621493,
            "dur_std": 268.3830704160299
        },
        "27": {
            "dur_mean": 1677.789609975698,
            "dur_std": 296.6153037245329
        },
        "28": {
            "dur_mean": 1723.150921567063,
            "dur_std": 302.01958262502956
        },
        "29": {
            "dur_mean": 1746.4932502596055,
            "dur_std": 303.36316122288605
        },
        "30": {
            "dur_mean": 1771.2009825458322,
            "dur_std": 307.4580968735634
        },
        "31": {
            "dur_mean": 1840.9085207526066,
            "dur_std": 317.93302549022536
        },
        "32": {
            "dur_mean": 1976.3852360789326,
            "dur_std": 339.23090753635836
        },
        "33": {
            "dur_mean": 2069.305035971223,
            "dur_std": 349.15488886014947
        },
        "34": {
            "dur_mean": 2129.33164,
            "dur_std": 356.7668766002247
        },
        "35": {
            "dur_mean": 2277.6027742244964,
            "dur_std": 393.69117686970293
        },
        "36": {
            "dur_mean": 2454.9772227202347,
            "dur_std": 405.331921211419
        },
        "37": {
            "dur_mean": 2677.756836056889,
            "dur_std": 451.8969937762077
        },
        "38": {
            "dur_mean": 2911.431145799281,
            "dur_std": 493.0958371730117
        },
        "39": {
            "dur_mean": 3109.428038685354,
            "dur_std": 513.1567648769318
        },
        "40": {
            "dur_mean": 3239.326973576235,
            "dur_std": 530.1068933955567
        },
        "41": {
            "dur_mean": 3299.1782720693463,
            "dur_std": 535.1304020673732
        },
        "42": {
            "dur_mean": 3393.6173323531816,
            "dur_std": 549.0862102267236
        },
        "43": {
            "dur_mean": 3468.4034042205803,
            "dur_std": 562.4456540235161
        },
        "44": {
            "dur_mean": 3513.685793576297,
            "dur_std": 566.7159675134062
        },
        "45": {
            "dur_mean": 3607.255222784397,
            "dur_std": 581.1164993278534
        },
        "46": {
            "dur_mean": 3643.091658504734,
            "dur_std": 584.0083629129736
        },
        "47": {
            "dur_mean": 3706.035221614562,
            "dur_std": 605.1244360146669
        },
        "48": {
            "dur_mean": 3831.857987924282,
            "dur_std": 637.8828574793478
        },
        "49": {
            "dur_mean": 3893.665633412187,
            "dur_std": 645.715018419859
        },
        "50": {
            "dur_mean": 3932.8106366491293,
            "dur_std": 648.0237321854559
        },
        "51": {
            "dur_mean": 4046.580882052956,
            "dur_std": 661.3232118954011
        },
        "52": {
            "dur_mean": 4085.2262711172775,
            "dur_std": 665.0570600611518
        },
        "53": {
            "dur_mean": 4149.172289992249,
            "dur_std": 670.399317342099
        },
        "54": {
            "dur_mean": 4201.738880274219,
            "dur_std": 675.2239860250867
        },
        "55": {
            "dur_mean": 4255.276918682933,
            "dur_std": 680.3638232022245
        },
        "56": {
            "dur_mean": 4279.06445559499,
            "dur_std": 683.9081699766731
        },
        "57": {
            "dur_mean": 4318.754294340854,
            "dur_std": 689.452838677355
        },
        "58": {
            "dur_mean": 4437.053133792766,
            "dur_std": 711.3307955401199
        },
        "59": {
            "dur_mean": 4561.0474695159255,
            "dur_std": 742.0267017645289
        },
        "60": {
            "dur_mean": 4632.051335372069,
            "dur_std": 764.7476975804012
        },
        "61": {
            "dur_mean": 4706.967298674822,
            "dur_std": 793.1805163408604
        },
        "62": {
            "dur_mean": 4766.244208809136,
            "dur_std": 807.4872801735894
        },
        "63": {
            "dur_mean": 4807.880833877284,
            "dur_std": 812.9305497873225
        },
        "64": {
            "dur_mean": 4861.081771790161,
            "dur_std": 821.2962079188954
        },
        "65": {
            "dur_mean": 4943.119640302473,
            "dur_std": 828.8922656857587
        },
        "66": {
            "dur_mean": 4995.026052760937,
            "dur_std": 834.378069087412
        },
        "67": {
            "dur_mean": 5036.123238134374,
            "dur_std": 839.2628519136033
        },
        "68": {
            "dur_mean": 5062.384220047694,
            "dur_std": 842.3298125525076
        },
        "69": {
            "dur_mean": 5107.737225376451,
            "dur_std": 848.8340499650718
        },
        "70": {
            "dur_mean": 5149.407651443396,
            "dur_std": 852.5775185617076
        },