{
    "rows": {
        "start": 2256693,
        "route_filter": -40216,
        "nan_filter": -64082,
        "negative_dur": -83,
        "outliers": -19252,
        "end": 2133060
    },
    "scr": 0.9139989354421717,
    "stats": {
        "1": {
            "dur_mean": 0.0,
            "dur_std": 0.0
        },
        "2": {
            "dur_mean": 192.0873406833998,
            "dur_std": 78.3371028341726
        },
        "3": {
            "dur_mean": 248.33454360896386,
            "dur_std": 87.1350732884666
        },
        "4": {
            "dur_mean": 276.57070252941867,
            "dur_std": 90.84588863691
        },
        "5": {
            "dur_mean": 298.7613987106857,
            "dur_std": 91.77350348598945
        },
        "6": {
            "dur_mean": 332.37129796045946,
            "dur_std": 95.37863323298271
        },
        "7": {
            "dur_mean": 381.69097588619223,
            "dur_std": 102.05309456507293
        },
        "8": {
            "dur_mean": 425.6780449657869,
            "dur_std": 104.93230584437046
        },
        "9": {
            "dur_mean": 486.1513942664946,
            "dur_std": 112.10049021235709
        },
        "10": {
            "dur_mean": 521.2741172330192,
            "dur_std": 117.71859273222375
        },
        "11": {
            "dur_mean": 586.9589260590902,
            "dur_std": 123.4085021937217
        },
        "12": {
            "dur_mean": 650.2060260268084,
            "dur_std": 132.2626377313073
        },
        "13": {
            "dur_mean": 710.1667643496269,
            "dur_std": 139.23041956249114
        },
        "14": {
            "dur_mean": 764.5648465493067,
            "dur_std": 149.35334093716907
        },
        "15": {
            "dur_mean": 834.8811774237105,
            "dur_std": 174.6037756557487
        },
        "16": {
            "dur_mean": 858.4999237921048,
            "dur_std": 195.4474632588718
        },
        "17": {
            "dur_mean": 943.8730883359964,
            "dur_std": 208.3250332616268
        },
        "18": {
            "dur_mean": 967.4995817172409,
            "dur_std": 212.79169944872493
        },
        "19": {
            "dur_mean": 1005.6269968051118,
            "dur_std": 215.6986947840921
        },
        "20": {
            "dur_mean": 1054.596204312935,
            "dur_std": 222.9813485486917
        },
        "21": {
            "dur_mean": 1116.0486005476118,
            "dur_std": 230.16948011308438
        },
        "22": {
            "dur_mean": 1196.8573710026997,
            "dur_std": 241.16323814000046
        },
        "23": {
            "dur_mean": 1313.531812131584,
            "dur_std": 261.52366801504576
        },
        "24": {
            "dur_mean": 1406.7118076688982,
            "dur_std": 276.96851085123984
        },
        "25": {
            "dur_mean": 1450.3577681357997,
            "dur_std": 282.4573917724968
        },
        "26": {
            "dur_mean": 1486.7725006659816,
            "dur_std": 287.2086386255131
        },
        "27": {
            "dur_mean": 1534.537981427919,
            "dur_std": 292.0361375846469
        },
        "28": {
            "dur_mean": 1587.6747964386273,
            "dur_std": 298.7773050135171
        },
        "29": {
            "dur_mean": 1668.8508371385083,
            "dur_std": 316.74129199566875
        },
        "30": {
            "dur_mean": 1814.6600327257506,
            "dur_std": 343.0688778042874
        },
        "31": {
            "dur_mean": 1864.6206857186346,
            "dur_std": 348.1254963033705
        },
        "32": {
            "dur_mean": 1938.3761750713606,
            "dur_std": 358.40569746906976
        },
        "33": {
            "dur_mean": 2016.278792722844,
            "dur_std": 368.4397721115763
        },
        "34": {
            "dur_mean": 2063.939488506622,
            "dur_std": 375.3184104986692
        },
        "35": {
            "dur_mean": 2150.0198577243505,
            "dur_std": 393.46569149741555
        },
        "36": {
            "dur_mean": 2239.6418597572574,
            "dur_std": 412.23657544406643
        },
        "37": {
            "dur_mean": 2277.786961981961,
            "dur_std": 417.50658123280436
        },
        "38": {
            "dur_mean": 2372.1395526085134,
            "dur_std": 432.80538417406405
        },
        "39": {
            "dur_mean": 2456.6817090368563,
            "dur_std": 447.30554186984233
        },
        "40": {
            "dur_mean": 2527.2915473052976,
            "dur_std": 459.1437730601735
        },
        "41": {
            "dur_mean": 2651.11828121416,
            "dur_std": 478.2663272900057
        },
        "42": {
            "dur_mean": 2839.540801101802,
            "dur_std": 502.70313316732285
        },
        "43": {
            "dur_mean": 3035.684206498029,
            "dur_std": 537.2335532178722
        },
        "44": {
            "dur_mean": 3276.0661277906083,
            "dur_std": 569.0746960771045
        },
        "45": {
            "dur_mean": 3502.398627694216,
            "dur_std": 614.1128792110825
        },
        "46": {
            "dur_mean": 3628.2022201153513,
            "dur_std": 621.4283053554315
        },
        "47": {
            "dur_mean": 3689.6243706733794,
            "dur_std": 630.3435270945641
        },
        "48": {
            "dur_mean": 3777.4852352155817,
            "dur_std": 641.8505349430609
        },
        "49": {
            "dur_mean": 3861.979883702656,
            "dur_std": 652.2462963173489
        },
        "50": {
            "dur_mean": 3889.044963251189,
            "dur_std": 656.016231678162
        },
        "51": {
            "dur_mean": 3925.5251965408806,
            "dur_std": 666.4890472750081
        },
        "52": {
            "dur_mean": 3952.7934897983255,
            "dur_std": 676.320984558971
        },
        "53": {
            "dur_mean": 4093.942126990368,
            "dur_std": 709.256078564834
        },
        "54": {
            "dur_mean": 4126.423408188147,
            "dur_std": 714.3944304988908
        },
        "55": {
            "dur_mean": 4172.871037520648,
            "dur_std": 721.9311580591847
        },
        "56": {
            "dur_mean": 4237.827930763178,
            "dur_std": 728.3192308168302
        },
        "57": {
            "dur_mean": 4299.100684608121,
            "dur_std": 733.5166557717944
        },
        "58": {
            "dur_mean": 4329.488550519358,
            "dur_std": 738.0766180982063
        },
        "59": {
            "dur_mean": 4381.897221345122,
            "dur_std": 742.1412490125202
        },
        "60": {
            "dur_mean": 4430.748010925068,
            "dur_std": 743.3864328074676
        },
        "61": {
            "dur_mean": 4466.195647865551,
            "dur_std": 744.5812888027034
        },
        "62": {
            "dur_mean": 4500.231001230208,
            "dur_std": 750.0422037585041
        },
        "63": {
            "dur_mean": 4548.7773353508,
            "dur_std": 753.8534465986899
        },
        "64": {
            "dur_mean": 4590.485192713938,
            "dur_std": 757.80741915899
        },
        "65": {
            "dur_mean": 4626.6963004305535,
            "dur_std": 761.0507657225545
        },
        "66": {
            "dur_mean": 4659.338050627865,
            "dur_std": 764.5340575283905
        },
        "67": {
            "dur_mean": 4700.422055197646,
            "dur_std": 770.4443585834249
        },
        "68": {
            "dur_mean": 4767.157346534654,
            "dur_std": 777.7766574072299
        },
        "69": {
            "dur_mean": 4802.506783750643,
            "dur_std": 783.7675043743739
        },
        "70": {
            "dur_mean": 4830.504962631974,