{
    "rows": {
        "start": 74284,
        "route_filter": 0,
        "nan_filter": -19909,
        "negative_dur": 0,
        "outliers": -845,
        "end": 53530
    },
    "scr": 0.9193313953488372,
    "stats": {
        "1": {
            "dur_mean": 0.0,
            "dur_std": 0.0
        },
        "2": {
            "dur_mean": 105.71702284450996,
            "dur_std": 243.3822232426601
        },
        "3": {
            "dur_mean": 320.56309263311454,
            "dur_std": 254.10273698530156
        },
        "4": {
            "dur_mean": 431.25620437956206,
            "dur_std": 253.46286745915194
        },
        "5": {
            "dur_mean": 457.9722627737226,
            "dur_std": 253.56464785113965
        },
        "6": {
            "dur_mean": 552.6720116618076,
            "dur_std": 253.16552621829976
        },
        "7": {
            "dur_mean": 622.169701383831,
            "dur_std": 254.22119317240475
        },
        "8": {
            "dur_mean": 701.8179169701384,
            "dur_std": 255.84620995460526
        },
        "9": {
            "dur_mean": 723.4027676620539,
            "dur_std": 256.6672078587409
        },
        "10": {
            "dur_mean": 763.0320466132556,
            "dur_std": 257.9763540788404
        },
        "11": {
            "dur_mean": 803.1041514930808,
            "dur_std": 258.4973595941647
        },
        "12": {
            "dur_mean": 907.6428571428571,
            "dur_std": 263.3044749626858
        },
        "13": {
            "dur_mean": 1029.8420245398772,
            "dur_std": 273.32862700424744
        },
        "14": {
            "dur_mean": 1077.5215716486903,
            "dur_std": 275.76276482538987
        },
        "15": {
            "dur_mean": 1130.9881918819187,
            "dur_std": 275.32396093438956
        },
        "16": {
            "dur_mean": 1158.132503660322,
            "dur_std": 276.41929320031335
        },
        "17": {
            "dur_mean": 1192.260805860806,
            "dur_std": 277.4777330543702
        },
        "18": {
            "dur_mean": 1231.691575091575,
            "dur_std": 279.3643407147492
        },
        "19": {
            "dur_mean": 1251.858608058608,
            "dur_std": 280.33603854979344
        },
        "20": {
            "dur_mean": 1296.9369963369963,
            "dur_std": 282.1209685501301
        },
        "21": {
            "dur_mean": 1319.3912087912088,
            "dur_std": 283.59377453483717
        },
        "22": {
            "dur_mean": 1440.0102564102565,
            "dur_std": 292.35044282445614
        },
        "23": {
            "dur_mean": 1539.9238095238095,
            "dur_std": 298.90166499109785
        },
        "24": {
            "dur_mean": 1595.4278388278387,
            "dur_std": 302.25617174729257
        },
        "25": {
            "dur_mean": 1633.246153846154,
            "dur_std": 306.1919874939646
        },
        "26": {
            "dur_mean": 1685.775659824047,
            "dur_std": 312.1622804350597
        },
        "27": {
            "dur_mean": 1747.0278796771827,
            "dur_std": 318.98736497951273
        },
        "28": {
            "dur_mean": 1798.503301540719,
            "dur_std": 323.5551921397713
        },
        "29": {
            "dur_mean": 1850.5884079236978,
            "dur_std": 327.77489510727975
        },
        "30": {
            "dur_mean": 1903.5385179750551,
            "dur_std": 336.98310254482914
        },
        "31": {
            "dur_mean": 2034.1600587371513,
            "dur_std": 376.09209393530614
        },
        "32": {
            "dur_mean": 2076.760646108664,
            "dur_std": 380.2896243154194
        },
        "33": {
            "dur_mean": 2097.7685525349007,
            "dur_std": 382.6916648730031
        },
        "34": {
            "dur_mean": 2118.014695077149,
            "dur_std": 385.6099748775599
        },
        "35": {
            "dur_mean": 2189.080088170463,
            "dur_std": 394.33931927748154
        },
        "36": {
            "dur_mean": 2313.102205882353,
            "dur_std": 420.1016825591431
        },
        "37": {
            "dur_mean": 2403.142016188374,
            "dur_std": 425.75775434343046
        },
        "38": {
            "dur_mean": 2453.2861356932153,
            "dur_std": 432.5044060346362
        },
        "39": {
            "dur_mean": 2657.167588932806,
            "dur_std": 454.6409632182668
        },
        "40": {
            "dur_mean": 2741.896373056995,
            "dur_std": 491.0728840016015
        }
    },
    "modelling": {
        "XGBoost": {
            "time": 6.913995027542114,
            "r_2": 0.9685845601760507,
            "mse": 17677.290561445745,
            "rmse": 132.95597226693408,
            "mae": 91.27150323513796
        },
        "Benchmark": {
            "r_2": 0.8988398377611913,
            "mse": 56922.251961443624,
            "rmse": 238.58384681583877,
            "mae": 172.23477546140626
        }
    },
    "features": [
        "weather_description_broken clouds",
        "weather_description_drizzle",
        "weather_description_few clouds",
        "weather_description_fog",
        "weather_description_light intensity drizzle",
        "weather_description_light intensity drizzle rain",
        "weather_description_light intensity shower rain",
        "weather_description_light rain",
        "weather_description_light shower snow",
        "weather_description_mist",
        "weather_description_moderate rain",
        "weather_description_overcast clouds",
        "weather_description_proximity shower rain",
        "weather_description_scattered clouds",
        "weather_description_sky is clear",
        "weather_description_smoke",
        "weekday_1",
        "weekday_2",
        "weekday_3",
        "weekday_4",
        "weekday_5",
        "weekday_6",
        "month_2",
        "month_3",
        "month_4",
        "month_5",
        "month_6",
        "month_7",
        "month_8",
        "month_9",
        "month_10",
        "month_11",
        "month_12",
        "hour_7",
        "hour_8",
        "hour_9",
        "hour_10",
        "hour_12",
        "hour_13",
        "hour_14",
        "hour_15",
        "hour_16",
        "hour_17",
        "hour_19",
        "hour_20",
        "hour_21",
        "holiday_1",
        "progr_number",
        "dur_s"
    ]
}