{
    "rows": {
        "start": 16834,
        "route_filter": 0,
        "nan_filter": -1453,
        "negative_dur": 0,
        "outliers": -199,
        "end": 15182
    },
    "scr": 0.0017123287671232876,
    "stats": {
        "1": {
            "dur_mean": 0.0,
            "dur_std": 0.0
        },
        "2": {
            "dur_mean": 67.53114186851211,
            "dur_std": 24.346428798237987
        },
        "3": {
            "dur_mean": 90.62134251290878,
            "dur_std": 27.2920569268423
        },
        "4": {
            "dur_mean": 122.70466321243524,
            "dur_std": 31.251311319458033
        },
        "5": {
            "dur_mean": 156.44041450777203,
            "dur_std": 35.254995334302016
        },
        "6": {
            "dur_mean": 247.99311531841653,
            "dur_std": 52.04003718062484
        },
        "8": {
            "dur_mean": 413.6219931271478,
            "dur_std": 82.85489917642309
        },
        "9": {
            "dur_mean": 471.5618556701031,
            "dur_std": 88.56306788640768
        },
        "10": {
            "dur_mean": 493.0601374570447,
            "dur_std": 92.73270394366799
        },
        "11": {
            "dur_mean": 510.04295532646046,
            "dur_std": 95.66478988790743
        },
        "12": {
            "dur_mean": 538.0189003436426,
            "dur_std": 105.74213424030187
        },
        "13": {
            "dur_mean": 577.713058419244,
            "dur_std": 114.09336606614323
        },
        "14": {
            "dur_mean": 602.1568965517241,
            "dur_std": 116.08146387915598
        },
        "15": {
            "dur_mean": 627.6977547495683,
            "dur_std": 124.02472202408207
        },
        "16": {
            "dur_mean": 695.6390328151987,
            "dur_std": 137.8825258346787
        },
        "17": {
            "dur_mean": 712.5906735751296,
            "dur_std": 142.50257078745415
        },
        "18": {
            "dur_mean": 790.9740932642487,
            "dur_std": 146.3060770638437
        },
        "19": {
            "dur_mean": 850.1986183074266,
            "dur_std": 148.6113469921965
        },
        "20": {
            "dur_mean": 895.0639032815199,
            "dur_std": 151.12070747466953
        },
        "21": {
            "dur_mean": 950.6252158894646,
            "dur_std": 156.1575355301537
        },
        "22": {
            "dur_mean": 975.2780656303972,
            "dur_std": 157.8619268337258
        },
        "23": {
            "dur_mean": 1157.076923076923,
            "dur_std": 170.25209810632376
        },
        "32": {
            "dur_mean": 1786.8773388773388,
            "dur_std": 331.30920151157443
        },
        "26": {
            "dur_mean": 1446.3987341772151,
            "dur_std": 207.07015765066265
        },
        "27": {
            "dur_mean": 1525.5388349514562,
            "dur_std": 195.57214612042338
        },
        "28": {
            "dur_mean": 1535.1885856079405,
            "dur_std": 178.3441504193241
        },
        "29": {
            "dur_mean": 1579.1393643031786,
            "dur_std": 215.93623704965205
        },
        "30": {
            "dur_mean": 1588.479809976247,
            "dur_std": 202.73384545110468
        },
        "31": {
            "dur_mean": 1672.311475409836,
            "dur_std": 246.02108565388392
        },
        "25": {
            "dur_mean": 1436.9304347826087,
            "dur_std": 206.17977684872065
        },
        "7": {
            "dur_mean": 432.0,
            "dur_std": 104.65180361560904
        },
        "24": {
            "dur_mean": 1404.0,
            "dur_std": NaN
        }
    },
    "modelling": {
        "XGBoost": {
            "time": 3.074629306793213,
            "r_2": 0.9737600742480825,
            "mse": 6997.902148088972,
            "rmse": 83.65346465083782,
            "mae": 51.55546106490747
        },
        "Benchmark": {
            "r_2": 0.6293717173054644,
            "mse": 98842.52265542677,
            "rmse": 314.39230692786805,
            "mae": 249.98788198103267
        }
    },
    "features": [
        "weather_description_few clouds",
        "weather_description_fog",
        "weather_description_heavy intensity rain",
        "weather_description_light intensity drizzle",
        "weather_description_light intensity drizzle rain",
        "weather_description_light intensity shower rain",
        "weather_description_light rain",
        "weather_description_mist",
        "weather_description_moderate rain",
        "weather_description_overcast clouds",
        "weather_description_scattered clouds",
        "weekday_1",
        "weekday_2",
        "weekday_3",
        "weekday_4",
        "weekday_5",
        "weekday_6",
        "hour_6",
        "hour_7",
        "hour_8",
        "hour_9",
        "hour_10",
        "hour_11",
        "hour_12",
        "hour_13",
        "hour_14",
        "hour_15",
        "hour_16",
        "hour_17",
        "hour_18",
        "hour_19",
        "hour_20",
        "hour_21",
        "hour_22",
        "hour_23",
        "holiday_1",
        "progr_number",
        "dur_s"
    ]
}