{
    "rows": {
        "start": 24588,
        "route_filter": 0,
        "nan_filter": -3109,
        "negative_dur": 0,
        "outliers": -104,
        "end": 21375
    },
    "scr": 0.9526184538653366,
    "stats": {
        "1": {
            "dur_mean": 0.0,
            "dur_std": 0.0
        },
        "2": {
            "dur_mean": 52.83208020050125,
            "dur_std": 40.82884207468271
        },
        "4": {
            "dur_mean": 106.44360902255639,
            "dur_std": 43.539575978521725
        },
        "5": {
            "dur_mean": 140.3684210526316,
            "dur_std": 46.21364093322102
        },
        "6": {
            "dur_mean": 171.555,
            "dur_std": 50.023623241479754
        },
        "7": {
            "dur_mean": 203.9325,
            "dur_std": 54.092957618434724
        },
        "8": {
            "dur_mean": 289.9975,
            "dur_std": 64.10754195950913
        },
        "9": {
            "dur_mean": 422.492385786802,
            "dur_std": 81.77450651903038
        },
        "10": {
            "dur_mean": 465.1700507614213,
            "dur_std": 87.81474263712727
        },
        "11": {
            "dur_mean": 514.6192893401015,
            "dur_std": 91.40468545238201
        },
        "12": {
            "dur_mean": 605.751269035533,
            "dur_std": 106.73447619234688
        },
        "13": {
            "dur_mean": 672.9270833333334,
            "dur_std": 115.69603144782593
        },
        "14": {
            "dur_mean": 696.8723958333334,
            "dur_std": 119.78181587188492
        },
        "15": {
            "dur_mean": 786.425641025641,
            "dur_std": 144.95343941389277
        },
        "16": {
            "dur_mean": 802.3461538461538,
            "dur_std": 146.0529385063909
        },
        "17": {
            "dur_mean": 835.6056701030927,
            "dur_std": 149.28121207253233
        },
        "18": {
            "dur_mean": 932.8167539267016,
            "dur_std": 159.91440601577335
        },
        "19": {
            "dur_mean": 1012.520725388601,
            "dur_std": 170.04794078948788
        },
        "20": {
            "dur_mean": 1101.2448979591836,
            "dur_std": 180.59831287497897
        },
        "21": {
            "dur_mean": 1125.57,
            "dur_std": 187.05898202677207
        },
        "22": {
            "dur_mean": 1212.004987531172,
            "dur_std": 202.91087939058946
        },
        "23": {
            "dur_mean": 1235.0947630922694,
            "dur_std": 204.64120063542003
        },
        "24": {
            "dur_mean": 1265.1870324189526,
            "dur_std": 205.69962914750587
        },
        "25": {
            "dur_mean": 1280.369077306733,
            "dur_std": 208.99052237217964
        },
        "27": {
            "dur_mean": 1463.8104738154614,
            "dur_std": 245.51544552232338
        },
        "28": {
            "dur_mean": 1547.9725685785536,
            "dur_std": 254.75490524352205
        },
        "29": {
            "dur_mean": 1558.2474489795918,
            "dur_std": 257.0876779666299
        },
        "30": {
            "dur_mean": 1572.7425,
            "dur_std": 256.4943265310298
        },
        "31": {
            "dur_mean": 1593.0473815461346,
            "dur_std": 258.18933992203586
        },
        "32": {
            "dur_mean": 1655.286783042394,
            "dur_std": 258.4514171945577
        },
        "33": {
            "dur_mean": 1673.4463840399003,
            "dur_std": 258.5494686576287
        },
        "34": {
            "dur_mean": 1727.4014962593517,
            "dur_std": 261.1315011593883
        },
        "35": {
            "dur_mean": 1847.2593516209477,
            "dur_std": 271.31423215264357
        },
        "36": {
            "dur_mean": 1906.5925,
            "dur_std": 274.6863993515547
        },
        "37": {
            "dur_mean": 2035.0498753117206,
            "dur_std": 303.8214977684009
        },
        "38": {
            "dur_mean": 2114.1596009975065,
            "dur_std": 322.4261767658457
        },
        "39": {
            "dur_mean": 2199.0149625935164,
            "dur_std": 346.632283227574
        },
        "40": {
            "dur_mean": 2300.354114713217,
            "dur_std": 365.50813163222074
        },
        "41": {
            "dur_mean": 2364.6034912718205,
            "dur_std": 377.0951005884067
        },
        "42": {
            "dur_mean": 2474.4688279301745,
            "dur_std": 390.4621744175392
        },
        "43": {
            "dur_mean": 2518.206982543641,
            "dur_std": 397.1753133707106
        },
        "44": {
            "dur_mean": 2573.6982543640897,
            "dur_std": 405.9988377100914
        },
        "45": {
            "dur_mean": 2667.1770573566087,
            "dur_std": 425.5278264371429
        },
        "46": {
            "dur_mean": 2726.6882793017458,
            "dur_std": 438.01005135416904
        },
        "47": {
            "dur_mean": 2774.7755610972567,
            "dur_std": 446.52724385108564
        },
        "48": {
            "dur_mean": 2827.5810473815463,
            "dur_std": 456.0364941974493
        },
        "49": {
            "dur_mean": 2937.6109725685787,
            "dur_std": 470.98226960184155
        },
        "50": {
            "dur_mean": 3014.0149625935164,
            "dur_std": 480.55710355332496
        },
        "51": {
            "dur_mean": 3082.35,
            "dur_std": 489.16409442864415
        },
        "52": {
            "dur_mean": 3231.1175,
            "dur_std": 511.26759145179767
        },
        "53": {
            "dur_mean": 3328.884422110553,
            "dur_std": 519.0109337273219
        },
        "54": {
            "dur_mean": 3392.8065326633164,
            "dur_std": 529.2888344606116
        },
        "55": {
            "dur_mean": 3648.85175879397,
            "dur_std": 556.9525805323415
        },
        "56": {
            "dur_mean": 4170.245614035088,
            "dur_std": 1043.6131885238256
        }
    },
    "modelling": {
        "XGBoost": {
            "time": 2.7829668521881104,
            "r_2": 0.9971563537475039,
            "mse": 3578.0178817682313,
            "rmse": 59.81653518692161,
            "mae": 38.47290351232904
        },
        "Benchmark": {
            "r_2": 0.930283218479256,
            "mse": 87721.13997005988,
            "rmse": 296.17754805194113,
            "mae": 193.00187125748502
        }
    },
    "features": [
        "weather_description_broken clouds",
        "weather_description_few clouds",
        "weather_description_fog",
        "weather_description_light intensity drizzle",
        "weather_description_light intensity drizzle rain",
        "weather_description_light intensity shower rain",
        "weather_description_light rain",
        "weather_description_light shower snow",
        "weather_description_mist",
        "weather_description_moderate rain",
        "weather_description_overcast clouds",
        "weather_description_proximity shower rain",
        "weather_description_scattered clouds",
        "weather_description_sky is clear",
        "weekday_1",
        "weekday_2",
        "weekday_3",
        "weekday_4",
        "month_2",
        "month_3",
        "month_4",
        "month_5",
        "month_6",
        "month_7",
        "month_8",
        "month_9",
        "month_10",
        "month_11",
        "hour_7",
        "hour_8",
        "holiday_1",
        "progr_number",
        "arr_p",
        "arr_a",
        "dep_p",
        "dep_a",
        "dur_s"
    ]
}