{
    "rows": {
        "start": 78720,
        "route_filter": -12861,
        "nan_filter": -4829,
        "negative_dur": -5,
        "outliers": -576,
        "end": 60449
    },
    "scr": 0.9518927444794952,
    "stats": {
        "1": {
            "dur_mean": 0.0,
            "dur_std": 0.0
        },
        "2": {
            "dur_mean": 89.88492063492063,
            "dur_std": 93.65952531738759
        },
        "3": {
            "dur_mean": 136.66004765687055,
            "dur_std": 115.67709188495863
        },
        "4": {
            "dur_mean": 209.38602065131056,
            "dur_std": 128.87832837453024
        },
        "5": {
            "dur_mean": 287.3898170246619,
            "dur_std": 147.0839186719379
        },
        "6": {
            "dur_mean": 362.6238019169329,
            "dur_std": 166.05365396692025
        },
        "7": {
            "dur_mean": 467.1716118684844,
            "dur_std": 192.91941712762787
        },
        "8": {
            "dur_mean": 556.3169750603379,
            "dur_std": 225.14311625131077
        },
        "9": {
            "dur_mean": 611.2215954875101,
            "dur_std": 242.0500582411604
        },
        "10": {
            "dur_mean": 648.2200803212852,
            "dur_std": 256.0119221029286
        },
        "11": {
            "dur_mean": 715.7477911646587,
            "dur_std": 276.44551222081776
        },
        "12": {
            "dur_mean": 754.6626506024096,
            "dur_std": 286.011394767234
        },
        "13": {
            "dur_mean": 799.9686746987952,
            "dur_std": 296.1314936951651
        },
        "14": {
            "dur_mean": 871.0610441767068,
            "dur_std": 311.4172655978047
        },
        "15": {
            "dur_mean": 925.4361445783132,
            "dur_std": 323.448600126868
        },
        "16": {
            "dur_mean": 968.8338683788122,
            "dur_std": 333.9744917402167
        },
        "17": {
            "dur_mean": 1032.5505617977528,
            "dur_std": 343.38219987712705
        },
        "18": {
            "dur_mean": 1117.1187800963082,
            "dur_std": 355.3867404357495
        },
        "19": {
            "dur_mean": 1172.3210272873193,
            "dur_std": 365.6011274721451
        },
        "20": {
            "dur_mean": 1213.6460674157304,
            "dur_std": 373.4614326799781
        },
        "21": {
            "dur_mean": 1302.5280898876404,
            "dur_std": 389.68386581250894
        },
        "22": {
            "dur_mean": 1400.9935794542537,
            "dur_std": 410.0673271673191
        },
        "23": {
            "dur_mean": 1470.4688,
            "dur_std": 423.3193315119277
        },
        "24": {
            "dur_mean": 1541.128,
            "dur_std": 455.48055155217526
        },
        "25": {
            "dur_mean": 1585.2586068855085,
            "dur_std": 441.9712285692289
        },
        "26": {
            "dur_mean": 1622.5580464371496,
            "dur_std": 447.3167509432054
        },
        "27": {
            "dur_mean": 1695.8518815052041,
            "dur_std": 454.7929787541815
        },
        "28": {
            "dur_mean": 1747.886217948718,
            "dur_std": 462.41048449312325
        },
        "29": {
            "dur_mean": 1860.7463768115942,
            "dur_std": 482.35435991850403
        },
        "30": {
            "dur_mean": 1885.0272435897436,
            "dur_std": 485.0961999796924
        },
        "31": {
            "dur_mean": 1971.0697115384614,
            "dur_std": 495.18876617106105
        },
        "32": {
            "dur_mean": 2005.7072975140336,
            "dur_std": 503.46285467569135
        },
        "33": {
            "dur_mean": 2084.6327185244586,
            "dur_std": 525.0673776110717
        },
        "34": {
            "dur_mean": 2145.984738955823,
            "dur_std": 533.1915242531544
        },
        "35": {
            "dur_mean": 2193.1885576148265,
            "dur_std": 538.2596521447905
        },
        "36": {
            "dur_mean": 2229.5733870967742,
            "dur_std": 543.7369673717817
        },
        "37": {
            "dur_mean": 2287.211925866237,
            "dur_std": 553.3816679054231
        },
        "38": {
            "dur_mean": 2506.7971130713713,
            "dur_std": 612.1864714433865
        },
        "39": {
            "dur_mean": 2554.159582999198,
            "dur_std": 612.1133098106412
        },
        "40": {
            "dur_mean": 2599.653568564555,
            "dur_std": 619.6161852046735
        },
        "41": {
            "dur_mean": 2635.963913392141,
            "dur_std": 625.8061621854613
        },
        "42": {
            "dur_mean": 2673.0539383561645,
            "dur_std": 631.3229683123102
        },
        "43": {
            "dur_mean": 2707.3830128205127,
            "dur_std": 629.8241228769473
        },
        "44": {
            "dur_mean": 2754.3133012820513,
            "dur_std": 638.8339972966402
        },
        "45": {
            "dur_mean": 2817.7465698143665,
            "dur_std": 642.7953131114873
        },
        "46": {
            "dur_mean": 2843.8263327948303,
            "dur_std": 645.1714189198618
        },
        "47": {
            "dur_mean": 3016.2831570382423,
            "dur_std": 654.6584567551998
        },
        "48": {
            "dur_mean": 3114.0546357615895,
            "dur_std": 652.6230512737698
        },
        "49": {
            "dur_mean": 3201.985927152318,
            "dur_std": 678.365020382715
        },
        "50": {
            "dur_mean": 3119.3164556962024,
            "dur_std": 628.7398986149628
        }
    },
    "modelling": {
        "XGBoost": {
            "time": 8.14199709892273,
            "r_2": 0.9718638917246134,
            "mse": 29197.09939539146,
            "rmse": 170.87158744329454,
            "mae": 115.26113339957085
        },
        "Benchmark": {
            "r_2": 0.6825439201271456,
            "mse": 329427.1058029511,
            "rmse": 573.9574076557868,
            "mae": 287.464699265533
        }
    },
    "features": [
        "weather_description_broken clouds",
        "weather_description_few clouds",
        "weather_description_fog",
        "weather_description_light intensity drizzle",
        "weather_description_light intensity drizzle rain",
        "weather_description_light intensity shower rain",
        "weather_description_light rain",
        "weather_description_light shower snow",
        "weather_description_light snow",
        "weather_description_mist",
        "weather_description_moderate rain",
        "weather_description_overcast clouds",
        "weather_description_proximity shower rain",
        "weather_description_scattered clouds",
        "weather_description_sky is clear",
        "weekday_1",
        "weekday_2",
        "weekday_3",
        "weekday_4",
        "weekday_5",
        "weekday_6",
        "month_2",
        "month_3",
        "month_4",
        "month_5",
        "month_6",
        "month_7",
        "month_8",
        "month_9",
        "month_10",
        "month_11",
        "month_12",
        "hour_1",
        "hour_6",
        "hour_7",
        "hour_8",
        "hour_9",
        "hour_10",
        "hour_11",
        "hour_12",
        "hour_13",
        "hour_15",
        "hour_16",
        "hour_17",
        "hour_18",
        "hour_19",
        "hour_20",
        "hour_22",
        "hour_23",
        "holiday_1",
        "progr_number",
        "dur_s"
    ]
}