{
    "rows": {
        "start": 797430,
        "route_filter": -56608,
        "nan_filter": -28034,
        "negative_dur": -582,
        "outliers": -5125,
        "end": 707081
    },
    "scr": 0.8556768738198834,
    "stats": {
        "1": {
            "dur_mean": 0.0,
            "dur_std": 0.0
        },
        "2": {
            "dur_mean": 99.34387155507738,
            "dur_std": 114.14063231027266
        },
        "3": {
            "dur_mean": 151.13171419098143,
            "dur_std": 134.22218125428233
        },
        "4": {
            "dur_mean": 230.5985080812267,
            "dur_std": 157.79364945013668
        },
        "5": {
            "dur_mean": 315.8136408894789,
            "dur_std": 168.5831169394567
        },
        "6": {
            "dur_mean": 391.51023976023976,
            "dur_std": 176.33290379231335
        },
        "7": {
            "dur_mean": 510.4890978695073,
            "dur_std": 191.3329524005439
        },
        "8": {
            "dur_mean": 606.7599501454092,
            "dur_std": 212.32536264516452
        },
        "9": {
            "dur_mean": 664.3863730785209,
            "dur_std": 224.88592003246958
        },
        "10": {
            "dur_mean": 703.7820129546587,
            "dur_std": 234.71548894233626
        },
        "11": {
            "dur_mean": 776.375093461826,
            "dur_std": 253.43914375838833
        },
        "12": {
            "dur_mean": 819.546111665005,
            "dur_std": 261.06883171028204
        },
        "13": {
            "dur_mean": 868.7574146381988,
            "dur_std": 269.11630950224526
        },
        "14": {
            "dur_mean": 948.1983573917372,
            "dur_std": 282.3994390691121
        },
        "15": {
            "dur_mean": 1008.5415629666501,
            "dur_std": 292.89938914135
        },
        "16": {
            "dur_mean": 1055.0179089627725,
            "dur_std": 303.0918433688401
        },
        "17": {
            "dur_mean": 1126.4052217157066,
            "dur_std": 312.83728931315153
        },
        "18": {
            "dur_mean": 1217.7561096843674,
            "dur_std": 325.77281515018836
        },
        "19": {
            "dur_mean": 1279.4358612678393,
            "dur_std": 335.85247681897715
        },
        "20": {
            "dur_mean": 1327.5121486027033,
            "dur_std": 344.08321642450386
        },
        "21": {
            "dur_mean": 1425.0511438992041,
            "dur_std": 358.89457719031816
        },
        "22": {
            "dur_mean": 1528.4770733322298,
            "dur_std": 374.49494329943985
        },
        "23": {
            "dur_mean": 1604.194426066821,
            "dur_std": 386.7375321515247
        },
        "24": {
            "dur_mean": 1676.9857733664185,
            "dur_std": 396.85120295838993
        },
        "25": {
            "dur_mean": 1728.0897361673972,
            "dur_std": 400.8550705217108
        },
        "26": {
            "dur_mean": 1769.1206782464847,
            "dur_std": 405.58612297004396
        },
        "27": {
            "dur_mean": 1848.1441687344914,
            "dur_std": 412.4020059182414
        },
        "28": {
            "dur_mean": 1909.010508025815,
            "dur_std": 419.59134025225825
        },
        "29": {
            "dur_mean": 2029.5278007612112,
            "dur_std": 437.6321252499666
        },
        "30": {
            "dur_mean": 2055.403676531201,
            "dur_std": 440.83375010839006
        },
        "31": {
            "dur_mean": 2145.8867442052297,
            "dur_std": 450.2425049607927
        },
        "32": {
            "dur_mean": 2182.830118694362,
            "dur_std": 458.62890185088054
        },
        "33": {
            "dur_mean": 2277.880831686571,
            "dur_std": 485.33253444487116
        },
        "34": {
            "dur_mean": 2320.3807502382397,
            "dur_std": 493.6136668018865
        },
        "35": {
            "dur_mean": 2405.0464632454923,
            "dur_std": 510.5909052101994
        },
        "36": {
            "dur_mean": 2431.8146798542425,
            "dur_std": 513.691434018986
        },
        "37": {
            "dur_mean": 2460.606644114841,
            "dur_std": 517.1190140568089
        },
        "38": {
            "dur_mean": 2524.1701075641913,
            "dur_std": 521.5563263904542
        },
        "39": {
            "dur_mean": 2558.2517991849477,
            "dur_std": 525.9962056820178
        },
        "40": {
            "dur_mean": 2624.36709190315,
            "dur_std": 531.1499886727296
        },
        "41": {
            "dur_mean": 2649.479864606839,
            "dur_std": 533.7953469511983
        },
        "42": {
            "dur_mean": 2686.6886612259073,
            "dur_std": 536.8178670452554
        },
        "43": {
            "dur_mean": 2730.4674470959026,
            "dur_std": 540.9373957064505
        },
        "44": {
            "dur_mean": 2804.347098316932,
            "dur_std": 561.0660786362844
        },
        "45": {
            "dur_mean": 2901.890190055673,
            "dur_std": 597.8689110070203
        },
        "46": {
            "dur_mean": 3124.1463244889082,
            "dur_std": 633.0947675328042
        },
        "47": {
            "dur_mean": 3178.428386204512,
            "dur_std": 635.3208157929115
        },
        "48": {
            "dur_mean": 3220.6316782437184,
            "dur_std": 640.6363022720889
        },
        "49": {
            "dur_mean": 3265.925969845841,
            "dur_std": 651.4014446110086
        },
        "50": {
            "dur_mean": 3359.85026468364,
            "dur_std": 663.1945058091436
        },
        "51": {
            "dur_mean": 3410.3885862733596,
            "dur_std": 668.3409858820389
        },
        "52": {
            "dur_mean": 3462.2059783973878,
            "dur_std": 674.5551130265243
        },
        "53": {
            "dur_mean": 3517.6587939698493,
            "dur_std": 679.0230670965981
        },
        "54": {
            "dur_mean": 3577.225439330544,
            "dur_std": 687.9936368484825
        },
        "55": {
            "dur_mean": 3589.964118434259,
            "dur_std": 688.9832216264134
        },
        "56": {
            "dur_mean": 3609.035368702035,
            "dur_std": 691.2019561892884
        },
        "57": {
            "dur_mean": 3639.6637715049274,
            "dur_std": 694.4544686050416
        },
        "58": {
            "dur_mean": 3670.316246451828,
            "dur_std": 699.293084530975
        },
        "59": {
            "dur_mean": 3725.3298556047075,
            "dur_std": 706.2784315733647
        },
        "60": {
            "dur_mean": 3777.3451532725767,
            "dur_std": 708.3491149470309
        }
    },
    "modelling": {
        "XGBoost": {
            "time": 223.01957082748413,
            "r_2": 0.9558307305192053,
            "mse": 64844.623625431086,
            "rmse": 254.64607522094482,
            "mae": 179.47085707719535
        },
        "Benchmark": {
            "r_2": 0.9006338517397856,
            "mse": 145878.81033088008,
            "rmse": 381.9408466384292,
            "mae": 262.7636263866811
        }
    },