{
    "rows": {
        "start": 444,
        "route_filter": 0,
        "nan_filter": -99,
        "negative_dur": 0,
        "outliers": 0,
        "end": 345
    },
    "scr": 0.07692307692307693,
    "stats": {
        "1": {
            "dur_mean": 0.0,
            "dur_std": 0.0
        },
        "7": {
            "dur_mean": 198.375,
            "dur_std": 95.18694013061125
        },
        "8": {
            "dur_mean": 279.90909090909093,
            "dur_std": 103.20412253922277
        },
        "9": {
            "dur_mean": 324.0833333333333,
            "dur_std": 120.61769682711899
        },
        "10": {
            "dur_mean": 427.7692307692308,
            "dur_std": 136.91612630010258
        },
        "11": {
            "dur_mean": 451.7692307692308,
            "dur_std": 135.12164509936582
        },
        "12": {
            "dur_mean": 487.0,
            "dur_std": 132.11800281061878
        },
        "13": {
            "dur_mean": 504.0,
            "dur_std": 131.8231138053313
        },
        "14": {
            "dur_mean": 652.3846153846154,
            "dur_std": 129.43050803522488
        },
        "42": {
            "dur_mean": 2116.1,
            "dur_std": 187.92992192717892
        },
        "43": {
            "dur_mean": 2224.7,
            "dur_std": 204.13995743661314
        },
        "44": {
            "dur_mean": 2309.2,
            "dur_std": 213.3248956664719
        },
        "45": {
            "dur_mean": 2373.9,
            "dur_std": 211.16946854231662
        },
        "46": {
            "dur_mean": 2650.2,
            "dur_std": 204.09082945264018
        },
        "2": {
            "dur_mean": 180.0,
            "dur_std": NaN
        },
        "3": {
            "dur_mean": 256.0,
            "dur_std": NaN
        },
        "4": {
            "dur_mean": 302.0,
            "dur_std": NaN
        },
        "5": {
            "dur_mean": 354.0,
            "dur_std": NaN
        },
        "47": {
            "dur_mean": 3280.1111111111113,
            "dur_std": 842.4552576315914
        },
        "21": {
            "dur_mean": 800.8,
            "dur_std": 51.66913972575894
        },
        "22": {
            "dur_mean": 853.1428571428571,
            "dur_std": 84.09801537774949
        },
        "23": {
            "dur_mean": 889.125,
            "dur_std": 87.69009962035949
        },
        "24": {
            "dur_mean": 908.125,
            "dur_std": 87.16394651132183
        },
        "25": {
            "dur_mean": 1004.375,
            "dur_std": 82.77324878416768
        },
        "26": {
            "dur_mean": 1099.5,
            "dur_std": 88.43237933181327
        },
        "27": {
            "dur_mean": 1159.375,
            "dur_std": 106.4745945552942
        },
        "28": {
            "dur_mean": 1261.0,
            "dur_std": 127.30054426996206
        },
        "29": {
            "dur_mean": 1386.625,
            "dur_std": 135.32493962945
        },
        "30": {
            "dur_mean": 1500.125,
            "dur_std": 144.383850996472
        },
        "31": {
            "dur_mean": 1612.375,
            "dur_std": 158.20053955118394
        },
        "32": {
            "dur_mean": 1661.375,
            "dur_std": 160.33263414360962
        },
        "33": {
            "dur_mean": 1738.625,
            "dur_std": 158.43334560628327
        },
        "34": {
            "dur_mean": 1741.5555555555557,
            "dur_std": 175.68730112839054
        },
        "35": {
            "dur_mean": 1779.888888888889,
            "dur_std": 172.55611003702856
        },
        "36": {
            "dur_mean": 1850.3333333333333,
            "dur_std": 175.93109446598686
        },
        "37": {
            "dur_mean": 1893.7777777777778,
            "dur_std": 174.80115687387323
        },
        "38": {
            "dur_mean": 1937.3333333333333,
            "dur_std": 179.33836733950713
        },
        "39": {
            "dur_mean": 1983.111111111111,
            "dur_std": 177.58128029471774
        },
        "40": {
            "dur_mean": 2043.888888888889,
            "dur_std": 159.40784519938506
        },
        "41": {
            "dur_mean": 2100.222222222222,
            "dur_std": 157.8977341333448
        },
        "20": {
            "dur_mean": 801.0,
            "dur_std": NaN
        }
    },
    "modelling": {
        "XGBoost": {
            "time": 0.07140207290649414,
            "r_2": 0.9962532469230606,
            "mse": 2582.7637192441443,
            "rmse": 50.82089844979272,
            "mae": 36.655225622242895
        },
        "Benchmark": {
            "r_2": 0.7541507708010275,
            "mse": 169472.19540229885,
            "rmse": 411.6700078974649,
            "mae": 363.2068965517241
        }
    },
    "features": [
        "weather_description_few clouds",
        "weather_description_fog",
        "weather_description_light intensity drizzle",
        "weather_description_light intensity shower rain",
        "weather_description_light rain",
        "weather_description_scattered clouds",
        "weekday_1",
        "weekday_2",
        "weekday_3",
        "weekday_4",
        "hour_10",
        "hour_17",
        "hour_18",
        "progr_number",
        "dur_s"
    ]
}