{
    "rows": {
        "start": 44723,
        "route_filter": -29059,
        "nan_filter": -2598,
        "negative_dur": 0,
        "outliers": -175,
        "end": 12891
    },
    "scr": 0.0040650406504065045,
    "stats": {
        "1": {
            "dur_mean": 0.0,
            "dur_std": 0.0
        },
        "2": {
            "dur_mean": 31.200819672131146,
            "dur_std": 11.73267604648523
        },
        "3": {
            "dur_mean": 124.67886178861788,
            "dur_std": 41.32798769021557
        },
        "4": {
            "dur_mean": 223.25254582484726,
            "dur_std": 44.33307799747316
        },
        "5": {
            "dur_mean": 260.1991869918699,
            "dur_std": 49.62746102029982
        },
        "6": {
            "dur_mean": 360.4530612244898,
            "dur_std": 61.28980773776364
        },
        "7": {
            "dur_mean": 397.61310782241014,
            "dur_std": 62.5013253881756
        },
        "8": {
            "dur_mean": 473.82077393075355,
            "dur_std": 73.6485896079249
        },
        "9": {
            "dur_mean": 637.2403258655804,
            "dur_std": 81.54057011443734
        },
        "10": {
            "dur_mean": 654.1303462321792,
            "dur_std": 83.37448904890267
        },
        "16": {
            "dur_mean": 2529.8261802575107,
            "dur_std": 395.00279275071216
        },
        "17": {
            "dur_mean": 2857.4518828451883,
            "dur_std": 401.01667545148064
        },
        "18": {
            "dur_mean": 2958.679166666667,
            "dur_std": 409.9076187783026
        },
        "19": {
            "dur_mean": 3200.2355371900826,
            "dur_std": 429.77942522328766
        },
        "20": {
            "dur_mean": 3265.188016528926,
            "dur_std": 433.023354388838
        },
        "21": {
            "dur_mean": 3341.3243801652893,
            "dur_std": 436.58405348854023
        },
        "22": {
            "dur_mean": 3396.0764462809916,
            "dur_std": 438.38404599576637
        },
        "23": {
            "dur_mean": 3439.914937759336,
            "dur_std": 439.4890662110026
        },
        "24": {
            "dur_mean": 3476.7738589211617,
            "dur_std": 443.3839171939393
        },
        "25": {
            "dur_mean": 3519.6016597510375,
            "dur_std": 446.69758316790825
        },
        "26": {
            "dur_mean": 3585.697095435685,
            "dur_std": 446.5384576145263
        },
        "27": {
            "dur_mean": 3627.435684647303,
            "dur_std": 446.10147383859294
        },
        "28": {
            "dur_mean": 3695.0622406639004,
            "dur_std": 449.84210242702596
        },
        "29": {
            "dur_mean": 3764.383817427386,
            "dur_std": 451.1208217640325
        },
        "30": {
            "dur_mean": 3826.1656184486374,
            "dur_std": 453.5774741253284
        },
        "31": {
            "dur_mean": 3901.30607966457,
            "dur_std": 452.7751619677175
        },
        "32": {
            "dur_mean": 4194.8976545842215,
            "dur_std": 588.2800605782712
        },
        "14": {
            "dur_mean": 1584.9166666666667,
            "dur_std": 684.9327051660334
        },
        "13": {
            "dur_mean": 1445.5,
            "dur_std": 146.9841261270527
        },
        "15": {
            "dur_mean": 1924.0,
            "dur_std": 74.95331880577403
        }
    },
    "modelling": {
        "XGBoost": {
            "time": 1.6410017013549805,
            "r_2": 0.9986186401025455,
            "mse": 3397.524840004243,
            "rmse": 58.288290762418505,
            "mae": 37.338097111273726
        },
        "Benchmark": {
            "r_2": 0.8950268902754909,
            "mse": 258186.69593546385,
            "rmse": 508.1207493652113,
            "mae": 333.15885820663976
        }
    },
    "features": [
        "weather_description_few clouds",
        "weather_description_fog",
        "weather_description_light intensity drizzle",
        "weather_description_light intensity drizzle rain",
        "weather_description_light intensity shower rain",
        "weather_description_light rain",
        "weather_description_light shower snow",
        "weather_description_mist",
        "weather_description_overcast clouds",
        "weather_description_proximity shower rain",
        "weather_description_scattered clouds",
        "weather_description_sky is clear",
        "weekday_1",
        "weekday_2",
        "weekday_3",
        "weekday_4",
        "month_3",
        "month_4",
        "month_5",
        "month_6",
        "month_7",
        "month_8",
        "month_9",
        "month_10",
        "month_11",
        "month_12",
        "hour_8",
        "progr_number",
        "arr_p",
        "arr_a",
        "dep_p",
        "dep_a",
        "dur_s"
    ]
}