{
    "rows": {
        "start": 653050,
        "route_filter": 0,
        "nan_filter": -14348,
        "negative_dur": -166,
        "outliers": -5174,
        "end": 633362
    },
    "scr": 0.9342707379981696,
    "stats": {
        "1": {
            "dur_mean": 0.0,
            "dur_std": 0.0
        },
        "2": {
            "dur_mean": 171.23650586701433,
            "dur_std": 92.86735471967546
        },
        "3": {
            "dur_mean": 248.2378312835614,
            "dur_std": 114.54642467312487
        },
        "4": {
            "dur_mean": 323.3389668089555,
            "dur_std": 127.13782547566014
        },
        "5": {
            "dur_mean": 395.70702920090923,
            "dur_std": 139.78901814779107
        },
        "6": {
            "dur_mean": 442.02053892741156,
            "dur_std": 148.9777376882564
        },
        "7": {
            "dur_mean": 506.15023308998155,
            "dur_std": 156.78793085102436
        },
        "8": {
            "dur_mean": 541.6118363026989,
            "dur_std": 164.17364920902426
        },
        "9": {
            "dur_mean": 599.8426449787836,
            "dur_std": 176.2336910061254
        },
        "10": {
            "dur_mean": 617.8870867677036,
            "dur_std": 179.2539805807052
        },
        "11": {
            "dur_mean": 650.8768944429673,
            "dur_std": 195.46561486650546
        },
        "12": {
            "dur_mean": 728.5412361952262,
            "dur_std": 223.18955255599917
        },
        "13": {
            "dur_mean": 788.5717340937445,
            "dur_std": 235.38152654449112
        },
        "14": {
            "dur_mean": 815.2295023591205,
            "dur_std": 239.68672654609458
        },
        "15": {
            "dur_mean": 862.9731579415163,
            "dur_std": 246.35562765936535
        },
        "16": {
            "dur_mean": 898.4601401081848,
            "dur_std": 252.64515201965935
        },
        "17": {
            "dur_mean": 971.4060117042029,
            "dur_std": 258.4715354090067
        },
        "18": {
            "dur_mean": 1016.4060396741056,
            "dur_std": 266.6551427072757
        },
        "19": {
            "dur_mean": 1097.261696294331,
            "dur_std": 279.32407590631806
        },
        "20": {
            "dur_mean": 1163.2888712101123,
            "dur_std": 289.902544525859
        },
        "21": {
            "dur_mean": 1199.5961504502914,
            "dur_std": 297.12795391396645
        },
        "22": {
            "dur_mean": 1235.74283193648,
            "dur_std": 302.4869299743123
        },
        "23": {
            "dur_mean": 1310.2261558784676,
            "dur_std": 310.97832596611795
        },
        "24": {
            "dur_mean": 1365.8659857356697,
            "dur_std": 320.59901913440797
        },
        "25": {
            "dur_mean": 1440.843368198998,
            "dur_std": 332.450838249068
        },
        "26": {
            "dur_mean": 1510.8524662102861,
            "dur_std": 340.4944155614008
        },
        "27": {
            "dur_mean": 1522.484335234752,
            "dur_std": 341.84658384103295
        },
        "28": {
            "dur_mean": 1562.4469690323713,
            "dur_std": 349.82779832340617
        },
        "29": {
            "dur_mean": 1730.4319733846962,
            "dur_std": 380.3356724881801
        },
        "30": {
            "dur_mean": 1767.5841722839884,
            "dur_std": 380.914531263483
        },
        "31": {
            "dur_mean": 1801.9461565400104,
            "dur_std": 383.6203251679916
        },
        "32": {
            "dur_mean": 1824.3571115973741,
            "dur_std": 387.2076688260175
        },
        "33": {
            "dur_mean": 1846.5277388869442,
            "dur_std": 390.68434103258187
        },
        "34": {
            "dur_mean": 1876.0068241469817,
            "dur_std": 397.1513889972668
        },
        "35": {
            "dur_mean": 1923.5541083916085,
            "dur_std": 409.8240529708697
        },
        "36": {
            "dur_mean": 1973.748076923077,
            "dur_std": 417.7202815080367
        },
        "37": {
            "dur_mean": 2007.3630645583996,
            "dur_std": 425.8034384022007
        },
        "38": {
            "dur_mean": 2075.170729576234,
            "dur_std": 435.8035484254384
        },
        "39": {
            "dur_mean": 2105.4272735214468,
            "dur_std": 437.8430650841134
        },
        "40": {
            "dur_mean": 2133.946876365225,
            "dur_std": 439.9773894865762
        },
        "41": {
            "dur_mean": 2224.550008727527,
            "dur_std": 449.8788823695133
        },
        "42": {
            "dur_mean": 2288.9475524475524,
            "dur_std": 454.87368382248684
        },
        "43": {
            "dur_mean": 2404.2780594405594,
            "dur_std": 466.39902486727294
        },
        "44": {
            "dur_mean": 2458.0340005244298,
            "dur_std": 472.6913666728853
        },
        "45": {
            "dur_mean": 2645.366899563319,
            "dur_std": 498.11444938530923
        },
        "46": {
            "dur_mean": 2713.320820602357,
            "dur_std": 507.2610548013735
        },
        "47": {
            "dur_mean": 2735.825510382132,
            "dur_std": 510.5447435565885
        },
        "48": {
            "dur_mean": 2823.963195534624,
            "dur_std": 531.4319365868663
        },
        "49": {
            "dur_mean": 2913.0378562685783,
            "dur_std": 540.4855037377547
        },
        "50": {
            "dur_mean": 2957.520587463939,
            "dur_std": 545.7468530702627
        },
        "51": {
            "dur_mean": 3001.1208599143583,
            "dur_std": 551.8637797003072
        },
        "52": {
            "dur_mean": 3042.9036629075968,
            "dur_std": 553.8688814845508
        },
        "53": {
            "dur_mean": 3213.6259395210627,
            "dur_std": 564.87840137527
        },
        "54": {
            "dur_mean": 3245.617207309609,
            "dur_std": 567.8365478396047
        },
        "55": {
            "dur_mean": 3283.2556668423827,
            "dur_std": 569.4406364436146
        },
        "56": {
            "dur_mean": 3378.2692780607763,
            "dur_std": 576.777079180836
        }
    },
    "modelling": {
        "XGBoost": {
            "time": 85.93422317504883,
            "r_2": 0.9574124945769977,
            "mse": 42127.73186291492,
            "rmse": 205.2504125767228,
            "mae": 146.8503144026362
        },
        "Benchmark": {
            "r_2": 0.9192247729366569,
            "mse": 79903.17989023689,
            "rmse": 282.67150526757536,
            "mae": 200.25988846855836
        }
    },