{
    "rows": {
        "start": 5595,
        "route_filter": 0,
        "nan_filter": -108,
        "negative_dur": 0,
        "outliers": -35,
        "end": 5452
    },
    "scr": 0.05084745762711865,
    "stats": {
        "1": {
            "dur_mean": 0.0,
            "dur_std": 0.0
        },
        "2": {
            "dur_mean": 87.36931818181819,
            "dur_std": 187.26175712573612
        },
        "3": {
            "dur_mean": 135.5340909090909,
            "dur_std": 186.50318718769614
        },
        "4": {
            "dur_mean": 175.64772727272728,
            "dur_std": 186.94644243114746
        },
        "5": {
            "dur_mean": 207.14204545454547,
            "dur_std": 187.58933032198112
        },
        "6": {
            "dur_mean": 251.71751412429379,
            "dur_std": 188.199481264776
        },
        "7": {
            "dur_mean": 415.3728813559322,
            "dur_std": 195.95113882255228
        },
        "8": {
            "dur_mean": 441.1977401129943,
            "dur_std": 197.39148455969948
        },
        "9": {
            "dur_mean": 481.20338983050846,
            "dur_std": 199.00683345345462
        },
        "10": {
            "dur_mean": 519.8757062146892,
            "dur_std": 200.49452023707536
        },
        "11": {
            "dur_mean": 562.5367231638418,
            "dur_std": 201.54184106672483
        },
        "12": {
            "dur_mean": 605.3502824858757,
            "dur_std": 202.27521590315942
        },
        "13": {
            "dur_mean": 660.0056497175141,
            "dur_std": 203.25592625753478
        },
        "14": {
            "dur_mean": 699.3276836158192,
            "dur_std": 204.4044702737671
        },
        "15": {
            "dur_mean": 751.7401129943503,
            "dur_std": 207.29159914233662
        },
        "16": {
            "dur_mean": 844.6666666666666,
            "dur_std": 211.7686523572649
        },
        "17": {
            "dur_mean": 883.0451977401129,
            "dur_std": 214.83156243504942
        },
        "18": {
            "dur_mean": 891.8926553672317,
            "dur_std": 215.1417471487215
        },
        "19": {
            "dur_mean": 979.7457627118644,
            "dur_std": 219.0485048936603
        },
        "20": {
            "dur_mean": 1118.1977401129943,
            "dur_std": 221.469242671323
        },
        "21": {
            "dur_mean": 1216.6497175141244,
            "dur_std": 224.64226969185054
        },
        "22": {
            "dur_mean": 1400.2372881355932,
            "dur_std": 238.76540923498416
        },
        "23": {
            "dur_mean": 1516.7288135593221,
            "dur_std": 249.6047669344984
        },
        "24": {
            "dur_mean": 1570.3050847457628,
            "dur_std": 249.56356820712273
        },
        "25": {
            "dur_mean": 1747.9378531073446,
            "dur_std": 261.5936551868203
        },
        "26": {
            "dur_mean": 1778.6666666666667,
            "dur_std": 258.2255811448117
        },
        "27": {
            "dur_mean": 2528.0625,
            "dur_std": 384.6927702725904
        },
        "28": {
            "dur_mean": 2630.3636363636365,
            "dur_std": 347.4532381879218
        },
        "29": {
            "dur_mean": 2643.153409090909,
            "dur_std": 347.425361833955
        },
        "30": {
            "dur_mean": 2862.6988636363635,
            "dur_std": 434.1848127881077
        },
        "31": {
            "dur_mean": 2966.4488636363635,
            "dur_std": 440.27519666533715
        },
        "32": {
            "dur_mean": 2781.1111111111113,
            "dur_std": 276.6425692316913
        }
    },
    "modelling": {
        "XGBoost": {
            "time": 0.7679967880249023,
            "r_2": 0.9959938051756826,
            "mse": 2917.6786764785393,
            "rmse": 54.01554106438756,
            "mae": 26.125662981807878
        },
        "Benchmark": {
            "r_2": 0.9165635878945938,
            "mse": 60766.05135730007,
            "rmse": 246.5077105433014,
            "mae": 147.30447542186354
        }
    },
    "features": [
        "weather_description_broken clouds",
        "weather_description_few clouds",
        "weather_description_fog",
        "weather_description_heavy intensity rain",
        "weather_description_light intensity drizzle",
        "weather_description_light intensity drizzle rain",
        "weather_description_light intensity shower rain",
        "weather_description_light rain",
        "weather_description_light shower snow",
        "weather_description_mist",
        "weather_description_overcast clouds",
        "weather_description_proximity shower rain",
        "weather_description_scattered clouds",
        "weather_description_sky is clear",
        "weekday_1",
        "weekday_2",
        "weekday_3",
        "weekday_4",
        "month_2",
        "month_3",
        "month_4",
        "month_5",
        "month_6",
        "month_9",
        "month_10",
        "month_11",
        "month_12",
        "hour_8",
        "progr_number",
        "arr_p",
        "arr_a",
        "dep_p",
        "dep_a",
        "dur_s"
    ]
}