{
    "rows": {
        "start": 395527,
        "route_filter": -24234,
        "nan_filter": -14416,
        "negative_dur": -10,
        "outliers": -2871,
        "end": 353996
    },
    "scr": 0.956804985129585,
    "stats": {
        "1": {
            "dur_mean": 0.0,
            "dur_std": 0.0
        },
        "2": {
            "dur_mean": 75.51032877509456,
            "dur_std": 93.69529366876111
        },
        "3": {
            "dur_mean": 185.12222551050607,
            "dur_std": 106.15674801438864
        },
        "4": {
            "dur_mean": 204.79007071302297,
            "dur_std": 107.31935754705248
        },
        "5": {
            "dur_mean": 317.80429348625205,
            "dur_std": 119.62528413798098
        },
        "6": {
            "dur_mean": 340.07467293840955,
            "dur_std": 123.17292896651162
        },
        "7": {
            "dur_mean": 393.54632918886915,
            "dur_std": 131.1322093480164
        },
        "8": {
            "dur_mean": 524.0948967889908,
            "dur_std": 164.66617786629197
        },
        "9": {
            "dur_mean": 598.1713187126174,
            "dur_std": 177.49028226811114
        },
        "10": {
            "dur_mean": 664.5627046263345,
            "dur_std": 184.17218078140158
        },
        "11": {
            "dur_mean": 733.904403409091,
            "dur_std": 200.74090307337275
        },
        "12": {
            "dur_mean": 815.8124022187455,
            "dur_std": 210.1120738528318
        },
        "13": {
            "dur_mean": 856.3143750888668,
            "dur_std": 212.75413630232538
        },
        "14": {
            "dur_mean": 911.0125177809389,
            "dur_std": 216.07487877207888
        },
        "15": {
            "dur_mean": 928.6153627311522,
            "dur_std": 217.29393554174794
        },
        "16": {
            "dur_mean": 979.0657090029868,
            "dur_std": 219.338416092972
        },
        "17": {
            "dur_mean": 1066.52728823195,
            "dur_std": 237.46785448431618
        },
        "18": {
            "dur_mean": 1098.3571327182399,
            "dur_std": 241.4152490347445
        },
        "19": {
            "dur_mean": 1146.959511294218,
            "dur_std": 252.41621003621756
        },
        "20": {
            "dur_mean": 1180.0457256461232,
            "dur_std": 262.36205938088045
        },
        "21": {
            "dur_mean": 1212.1677318562704,
            "dur_std": 267.0008652811668
        },
        "22": {
            "dur_mean": 1240.2743928419259,
            "dur_std": 269.3163065863784
        },
        "23": {
            "dur_mean": 1259.3537849737254,
            "dur_std": 271.9889123224843
        },
        "24": {
            "dur_mean": 1275.3527907967618,
            "dur_std": 273.20208753706675
        },
        "25": {
            "dur_mean": 1306.0404829545455,
            "dur_std": 276.038005464151
        },
        "26": {
            "dur_mean": 1371.9324151639926,
            "dur_std": 289.386579545654
        },
        "27": {
            "dur_mean": 1536.9639204545454,
            "dur_std": 315.2234670611904
        },
        "28": {
            "dur_mean": 1599.3991184416323,
            "dur_std": 322.077010633354
        },
        "29": {
            "dur_mean": 1676.7939419795223,
            "dur_std": 332.2757418159435
        },
        "30": {
            "dur_mean": 1725.140193566752,
            "dur_std": 335.1818230552892
        },
        "31": {
            "dur_mean": 1783.3864218616568,
            "dur_std": 343.9627870016504
        },
        "32": {
            "dur_mean": 1862.4913179618559,
            "dur_std": 354.89850987141824
        },
        "33": {
            "dur_mean": 1921.4801423487545,
            "dur_std": 361.0281275284824
        },
        "34": {
            "dur_mean": 1939.695187927107,
            "dur_std": 363.5116985801231
        },
        "35": {
            "dur_mean": 2005.2276607854296,
            "dur_std": 374.88957393977586
        },
        "36": {
            "dur_mean": 2035.763877028181,
            "dur_std": 378.5178266503425
        },
        "37": {
            "dur_mean": 2094.877207977208,
            "dur_std": 385.48718546799216
        },
        "38": {
            "dur_mean": 2145.56630109671,
            "dur_std": 393.0201357699535
        },
        "39": {
            "dur_mean": 2223.817015818726,
            "dur_std": 402.8508370348781
        },
        "40": {
            "dur_mean": 2264.660396180704,
            "dur_std": 408.15628813961035
        },
        "41": {
            "dur_mean": 2295.4925181701583,
            "dur_std": 412.39476835011345
        },
        "42": {
            "dur_mean": 2339.568487274807,
            "dur_std": 419.69412055148115
        },
        "43": {
            "dur_mean": 2427.473413379074,
            "dur_std": 432.4436729144388
        },
        "44": {
            "dur_mean": 2476.8658274924906,
            "dur_std": 437.9574211485441
        },
        "45": {
            "dur_mean": 2526.3393393393394,
            "dur_std": 444.1445351447364
        },
        "46": {
            "dur_mean": 2586.258941344778,
            "dur_std": 453.7919872996054
        },
        "47": {
            "dur_mean": 2630.892377961747,
            "dur_std": 459.2442478770251
        },
        "48": {
            "dur_mean": 2680.7228005133325,
            "dur_std": 466.3132831336017
        },
        "49": {
            "dur_mean": 2748.0115532734276,
            "dur_std": 477.1504644997755
        },
        "50": {
            "dur_mean": 2784.8180781294554,
            "dur_std": 485.77418396032846
        },
        "51": {
            "dur_mean": 2942.930129759019,
            "dur_std": 527.8055933811136
        }
    },
    "modelling": {
        "XGBoost": {
            "time": 108.096843957901,
            "r_2": 0.9575017159383854,
            "mse": 32283.201503258795,
            "rmse": 179.67526681003926,
            "mae": 127.76834687998912
        },
        "Benchmark": {
            "r_2": 0.9119709293658451,
            "mse": 66869.99929942712,
            "rmse": 258.59234191953,
            "mae": 184.6010915377575
        }
    },
    "features": [
        "weather_description_broken clouds",
        "weather_description_drizzle",
        "weather_description_few clouds",
        "weather_description_fog",
        "weather_description_heavy intensity rain",
        "weather_description_light intensity drizzle",
        "weather_description_light intensity drizzle rain",
        "weather_description_light intensity shower rain",
        "weather_description_light rain",
        "weather_description_light shower snow",
        "weather_description_light snow",
        "weather_description_mist",
        "weather_description_moderate rain",
        "weather_description_overcast clouds",
        "weather_description_proximity shower rain",
        "weather_description_rain and drizzle",
        "weather_description_scattered clouds",
        "weather_description_sky is clear",
        "weather_description_smoke",
        "weekday_1",
        "weekday_2",
        "weekday_3",
        "weekday_4",
        "weekday_5",
        "weekday_6",
        "month_2",
        "month_3",
        "month_4",
        "month_5",
        "month_6",
        "month_7",
        "month_8",
        "month_9",
        "month_10",
        "month_11",
        "month_12",
        "hour_1",
        "hour_6",
        "hour_7",
        "hour_8",
        "hour_9",
        "hour_10",
        "hour_11",
        "hour_12",
        "hour_13",
        "hour_14",
        "hour_15",
        "hour_16",
        "hour_17",
        "hour_18",
        "hour_19",
        "hour_20",
        "hour_21",
        "hour_22",
        "hour_23",
        "holiday_1",
        "progr_number",
        "dur_s"
    ]
}