{
    "rows": {
        "start": 457034,
        "route_filter": -17466,
        "nan_filter": -14758,
        "negative_dur": -31,
        "outliers": -2851,
        "end": 421928
    },
    "scr": 0.9674612183125236,
    "stats": {
        "1": {
            "dur_mean": 0.0,
            "dur_std": 0.0
        },
        "2": {
            "dur_mean": 206.44779270633398,
            "dur_std": 67.20835232551555
        },
        "3": {
            "dur_mean": 264.3215396578538,
            "dur_std": 77.74745629045104
        },
        "4": {
            "dur_mean": 320.3895699552442,
            "dur_std": 83.75938457201525
        },
        "5": {
            "dur_mean": 359.54481819949444,
            "dur_std": 88.9611348406502
        },
        "6": {
            "dur_mean": 443.1707695289785,
            "dur_std": 99.83666823449882
        },
        "7": {
            "dur_mean": 485.8049816566905,
            "dur_std": 118.07514009426315
        },
        "8": {
            "dur_mean": 586.9551184110007,
            "dur_std": 138.94786146225317
        },
        "9": {
            "dur_mean": 617.8011439466159,
            "dur_std": 144.2337427190214
        },
        "10": {
            "dur_mean": 656.5848733092017,
            "dur_std": 152.7373817433387
        },
        "11": {
            "dur_mean": 721.4178421654594,
            "dur_std": 166.6753853969755
        },
        "12": {
            "dur_mean": 760.6890499809233,
            "dur_std": 174.27914452362933
        },
        "13": {
            "dur_mean": 803.5495804729214,
            "dur_std": 183.1779510756317
        },
        "14": {
            "dur_mean": 845.3446435379336,
            "dur_std": 193.3261216213186
        },
        "15": {
            "dur_mean": 923.3077362804878,
            "dur_std": 211.04958017434703
        },
        "16": {
            "dur_mean": 984.8896932749095,
            "dur_std": 222.69944606981628
        },
        "17": {
            "dur_mean": 1028.8235854448467,
            "dur_std": 234.29709218972323
        },
        "18": {
            "dur_mean": 1125.2811428571429,
            "dur_std": 256.89553494758036
        },
        "19": {
            "dur_mean": 1209.7523864070256,
            "dur_std": 267.34085200808744
        },
        "20": {
            "dur_mean": 1261.5208174178763,
            "dur_std": 276.2467699097295
        },
        "21": {
            "dur_mean": 1443.643184421535,
            "dur_std": 319.69761590026457
        },
        "22": {
            "dur_mean": 1708.8458277124687,
            "dur_std": 321.51963547351346
        },
        "23": {
            "dur_mean": 1932.2454141726203,
            "dur_std": 367.6342690631647
        },
        "24": {
            "dur_mean": 2032.2386012364761,
            "dur_std": 375.5599419732762
        },
        "25": {
            "dur_mean": 2167.6324156649866,
            "dur_std": 398.7977640295131
        },
        "26": {
            "dur_mean": 2260.9398291925468,
            "dur_std": 411.2259380808385
        },
        "27": {
            "dur_mean": 2293.347503900156,
            "dur_std": 420.1281336369992
        },
        "28": {
            "dur_mean": 2470.522589477802,
            "dur_std": 458.11430268793384
        },
        "29": {
            "dur_mean": 2551.1369140625,
            "dur_std": 468.60473820559815
        },
        "30": {
            "dur_mean": 2629.998635477583,
            "dur_std": 481.53289000326123
        },
        "31": {
            "dur_mean": 2723.676499316273,
            "dur_std": 496.7038375961086
        },
        "32": {
            "dur_mean": 2813.9841920374706,
            "dur_std": 504.9790215094691
        },
        "33": {
            "dur_mean": 2898.2943925233644,
            "dur_std": 531.0928100692059
        },
        "34": {
            "dur_mean": 3005.4256965944273,
            "dur_std": 560.7808118342855
        },
        "35": {
            "dur_mean": 3104.790522243714,
            "dur_std": 593.9874851771106
        },
        "36": {
            "dur_mean": 3134.494397217929,
            "dur_std": 599.6288059259156
        },
        "37": {
            "dur_mean": 3192.9289026275114,
            "dur_std": 613.5902533467726
        },
        "38": {
            "dur_mean": 3284.4172313649565,
            "dur_std": 631.7398089908751
        },
        "39": {
            "dur_mean": 3317.159310878823,
            "dur_std": 639.2258331809161
        },
        "40": {
            "dur_mean": 3383.2427409988386,
            "dur_std": 650.4573256921026
        },
        "41": {
            "dur_mean": 3434.5885315769083,
            "dur_std": 656.6440614027672
        },
        "42": {
            "dur_mean": 3476.125944584383,
            "dur_std": 665.8647283498866
        },
        "43": {
            "dur_mean": 3512.1818005808327,
            "dur_std": 673.7260871376346
        },
        "44": {
            "dur_mean": 3548.0247821878024,
            "dur_std": 684.4233324423259
        },
        "45": {
            "dur_mean": 3602.215876089061,
            "dur_std": 701.5295334819749
        },
        "46": {
            "dur_mean": 3634.1488867376574,
            "dur_std": 712.5986344417922
        },
        "47": {
            "dur_mean": 3688.3734753146177,
            "dur_std": 726.0111563744154
        },
        "48": {
            "dur_mean": 3747.3480534572923,
            "dur_std": 736.2155956270325
        },
        "49": {
            "dur_mean": 3828.0843816527968,
            "dur_std": 745.6790048818866
        },
        "50": {
            "dur_mean": 3916.702801932367,
            "dur_std": 757.7288306830825
        },
        "51": {
            "dur_mean": 3984.272937994978,
            "dur_std": 774.6091270554845
        },
        "52": {
            "dur_mean": 4065.839213418161,
            "dur_std": 790.7642504980806
        },
        "53": {
            "dur_mean": 4106.086193598149,
            "dur_std": 792.8088230997764
        },
        "54": {
            "dur_mean": 4148.104126494408,
            "dur_std": 797.8696427257743
        },
        "55": {
            "dur_mean": 4189.436752795989,
            "dur_std": 806.3240765614058
        },
        "56": {
            "dur_mean": 4246.170266101041,
            "dur_std": 817.025898803889
        },
        "57": {
            "dur_mean": 4282.787849566056,
            "dur_std": 821.3122409840863
        },
        "58": {
            "dur_mean": 4351.566660235385,
            "dur_std": 827.4088023870872
        },
        "59": {
            "dur_mean": 4396.624734709628,
            "dur_std": 831.9974399496613
        },
        "60": {
            "dur_mean": 4515.5300019293845,
            "dur_std": 840.3109589523224
        },
        "61": {
            "dur_mean": 4572.623987659083,
            "dur_std": 845.581810141643
        },
        "62": {
            "dur_mean": 4604.422119281992,
            "dur_std": 853.7562180675607
        },
        "63": {
            "dur_mean": 4642.829598145286,
            "dur_std": 858.6463187013793
        },
        "64": {
            "dur_mean": 4715.670144927536,
            "dur_std": 874.1807781257199
        },
        "65": {
            "dur_mean": 4774.690361213058,
            "dur_std": 883.2015518509082
        },
        "66": {
            "dur_mean": 4831.641877535252,
            "dur_std": 885.9488401597463
        },
        "67": {
            "dur_mean": 4876.789839675488,
            "dur_std": 888.4983160375383
        },
        "68": {
            "dur_mean": 4912.995170948426,
            "dur_std": 892.0417626727207
        },
        "69": {
            "dur_mean": 4979.67889553968,
            "dur_std": 901.9824968822726
        },
        "70": {
            "dur_mean": 4996.5837837837835,
            "dur_std": 903.5931054516192
        },