{
    "rows": {
        "start": 439374,
        "route_filter": -106397,
        "nan_filter": -2992,
        "negative_dur": -124,
        "outliers": -2095,
        "end": 327766
    },
    "scr": 0.9464072367298174,
    "stats": {
        "1": {
            "dur_mean": 0.0,
            "dur_std": 0.0
        },
        "2": {
            "dur_mean": 94.23494079286083,
            "dur_std": 112.03564529358461
        },
        "3": {
            "dur_mean": 198.8841705506646,
            "dur_std": 123.39295224085531
        },
        "4": {
            "dur_mean": 262.3728638011393,
            "dur_std": 154.01374910270462
        },
        "5": {
            "dur_mean": 330.65622837370245,
            "dur_std": 141.3387624596485
        },
        "6": {
            "dur_mean": 368.67414566793235,
            "dur_std": 144.4578026827071
        },
        "7": {
            "dur_mean": 456.0045045045045,
            "dur_std": 152.4553469018869
        },
        "8": {
            "dur_mean": 491.16269841269843,
            "dur_std": 159.0476312957096
        },
        "9": {
            "dur_mean": 530.5822828527025,
            "dur_std": 168.5136928791711
        },
        "10": {
            "dur_mean": 574.852191994455,
            "dur_std": 170.71251890496757
        },
        "11": {
            "dur_mean": 655.942021460713,
            "dur_std": 177.17205163266615
        },
        "12": {
            "dur_mean": 680.8026657434655,
            "dur_std": 179.22485984826275
        },
        "13": {
            "dur_mean": 725.0989961924541,
            "dur_std": 193.78926243946518
        },
        "14": {
            "dur_mean": 775.3801038062284,
            "dur_std": 194.9940752366342
        },
        "15": {
            "dur_mean": 828.8494382022471,
            "dur_std": 209.44435061930085
        },
        "16": {
            "dur_mean": 921.0388601036269,
            "dur_std": 221.8581083824719
        },
        "17": {
            "dur_mean": 954.6939127435764,
            "dur_std": 220.52698090996765
        },
        "18": {
            "dur_mean": 988.5844827586207,
            "dur_std": 223.49381388040433
        },
        "19": {
            "dur_mean": 1022.8902481047553,
            "dur_std": 228.2551400113244
        },
        "20": {
            "dur_mean": 1072.7728994490358,
            "dur_std": 236.6212302132482
        },
        "21": {
            "dur_mean": 1117.3014807162535,
            "dur_std": 243.40218340726338
        },
        "22": {
            "dur_mean": 1202.2715072264282,
            "dur_std": 248.08963356308465
        },
        "23": {
            "dur_mean": 1250.4753224419605,
            "dur_std": 258.30420629057636
        },
        "24": {
            "dur_mean": 1314.8472914875322,
            "dur_std": 265.57861696284647
        },
        "25": {
            "dur_mean": 1352.4390369733449,
            "dur_std": 269.92879532833103
        },
        "26": {
            "dur_mean": 1380.0748065348237,
            "dur_std": 274.2365850599412
        },
        "27": {
            "dur_mean": 1451.5198624247635,
            "dur_std": 281.8814989902269
        },
        "28": {
            "dur_mean": 1482.3211214310286,
            "dur_std": 287.14464181599254
        },
        "29": {
            "dur_mean": 1543.6640866873065,
            "dur_std": 291.9685781108007
        },
        "30": {
            "dur_mean": 1579.5528035775715,
            "dur_std": 296.63067262461976
        },
        "31": {
            "dur_mean": 1630.2877536979704,
            "dur_std": 302.7248270852261
        },
        "32": {
            "dur_mean": 1701.8010992785985,
            "dur_std": 313.39630675982767
        },
        "33": {
            "dur_mean": 1743.8148720590762,
            "dur_std": 317.3308388579527
        },
        "34": {
            "dur_mean": 1793.8710286793748,
            "dur_std": 321.4977306576587
        },
        "35": {
            "dur_mean": 1809.3436373003606,
            "dur_std": 324.2086037090256
        },
        "36": {
            "dur_mean": 1840.1156158735612,
            "dur_std": 325.89809171570437
        },
        "37": {
            "dur_mean": 1863.9182411542424,
            "dur_std": 330.9192454350104
        },
        "38": {
            "dur_mean": 1977.790513833992,
            "dur_std": 368.34705796449254
        },
        "39": {
            "dur_mean": 2078.251548520303,
            "dur_std": 402.4827185217607
        },
        "40": {
            "dur_mean": 2110.448305522106,
            "dur_std": 409.47413688074045
        },
        "41": {
            "dur_mean": 2196.4968163827225,
            "dur_std": 431.40865824824334
        },
        "42": {
            "dur_mean": 2284.78591160221,
            "dur_std": 451.8305106058549
        },
        "43": {
            "dur_mean": 2371.3141180531584,
            "dur_std": 481.18420158449123
        },
        "44": {
            "dur_mean": 2441.8028388436906,
            "dur_std": 478.58391979708057
        },
        "45": {
            "dur_mean": 2578.209145815358,
            "dur_std": 509.8835062448113
        },
        "46": {
            "dur_mean": 2667.5356401384083,
            "dur_std": 510.0675215724835
        },
        "47": {
            "dur_mean": 2718.43020238713,
            "dur_std": 526.4536673400843
        },
        "48": {
            "dur_mean": 2792.6960055334603,
            "dur_std": 543.0883593197913
        },
        "49": {
            "dur_mean": 2887.7289449954915,
            "dur_std": 540.7816622313361
        },
        "50": {
            "dur_mean": 2922.1210810810812,
            "dur_std": 543.7483269315139
        },
        "51": {
            "dur_mean": 2957.216187989556,
            "dur_std": 560.0525799614433
        },
        "52": {
            "dur_mean": 2995.175666320526,
            "dur_std": 566.4341863817332
        },
        "53": {
            "dur_mean": 3051.3284305243124,
            "dur_std": 572.41179329267
        },
        "54": {
            "dur_mean": 3138.818307665686,
            "dur_std": 589.3714502233382
        },
        "55": {
            "dur_mean": 3164.5323529411767,
            "dur_std": 593.0594557665034
        },
        "56": {
            "dur_mean": 3203.682179930796,
            "dur_std": 596.2531427198028
        },
        "57": {
            "dur_mean": 3382.7631954350927,
            "dur_std": 597.5677172156978
        }
    },
    "modelling": {
        "XGBoost": {
            "time": 41.48600101470947,
            "r_2": 0.970247774550062,
            "mse": 29390.59489293682,
            "rmse": 171.4368539519342,
            "mae": 120.87671738854263
        },
        "Benchmark": {
            "r_2": 0.930175468698617,
            "mse": 68975.83229601425,
            "rmse": 262.63250426406523,
            "mae": 184.7479924824876
        }
    },