{
    "rows": {
        "start": 17918,
        "route_filter": -4100,
        "nan_filter": 0,
        "negative_dur": 0,
        "outliers": -39,
        "end": 13779
    },
    "scr": 0.3629032258064516,
    "stats": {
        "1": {
            "dur_mean": 0.0,
            "dur_std": 0.0
        },
        "2": {
            "dur_mean": 137.3989218328841,
            "dur_std": 53.8369148841185
        },
        "3": {
            "dur_mean": 255.13172043010752,
            "dur_std": 73.3055221937211
        },
        "4": {
            "dur_mean": 353.2795698924731,
            "dur_std": 97.81613927006781
        },
        "5": {
            "dur_mean": 397.9596774193548,
            "dur_std": 102.13999160236787
        },
        "6": {
            "dur_mean": 543.6102150537635,
            "dur_std": 130.12716651070434
        },
        "7": {
            "dur_mean": 614.9677419354839,
            "dur_std": 142.55581602193527
        },
        "8": {
            "dur_mean": 880.6881720430108,
            "dur_std": 228.52494203469243
        },
        "9": {
            "dur_mean": 1089.02688172043,
            "dur_std": 251.02881424789257
        },
        "10": {
            "dur_mean": 1182.529569892473,
            "dur_std": 266.4171215992248
        },
        "11": {
            "dur_mean": 1219.0564516129032,
            "dur_std": 271.2217730454138
        },
        "12": {
            "dur_mean": 1283.0618279569892,
            "dur_std": 275.4779408545414
        },
        "13": {
            "dur_mean": 1357.470430107527,
            "dur_std": 285.385976280364
        },
        "14": {
            "dur_mean": 1468.1612903225807,
            "dur_std": 307.6842831867814
        },
        "15": {
            "dur_mean": 1533.1639784946237,
            "dur_std": 314.74221256468405
        },
        "16": {
            "dur_mean": 1653.9274193548388,
            "dur_std": 335.1946814945267
        },
        "17": {
            "dur_mean": 1686.225806451613,
            "dur_std": 337.9165395301436
        },
        "18": {
            "dur_mean": 1771.4569892473119,
            "dur_std": 355.3593462840819
        },
        "19": {
            "dur_mean": 1796.717741935484,
            "dur_std": 361.16607854025943
        },
        "20": {
            "dur_mean": 1875.970430107527,
            "dur_std": 377.3859538362739
        },
        "21": {
            "dur_mean": 1948.8252688172042,
            "dur_std": 384.81519225461267
        },
        "22": {
            "dur_mean": 1992.7123655913979,
            "dur_std": 389.22766923610544
        },
        "23": {
            "dur_mean": 2086.4193548387098,
            "dur_std": 399.4569783792279
        },
        "24": {
            "dur_mean": 2154.7150537634407,
            "dur_std": 404.4599800475999
        },
        "25": {
            "dur_mean": 2202.793010752688,
            "dur_std": 409.47782493736975
        },
        "26": {
            "dur_mean": 2300.7258064516127,
            "dur_std": 420.28619447009095
        },
        "27": {
            "dur_mean": 2338.3978494623657,
            "dur_std": 429.385793137666
        },
        "28": {
            "dur_mean": 2396.787634408602,
            "dur_std": 438.8219104203992
        },
        "29": {
            "dur_mean": 2505.52688172043,
            "dur_std": 452.1508786513444
        },
        "30": {
            "dur_mean": 2618.3118279569894,
            "dur_std": 508.99622647512996
        },
        "31": {
            "dur_mean": 2888.5687331536387,
            "dur_std": 524.2399826913
        },
        "33": {
            "dur_mean": 3149.4972972972973,
            "dur_std": 544.1650039125913
        },
        "34": {
            "dur_mean": 3294.5378378378377,
            "dur_std": 563.0981708857994
        },
        "35": {
            "dur_mean": 3384.0513513513515,
            "dur_std": 571.4228663667923
        },
        "36": {
            "dur_mean": 3517.048648648649,
            "dur_std": 581.5477273143713
        },
        "37": {
            "dur_mean": 3633.2027027027025,
            "dur_std": 584.4686229956133
        },
        "39": {
            "dur_mean": 3919.679867986799,
            "dur_std": 617.4270634116187
        },
        "38": {
            "dur_mean": 4094.637037037037,
            "dur_std": 619.0833089287261
        }
    },
    "modelling": {
        "XGBoost": {
            "time": 1.8219969272613525,
            "r_2": 0.997459762139254,
            "mse": 3076.851417362173,
            "rmse": 55.469373688209004,
            "mae": 36.64218771242265
        },
        "Benchmark": {
            "r_2": 0.8890507845573251,
            "mse": 134386.72656023223,
            "rmse": 366.5879520118361,
            "mae": 254.57503628447026
        }
    },
    "features": [
        "weather_description_few clouds",
        "weather_description_fog",
        "weather_description_light intensity drizzle",
        "weather_description_light intensity drizzle rain",
        "weather_description_light intensity shower rain",
        "weather_description_light rain",
        "weather_description_mist",
        "weather_description_moderate rain",
        "weather_description_overcast clouds",
        "weather_description_proximity shower rain",
        "weather_description_scattered clouds",
        "weather_description_sky is clear",
        "weekday_1",
        "weekday_2",
        "weekday_3",
        "weekday_4",
        "month_4",
        "month_5",
        "month_6",
        "month_7",
        "month_8",
        "month_9",
        "month_10",
        "month_11",
        "month_12",
        "hour_8",
        "hour_9",
        "progr_number",
        "arr_p",
        "arr_a",
        "dep_p",
        "dep_a",
        "dur_s"
    ]
}