{
    "rows": {
        "start": 320555,
        "route_filter": -57184,
        "nan_filter": -36570,
        "negative_dur": -84,
        "outliers": -2750,
        "end": 223967
    },
    "scr": 0.44175824175824174,
    "stats": {
        "1": {
            "dur_mean": 0.0,
            "dur_std": 0.0
        },
        "2": {
            "dur_mean": 82.69437706725469,
            "dur_std": 204.6768679958543
        },
        "3": {
            "dur_mean": 272.17961745367603,
            "dur_std": 251.21007654158083
        },
        "5": {
            "dur_mean": 387.4684210526316,
            "dur_std": 272.7456448835686
        },
        "6": {
            "dur_mean": 425.69772073467584,
            "dur_std": 283.0723440907803
        },
        "7": {
            "dur_mean": 507.03865694720565,
            "dur_std": 296.49782285210676
        },
        "8": {
            "dur_mean": 570.0302495032016,
            "dur_std": 305.8449487858833
        },
        "9": {
            "dur_mean": 608.6683605832965,
            "dur_std": 310.3251209767317
        },
        "10": {
            "dur_mean": 699.0125800044141,
            "dur_std": 322.93825101672877
        },
        "11": {
            "dur_mean": 759.1212455830389,
            "dur_std": 328.6606602013513
        },
        "12": {
            "dur_mean": 809.0245141342756,
            "dur_std": 336.7405210934119
        },
        "13": {
            "dur_mean": 857.2982107355865,
            "dur_std": 340.3712016113072
        },
        "14": {
            "dur_mean": 882.3602209944752,
            "dur_std": 342.47344919572714
        },
        "15": {
            "dur_mean": 921.619562817399,
            "dur_std": 349.1274002240105
        },
        "16": {
            "dur_mean": 981.9944763588157,
            "dur_std": 355.79410299552313
        },
        "17": {
            "dur_mean": 1091.8733981440566,
            "dur_std": 361.8387090565945
        },
        "18": {
            "dur_mean": 1108.8027826855123,
            "dur_std": 364.4509846147276
        },
        "19": {
            "dur_mean": 1135.0702296819788,
            "dur_std": 369.46951973654006
        },
        "20": {
            "dur_mean": 1182.511366144339,
            "dur_std": 382.8221617694877
        },
        "21": {
            "dur_mean": 1227.9920547340544,
            "dur_std": 399.7843225698332
        },
        "22": {
            "dur_mean": 1421.043795620438,
            "dur_std": 453.76641083672484
        },
        "23": {
            "dur_mean": 1591.4772224679346,
            "dur_std": 531.3852472033323
        },
        "24": {
            "dur_mean": 1639.9158011049724,
            "dur_std": 547.2253549158938
        },
        "25": {
            "dur_mean": 1699.8658563535912,
            "dur_std": 567.6983727603498
        },
        "26": {
            "dur_mean": 1783.8270377733597,
            "dur_std": 591.1224950441984
        },
        "27": {
            "dur_mean": 1867.2845151314336,
            "dur_std": 611.0429678150643
        },
        "28": {
            "dur_mean": 1915.4212154696133,
            "dur_std": 618.6945872557669
        },
        "29": {
            "dur_mean": 1962.157824933687,
            "dur_std": 628.0851832483355
        },
        "30": {
            "dur_mean": 2034.988284703802,
            "dur_std": 640.7407139210295
        },
        "31": {
            "dur_mean": 2094.814749392802,
            "dur_std": 655.4711215979225
        },
        "32": {
            "dur_mean": 2217.7443194352527,
            "dur_std": 668.8111524227751
        },
        "33": {
            "dur_mean": 2255.795414462081,
            "dur_std": 676.1427476848979
        },
        "34": {
            "dur_mean": 2373.4111552028216,
            "dur_std": 712.4275691450737
        },
        "35": {
            "dur_mean": 2411.593605292172,
            "dur_std": 725.1747820310125
        },
        "36": {
            "dur_mean": 2473.0008820286657,
            "dur_std": 740.5166522219567
        },
        "37": {
            "dur_mean": 2504.6858465608466,
            "dur_std": 744.6743273920565
        },
        "38": {
            "dur_mean": 2546.0039691289967,
            "dur_std": 751.627265978708
        },
        "39": {
            "dur_mean": 2595.4116868798237,
            "dur_std": 759.6704733887192
        },
        "40": {
            "dur_mean": 2714.689084895259,
            "dur_std": 801.3451155273024
        },
        "41": {
            "dur_mean": 2764.3298787210583,
            "dur_std": 808.0489868110313
        },
        "42": {
            "dur_mean": 2828.314917127072,
            "dur_std": 822.1134783165178
        },
        "43": {
            "dur_mean": 2910.2867225408027,
            "dur_std": 837.9985285907715
        },
        "44": {
            "dur_mean": 2972.338037486218,
            "dur_std": 850.2739778469853
        },
        "45": {
            "dur_mean": 3050.2482332155478,
            "dur_std": 869.5010120392237
        },
        "46": {
            "dur_mean": 3129.3798895027626,
            "dur_std": 884.2448143371431
        },
        "47": {
            "dur_mean": 3186.5120601903077,
            "dur_std": 902.9472601198419
        },
        "48": {
            "dur_mean": 3291.8471422241914,
            "dur_std": 927.7498388398386
        },
        "49": {
            "dur_mean": 3386.7049944506102,
            "dur_std": 936.1703339031252
        },
        "50": {
            "dur_mean": 3426.1531631520534,
            "dur_std": 940.1308604159071
        },
        "51": {
            "dur_mean": 3452.1729622266403,
            "dur_std": 939.1242704194921
        },
        "4": {
            "dur_mean": 340.9621459694989,
            "dur_std": 262.9985347753949
        }
    },
    "modelling": {
        "XGBoost": {
            "time": 63.64830207824707,
            "r_2": 0.945940968580351,
            "mse": 71244.35084221822,
            "rmse": 266.91637424897374,
            "mae": 188.47944780925943
        },
        "Benchmark": {
            "r_2": 0.8941001584391676,
            "mse": 139565.30977639664,
            "rmse": 373.58440783362016,
            "mae": 267.1788291184455
        }
    },
    "features": [
        "weather_description_broken clouds",
        "weather_description_drizzle",
        "weather_description_few clouds",
        "weather_description_fog",
        "weather_description_light intensity drizzle",
        "weather_description_light intensity drizzle rain",
        "weather_description_light intensity shower rain",
        "weather_description_light rain",
        "weather_description_light shower snow",
        "weather_description_light snow",
        "weather_description_mist",
        "weather_description_moderate rain",
        "weather_description_overcast clouds",
        "weather_description_proximity shower rain",
        "weather_description_scattered clouds",
        "weather_description_shower rain",
        "weather_description_sky is clear",
        "weekday_1",
        "weekday_2",
        "weekday_3",
        "weekday_4",
        "weekday_5",
        "weekday_6",
        "month_2",
        "month_3",
        "month_4",
        "month_5",
        "month_6",
        "month_7",
        "month_8",
        "month_9",
        "month_10",
        "month_11",
        "month_12",
        "hour_1",
        "hour_7",
        "hour_8",
        "hour_9",
        "hour_10",
        "hour_11",
        "hour_12",
        "hour_13",
        "hour_14",
        "hour_15",
        "hour_16",
        "hour_17",
        "hour_18",
        "hour_19",
        "hour_20",
        "hour_21",
        "hour_22",
        "hour_23",
        "holiday_1",
        "progr_number",
        "dur_s"
    ]
}