{
    "rows": {
        "start": 322941,
        "route_filter": -63728,
        "nan_filter": -6167,
        "negative_dur": -2,
        "outliers": -2533,
        "end": 250511
    },
    "scr": 0.37131908027430416,
    "stats": {
        "1": {
            "dur_mean": 0.0,
            "dur_std": 0.0
        },
        "2": {
            "dur_mean": 65.54223928860145,
            "dur_std": 28.259583103647696
        },
        "3": {
            "dur_mean": 124.43071009508395,
            "dur_std": 38.49676367012118
        },
        "4": {
            "dur_mean": 218.14034378159758,
            "dur_std": 57.18750493203074
        },
        "5": {
            "dur_mean": 267.09160768452983,
            "dur_std": 61.7892163866361
        },
        "6": {
            "dur_mean": 315.0574549868501,
            "dur_std": 72.87849842536878
        },
        "7": {
            "dur_mean": 422.1174924165824,
            "dur_std": 107.06195157903373
        },
        "8": {
            "dur_mean": 466.40845640299415,
            "dur_std": 124.8917769686029
        },
        "9": {
            "dur_mean": 595.6343781597574,
            "dur_std": 184.65691912924518
        },
        "11": {
            "dur_mean": 729.8476425777229,
            "dur_std": 213.97169575610232
        },
        "12": {
            "dur_mean": 779.3904137648505,
            "dur_std": 229.7646461905813
        },
        "13": {
            "dur_mean": 820.1919465887753,
            "dur_std": 238.4301193850175
        },
        "14": {
            "dur_mean": 919.883849784527,
            "dur_std": 271.27200911026523
        },
        "15": {
            "dur_mean": 960.498279003847,
            "dur_std": 281.9750658754961
        },
        "16": {
            "dur_mean": 1014.4123251571052,
            "dur_std": 294.02310080312753
        },
        "17": {
            "dur_mean": 1054.8697325769854,
            "dur_std": 310.5933365623446
        },
        "18": {
            "dur_mean": 1118.1792796438688,
            "dur_std": 317.01240869306434
        },
        "19": {
            "dur_mean": 1172.0419198055893,
            "dur_std": 326.8031025545734
        },
        "20": {
            "dur_mean": 1227.2661404573973,
            "dur_std": 337.13826228990666
        },
        "21": {
            "dur_mean": 1257.7132144304824,
            "dur_std": 347.7640610013453
        },
        "22": {
            "dur_mean": 1330.1906788247213,
            "dur_std": 364.7722739332129
        },
        "23": {
            "dur_mean": 1359.8745948136143,
            "dur_std": 364.9557587583729
        },
        "24": {
            "dur_mean": 1394.6057965139846,
            "dur_std": 377.016659821197
        },
        "25": {
            "dur_mean": 1441.8198984771573,
            "dur_std": 392.06673822678664
        },
        "26": {
            "dur_mean": 1501.4023548518066,
            "dur_std": 408.04831318725104
        },
        "27": {
            "dur_mean": 1545.3427411167513,
            "dur_std": 420.65715374126614
        },
        "28": {
            "dur_mean": 1640.4054054054054,
            "dur_std": 518.4660619182506
        },
        "29": {
            "dur_mean": 1758.1935680846734,
            "dur_std": 478.9952897101234
        },
        "30": {
            "dur_mean": 1845.7144022847817,
            "dur_std": 500.28937558908893
        },
        "31": {
            "dur_mean": 1978.004914004914,
            "dur_std": 529.7019412905878
        },
        "32": {
            "dur_mean": 2105.2528403222473,
            "dur_std": 555.1667883781126
        },
        "33": {
            "dur_mean": 2157.7334440523146,
            "dur_std": 559.6589110406968
        },
        "34": {
            "dur_mean": 2174.56453283613,
            "dur_std": 562.4780779718683
        },
        "35": {
            "dur_mean": 2208.8681818181817,
            "dur_std": 568.5621833847943
        },
        "36": {
            "dur_mean": 2244.985324514262,
            "dur_std": 577.0158164387839
        },
        "37": {
            "dur_mean": 2275.3644628099173,
            "dur_std": 583.2701883730035
        },
        "39": {
            "dur_mean": 2355.4346749226006,
            "dur_std": 594.4637791126052
        },
        "40": {
            "dur_mean": 2398.5015492666803,
            "dur_std": 599.1379358419526
        },
        "41": {
            "dur_mean": 2415.788429752066,
            "dur_std": 602.8605467953826
        },
        "42": {
            "dur_mean": 2462.0092994420334,
            "dur_std": 612.1086225568955
        },
        "43": {
            "dur_mean": 2508.814462809917,
            "dur_std": 625.6662454949342
        },
        "44": {
            "dur_mean": 2546.753099173554,
            "dur_std": 637.6112779391694
        },
        "45": {
            "dur_mean": 2617.3154306961374,
            "dur_std": 669.2130374794757
        },
        "46": {
            "dur_mean": 2723.852479338843,
            "dur_std": 698.9987993451031
        },
        "47": {
            "dur_mean": 2786.828305785124,
            "dur_std": 716.3968579023926
        },
        "48": {
            "dur_mean": 2839.2169869807813,
            "dur_std": 726.3195541227346
        },
        "49": {
            "dur_mean": 2882.1120297643656,
            "dur_std": 736.2465850264936
        },
        "50": {
            "dur_mean": 2917.497415753566,
            "dur_std": 746.2980893278144
        },
        "51": {
            "dur_mean": 3030.9406276505515,
            "dur_std": 758.0388834051553
        },
        "52": {
            "dur_mean": 3804.784054910243,
            "dur_std": 959.1673165869389
        },
        "10": {
            "dur_mean": 695.3306451612904,
            "dur_std": 200.72630905675084
        },
        "53": {
            "dur_mean": 3935.093669250646,
            "dur_std": 976.2152353505393
        },
        "38": {
            "dur_mean": 2439.2569255839217,
            "dur_std": 568.0933469080546
        }
    },
    "modelling": {
        "XGBoost": {
            "time": 72.425137758255,
            "r_2": 0.9636109373189828,
            "mse": 39803.89356037617,
            "rmse": 199.50913152128194,
            "mae": 132.41740623262774
        },
        "Benchmark": {
            "r_2": 0.9006256015592639,
            "mse": 108699.91384045476,
            "rmse": 329.6966997718581,
            "mae": 207.98249984032702
        }
    },