{
    "rows": {
        "start": 1008919,
        "route_filter": -13828,
        "nan_filter": -60257,
        "negative_dur": -526,
        "outliers": -6889,
        "end": 927419
    },
    "scr": 6.0650169820475496e-05,
    "stats": {
        "1": {
            "dur_mean": 0.0,
            "dur_std": 0.0
        },
        "2": {
            "dur_mean": 152.66070833055426,
            "dur_std": 101.34969136699739
        },
        "3": {
            "dur_mean": 326.40869681205817,
            "dur_std": 120.96586645051396
        },
        "4": {
            "dur_mean": 432.36973614072497,
            "dur_std": 131.25834019750417
        },
        "5": {
            "dur_mean": 544.8219954648526,
            "dur_std": 140.78855110146458
        },
        "6": {
            "dur_mean": 595.9240351734245,
            "dur_std": 199.03529680443896
        },
        "7": {
            "dur_mean": 625.3648854961832,
            "dur_std": 176.57174696254137
        },
        "8": {
            "dur_mean": 703.5633089133089,
            "dur_std": 181.72542207391277
        },
        "9": {
            "dur_mean": 786.5263864315783,
            "dur_std": 189.0407773943723
        },
        "10": {
            "dur_mean": 834.796314376373,
            "dur_std": 187.9833033724614
        },
        "11": {
            "dur_mean": 866.8993718363115,
            "dur_std": 193.87873249936553
        },
        "12": {
            "dur_mean": 941.6930204206035,
            "dur_std": 202.62748568448924
        },
        "13": {
            "dur_mean": 967.3132199670872,
            "dur_std": 202.420290171542
        },
        "14": {
            "dur_mean": 1015.4108253078142,
            "dur_std": 212.52187825591767
        },
        "15": {
            "dur_mean": 1113.7833028641073,
            "dur_std": 258.34211406982314
        },
        "16": {
            "dur_mean": 1158.8732711874734,
            "dur_std": 269.9328256138912
        },
        "17": {
            "dur_mean": 1238.4886695906432,
            "dur_std": 288.18211340029296
        },
        "18": {
            "dur_mean": 1322.2798878253977,
            "dur_std": 303.37674970909035
        },
        "19": {
            "dur_mean": 1423.3140990413385,
            "dur_std": 318.48791756016533
        },
        "20": {
            "dur_mean": 1470.3558473282442,
            "dur_std": 324.5666215824776
        },
        "21": {
            "dur_mean": 1522.002380952381,
            "dur_std": 332.22438170820647
        },
        "22": {
            "dur_mean": 1599.7336180597927,
            "dur_std": 339.8697917105522
        },
        "23": {
            "dur_mean": 1693.3078892817948,
            "dur_std": 348.3310046799743
        },
        "24": {
            "dur_mean": 1782.54160058558,
            "dur_std": 360.2470415617158
        },
        "25": {
            "dur_mean": 1908.6895773617125,
            "dur_std": 382.5578165996866
        },
        "26": {
            "dur_mean": 2141.5164184570312,
            "dur_std": 433.33431133356356
        },
        "27": {
            "dur_mean": 2448.724474841231,
            "dur_std": 516.3777409498077
        },
        "28": {
            "dur_mean": 2579.9021513262437,
            "dur_std": 539.2122957656966
        },
        "29": {
            "dur_mean": 2622.0846163245355,
            "dur_std": 534.5236343895829
        },
        "30": {
            "dur_mean": 2708.7086993655444,
            "dur_std": 524.9187350080806
        },
        "31": {
            "dur_mean": 2771.9623780487805,
            "dur_std": 514.2715382569003
        },
        "32": {
            "dur_mean": 2884.8620899890257,
            "dur_std": 526.1449306245596
        },
        "33": {
            "dur_mean": 2910.5471836137526,
            "dur_std": 529.5436600194997
        },
        "34": {
            "dur_mean": 2981.36999329391,
            "dur_std": 540.7397905888996
        },
        "35": {
            "dur_mean": 3035.9077720207256,
            "dur_std": 550.1322682091429
        },
        "36": {
            "dur_mean": 3115.2937625754525,
            "dur_std": 560.6520377906203
        },
        "37": {
            "dur_mean": 3165.0885419842675,
            "dur_std": 568.2502613476864
        },
        "38": {
            "dur_mean": 3228.935784851811,
            "dur_std": 578.1881072000033
        },
        "39": {
            "dur_mean": 3270.9199902427126,
            "dur_std": 586.1432899864343
        },
        "40": {
            "dur_mean": 3313.9293773251206,
            "dur_std": 595.3844989986715
        },
        "41": {
            "dur_mean": 3373.7840805123515,
            "dur_std": 608.5639492884992
        },
        "42": {
            "dur_mean": 3466.009637672319,
            "dur_std": 629.0831959670619
        },
        "43": {
            "dur_mean": 3502.8411710887467,
            "dur_std": 635.3691167391487
        },
        "44": {
            "dur_mean": 3561.3415660446394,
            "dur_std": 647.9667222008742
        },
        "45": {
            "dur_mean": 3613.0032303285184,
            "dur_std": 655.0477047353246
        },
        "46": {
            "dur_mean": 3649.1486535884,
            "dur_std": 660.549169050386
        },
        "47": {
            "dur_mean": 3705.4132196162045,
            "dur_std": 669.1262031364887
        },
        "48": {
            "dur_mean": 3738.5567607092803,
            "dur_std": 671.9843760823655
        },
        "49": {
            "dur_mean": 3786.3773688379747,
            "dur_std": 678.1044721835232
        },
        "50": {
            "dur_mean": 3883.473770791446,
            "dur_std": 692.3085010043576
        },
        "51": {
            "dur_mean": 3977.3315041765745,
            "dur_std": 707.5063306021967
        },
        "52": {
            "dur_mean": 4073.310315378515,
            "dur_std": 725.4867403315386
        },
        "53": {
            "dur_mean": 4121.316675819147,
            "dur_std": 733.6183939326442
        },
        "54": {
            "dur_mean": 4188.042910333883,
            "dur_std": 738.3815515309097
        },
        "55": {
            "dur_mean": 4281.117502910004,
            "dur_std": 746.9346170719742
        },
        "56": {
            "dur_mean": 4359.204733582685,
            "dur_std": 754.5980581065467
        },
        "57": {
            "dur_mean": 4425.061793611793,
            "dur_std": 764.5047354327818
        },
        "58": {
            "dur_mean": 4057.183982683983,
            "dur_std": 841.7496262392668
        },
        "59": {
            "dur_mean": 4150.476156069364,
            "dur_std": 855.1378120904112
        },
        "60": {
            "dur_mean": 4228.22503617945,
            "dur_std": 863.3417161873404
        },
        "61": {
            "dur_mean": 4317.363834422658,
            "dur_std": 871.189058426755
        }
    },
    "modelling": {
        "XGBoost": {
            "time": 376.2084701061249,
            "r_2": 0.9609784061026143,
            "mse": 76336.54680825083,
            "rmse": 276.2906925834651,
            "mae": 195.38672025212304
        },
        "Benchmark": {
            "r_2": 0.9142175818339904,
            "mse": 167813.07285587976,
            "rmse": 409.6499394066594,
            "mae": 268.21988311660306
        }
    },