{
    "rows": {
        "start": 1071204,
        "route_filter": -146693,
        "nan_filter": -17905,
        "negative_dur": -30,
        "outliers": -5006,
        "end": 901570
    },
    "scr": 0.9822465460855636,
    "stats": {
        "1": {
            "dur_mean": 0.0,
            "dur_std": 0.0
        },
        "2": {
            "dur_mean": 84.45730563002681,
            "dur_std": 35.832450777203924
        },
        "3": {
            "dur_mean": 155.393443721928,
            "dur_std": 63.62935604190977
        },
        "4": {
            "dur_mean": 216.2097368244827,
            "dur_std": 75.97123660177371
        },
        "5": {
            "dur_mean": 259.53468595152003,
            "dur_std": 80.84939305673608
        },
        "6": {
            "dur_mean": 307.9828556121082,
            "dur_std": 91.98645248966776
        },
        "7": {
            "dur_mean": 393.4923674343867,
            "dur_std": 114.16798749763086
        },
        "8": {
            "dur_mean": 592.255635074577,
            "dur_std": 151.42584903742585
        },
        "9": {
            "dur_mean": 644.6754966887418,
            "dur_std": 158.27108456005567
        },
        "10": {
            "dur_mean": 702.9524287434765,
            "dur_std": 164.6363270539153
        },
        "11": {
            "dur_mean": 723.2126463700234,
            "dur_std": 167.58387034785062
        },
        "12": {
            "dur_mean": 750.4810304449649,
            "dur_std": 171.73563911580564
        },
        "13": {
            "dur_mean": 792.4026634544603,
            "dur_std": 183.27430032335218
        },
        "14": {
            "dur_mean": 822.1559467237802,
            "dur_std": 188.1698911658673
        },
        "15": {
            "dur_mean": 876.3449129852744,
            "dur_std": 201.058646336278
        },
        "16": {
            "dur_mean": 930.6406909017875,
            "dur_std": 211.4275794616078
        },
        "17": {
            "dur_mean": 959.5014399571362,
            "dur_std": 217.23427042347475
        },
        "18": {
            "dur_mean": 1028.1182975871313,
            "dur_std": 232.7349246621598
        },
        "19": {
            "dur_mean": 1089.3734842902124,
            "dur_std": 247.78299367385722
        },
        "20": {
            "dur_mean": 1145.8400214376634,
            "dur_std": 258.2642290964131
        },
        "21": {
            "dur_mean": 1169.2756749514303,
            "dur_std": 262.270863169738
        },
        "22": {
            "dur_mean": 1210.3462724591043,
            "dur_std": 269.5014871805731
        },
        "23": {
            "dur_mean": 1257.5530247203055,
            "dur_std": 279.2873443743056
        },
        "24": {
            "dur_mean": 1367.7070328198258,
            "dur_std": 301.8310202815086
        },
        "25": {
            "dur_mean": 1479.8042473370404,
            "dur_std": 319.0857392064737
        },
        "26": {
            "dur_mean": 1549.8255712658313,
            "dur_std": 329.1660453554684
        },
        "27": {
            "dur_mean": 1586.2474033371307,
            "dur_std": 336.81087220679524
        },
        "28": {
            "dur_mean": 1644.3524996649244,
            "dur_std": 345.81427591628164
        },
        "29": {
            "dur_mean": 1723.6931376491086,
            "dur_std": 362.8318149433409
        },
        "30": {
            "dur_mean": 1758.9896105637108,
            "dur_std": 371.8457887547867
        },
        "31": {
            "dur_mean": 1845.5992607526882,
            "dur_std": 394.8791375359009
        },
        "32": {
            "dur_mean": 1950.0429682263039,
            "dur_std": 427.4350341479568
        },
        "33": {
            "dur_mean": 2071.8488262910796,
            "dur_std": 448.6259584597854
        },
        "34": {
            "dur_mean": 2146.0841434797185,
            "dur_std": 456.0380354547263
        },
        "35": {
            "dur_mean": 2630.9279540850775,
            "dur_std": 548.3805367212607
        },
        "36": {
            "dur_mean": 2797.7444692510658,
            "dur_std": 573.7199202972623
        },
        "37": {
            "dur_mean": 2893.4733170797776,
            "dur_std": 586.37498759266
        },
        "38": {
            "dur_mean": 2984.084388757196,
            "dur_std": 596.9444630877156
        },
        "39": {
            "dur_mean": 3010.954548533496,
            "dur_std": 600.7219139875485
        },
        "40": {
            "dur_mean": 3051.582311911695,
            "dur_std": 609.8703213511471
        },
        "41": {
            "dur_mean": 3153.1072444143533,
            "dur_std": 633.9224786939558
        },
        "42": {
            "dur_mean": 3205.044581247463,
            "dur_std": 638.6431799259124
        },
        "43": {
            "dur_mean": 3316.228418846752,
            "dur_std": 652.2354118945493
        },
        "44": {
            "dur_mean": 3351.5338111982687,
            "dur_std": 657.2048472683673
        },
        "45": {
            "dur_mean": 3407.8982282932107,
            "dur_std": 665.2141030703987
        },
        "46": {
            "dur_mean": 3468.013456856911,
            "dur_std": 675.1470822184787
        },
        "47": {
            "dur_mean": 3510.6117535673225,
            "dur_std": 682.7064013464471
        },
        "48": {
            "dur_mean": 3599.5151474168247,
            "dur_std": 695.450282961584
        },
        "49": {
            "dur_mean": 3631.942111313992,
            "dur_std": 700.2678700646918
        },
        "50": {
            "dur_mean": 3654.992021096761,
            "dur_std": 703.6212466524653
        },
        "51": {
            "dur_mean": 3692.4660896612345,
            "dur_std": 710.0395827733473
        },
        "52": {
            "dur_mean": 3724.776176948052,
            "dur_std": 713.9145095654715
        },
        "53": {
            "dur_mean": 3760.60887505919,
            "dur_std": 719.0574829700005
        },
        "54": {
            "dur_mean": 3803.666080368015,
            "dur_std": 727.1139415324246
        },
        "55": {
            "dur_mean": 3842.619231289755,
            "dur_std": 731.4981575306696
        },
        "56": {
            "dur_mean": 3929.913870094723,
            "dur_std": 740.542142500191
        },
        "57": {
            "dur_mean": 4006.4861956963055,
            "dur_std": 748.1143036194113
        },
        "58": {
            "dur_mean": 4079.846726694198,
            "dur_std": 757.4552854643937
        },
        "59": {
            "dur_mean": 4116.038461538462,
            "dur_std": 761.1802614413551
        },
        "60": {
            "dur_mean": 4268.310932934702,
            "dur_std": 770.4390405779895
        },
        "61": {
            "dur_mean": 4469.484576708792,
            "dur_std": 805.9346010890188
        }
    },
    "modelling": {
        "XGBoost": {
            "time": 357.2457101345062,
            "r_2": 0.9636561652339594,
            "mse": 74386.5537958368,
            "rmse": 272.73898473785664,
            "mae": 189.8830020133338
        },
        "Benchmark": {
            "r_2": 0.9339196705732117,
            "mse": 135249.56877542782,
            "rmse": 367.76292468848436,
            "mae": 250.71096706641288
        }
    },