{
    "rows": {
        "start": 259255,
        "route_filter": 0,
        "nan_filter": -2436,
        "negative_dur": 0,
        "outliers": -1505,
        "end": 255314
    },
    "scr": 0.9745676500508647,
    "stats": {
        "1": {
            "dur_mean": 0.0,
            "dur_std": 0.0
        },
        "2": {
            "dur_mean": 99.38429921907111,
            "dur_std": 60.83522023178354
        },
        "3": {
            "dur_mean": 187.24984653161448,
            "dur_std": 205.30413525499384
        },
        "4": {
            "dur_mean": 248.6409574468085,
            "dur_std": 241.14535159850956
        },
        "5": {
            "dur_mean": 291.83955683217073,
            "dur_std": 243.89076998075734
        },
        "6": {
            "dur_mean": 387.4074681986048,
            "dur_std": 77.3497242503707
        },
        "7": {
            "dur_mean": 427.26632443531827,
            "dur_std": 81.7559844253787
        },
        "8": {
            "dur_mean": 453.25441478439427,
            "dur_std": 86.18610280738471
        },
        "9": {
            "dur_mean": 498.15762004175366,
            "dur_std": 87.89753711021393
        },
        "10": {
            "dur_mean": 621.7282971619366,
            "dur_std": 102.55369282937572
        },
        "11": {
            "dur_mean": 650.6930327868853,
            "dur_std": 106.20421433768817
        },
        "12": {
            "dur_mean": 684.6235149528882,
            "dur_std": 109.43002582114093
        },
        "13": {
            "dur_mean": 758.2035181018613,
            "dur_std": 121.00404635695581
        },
        "14": {
            "dur_mean": 818.7827508685878,
            "dur_std": 126.45249970627323
        },
        "15": {
            "dur_mean": 888.37298181075,
            "dur_std": 139.68441851545447
        },
        "16": {
            "dur_mean": 946.247496423462,
            "dur_std": 149.81715571840715
        },
        "17": {
            "dur_mean": 1135.4247751430908,
            "dur_std": 203.647390164983
        },
        "18": {
            "dur_mean": 1171.6943026342658,
            "dur_std": 213.9746465853856
        },
        "19": {
            "dur_mean": 1212.0137014314928,
            "dur_std": 220.3105759226449
        },
        "20": {
            "dur_mean": 1241.0725441841348,
            "dur_std": 225.5253459898562
        },
        "21": {
            "dur_mean": 1299.2421552436003,
            "dur_std": 236.2420815012473
        },
        "22": {
            "dur_mean": 1321.0860858794385,
            "dur_std": 243.23589628044843
        },
        "23": {
            "dur_mean": 1359.7676809210527,
            "dur_std": 252.64743863719767
        },
        "24": {
            "dur_mean": 1433.9777273664672,
            "dur_std": 271.6240704400869
        },
        "25": {
            "dur_mean": 1450.2129018961252,
            "dur_std": 276.532811824813
        },
        "26": {
            "dur_mean": 1540.8093272802312,
            "dur_std": 310.9528097813556
        },
        "27": {
            "dur_mean": 1594.8490800082695,
            "dur_std": 326.59185765483375
        },
        "28": {
            "dur_mean": 1622.2027640264027,
            "dur_std": 331.0768357876529
        },
        "29": {
            "dur_mean": 1641.2106129164952,
            "dur_std": 334.6459723833765
        },
        "30": {
            "dur_mean": 1696.383467992542,
            "dur_std": 345.20504042358164
        },
        "31": {
            "dur_mean": 1777.7639867384999,
            "dur_std": 358.17894916226385
        },
        "32": {
            "dur_mean": 1820.32048092869,
            "dur_std": 367.8395511921024
        },
        "33": {
            "dur_mean": 1875.314634651211,
            "dur_std": 377.28332263619365
        },
        "34": {
            "dur_mean": 1933.934175119023,
            "dur_std": 390.3584271798528
        },
        "35": {
            "dur_mean": 1988.1010351966875,
            "dur_std": 402.01151471225194
        },
        "36": {
            "dur_mean": 2017.254658385093,
            "dur_std": 408.67958964597796
        },
        "37": {
            "dur_mean": 2068.7962732919254,
            "dur_std": 419.39007363641565
        },
        "38": {
            "dur_mean": 2093.657142857143,
            "dur_std": 424.63060828825223
        },
        "39": {
            "dur_mean": 2147.479089026915,
            "dur_std": 438.9476424351042
        },
        "40": {
            "dur_mean": 2230.632691112492,
            "dur_std": 458.722481818364
        },
        "41": {
            "dur_mean": 2303.1470892894135,
            "dur_std": 474.2126057312686
        },
        "42": {
            "dur_mean": 2351.1699129714048,
            "dur_std": 481.33804450979164
        },
        "43": {
            "dur_mean": 2379.6435684647304,
            "dur_std": 489.4106046205479
        },
        "44": {
            "dur_mean": 2405.158713692946,
            "dur_std": 498.2504538390144
        },
        "45": {
            "dur_mean": 2504.278620403075,
            "dur_std": 531.9760152020168
        },
        "46": {
            "dur_mean": 2674.413821815154,
            "dur_std": 565.8961226926566
        },
        "47": {
            "dur_mean": 2815.124661810614,
            "dur_std": 589.61440784914
        },
        "48": {
            "dur_mean": 3097.1957154742095,
            "dur_std": 646.2069120419075
        },
        "49": {
            "dur_mean": 3183.2749948035753,
            "dur_std": 660.2899786934281
        },
        "50": {
            "dur_mean": 3271.109816971714,
            "dur_std": 682.0341401581767
        },
        "51": {
            "dur_mean": 3312.744645456436,
            "dur_std": 695.4808138865665
        },
        "52": {
            "dur_mean": 3380.831910018746,
            "dur_std": 711.1776778331862
        },
        "53": {
            "dur_mean": 3452.5697335553705,
            "dur_std": 734.3272493854046
        }
    },
    "modelling": {
        "XGBoost": {
            "time": 75.51847696304321,
            "r_2": 0.9763380292838092,
            "mse": 23932.448561725774,
            "rmse": 154.70115888940774,
            "mae": 105.70325216277062
        },
        "Benchmark": {
            "r_2": 0.9277278700120246,
            "mse": 73098.26616428269,
            "rmse": 270.36691026137555,
            "mae": 183.56986636168511
        }
    },