{
    "rows": {
        "start": 290375,
        "route_filter": -35786,
        "nan_filter": -17083,
        "negative_dur": -5,
        "outliers": -3611,
        "end": 233890
    },
    "scr": 0.009192645883293365,
    "stats": {
        "1": {
            "dur_mean": 0.0,
            "dur_std": 0.0
        },
        "2": {
            "dur_mean": 29.870044052863435,
            "dur_std": 16.463279962998172
        },
        "3": {
            "dur_mean": 86.12572572572573,
            "dur_std": 35.72716508819494
        },
        "4": {
            "dur_mean": 171.32132853141258,
            "dur_std": 64.43446491930685
        },
        "5": {
            "dur_mean": 213.37337337337337,
            "dur_std": 68.29912339143885
        },
        "6": {
            "dur_mean": 231.98938726471766,
            "dur_std": 72.1855355293602
        },
        "7": {
            "dur_mean": 284.1392835701421,
            "dur_std": 81.23319812557666
        },
        "8": {
            "dur_mean": 314.14251401120896,
            "dur_std": 86.98414538036448
        },
        "9": {
            "dur_mean": 366.17677677677676,
            "dur_std": 96.38574186415165
        },
        "10": {
            "dur_mean": 396.6625300240192,
            "dur_std": 100.26540458443554
        },
        "11": {
            "dur_mean": 418.44364364364367,
            "dur_std": 104.76516341081378
        },
        "12": {
            "dur_mean": 459.8512214657589,
            "dur_std": 111.10687974075148
        },
        "13": {
            "dur_mean": 513.3778266960176,
            "dur_std": 134.38390290256885
        },
        "14": {
            "dur_mean": 570.8704963971177,
            "dur_std": 151.57525424664058
        },
        "15": {
            "dur_mean": 640.2988988988989,
            "dur_std": 170.8022114121965
        },
        "16": {
            "dur_mean": 655.1557557557558,
            "dur_std": 173.55119067106475
        },
        "17": {
            "dur_mean": 675.7562587622672,
            "dur_std": 178.1058043901845
        },
        "18": {
            "dur_mean": 719.5346554487179,
            "dur_std": 192.23867841301285
        },
        "19": {
            "dur_mean": 804.670538754256,
            "dur_std": 212.98218344263628
        },
        "20": {
            "dur_mean": 851.3390747045864,
            "dur_std": 221.28378207369622
        },
        "21": {
            "dur_mean": 879.5540648778534,
            "dur_std": 225.11547914576659
        },
        "22": {
            "dur_mean": 900.6012417384338,
            "dur_std": 229.14642469124004
        },
        "23": {
            "dur_mean": 987.1099979963935,
            "dur_std": 248.49754804623348
        },
        "24": {
            "dur_mean": 1052.7499499098376,
            "dur_std": 264.6967304401564
        },
        "25": {
            "dur_mean": 1130.5168214654282,
            "dur_std": 298.6175178055517
        },
        "26": {
            "dur_mean": 1149.6438480782351,
            "dur_std": 317.7430805079265
        },
        "27": {
            "dur_mean": 1193.0794289161472,
            "dur_std": 318.2514784647002
        },
        "28": {
            "dur_mean": 1226.0488638648703,
            "dur_std": 324.69726760866683
        },
        "29": {
            "dur_mean": 1270.2497988736927,
            "dur_std": 331.49198569820095
        },
        "30": {
            "dur_mean": 1295.752064451158,
            "dur_std": 336.3468061557125
        },
        "31": {
            "dur_mean": 1372.812865497076,
            "dur_std": 354.89321620036367
        },
        "32": {
            "dur_mean": 1437.203912868092,
            "dur_std": 370.8754313850157
        },
        "33": {
            "dur_mean": 1465.8251311012505,
            "dur_std": 379.5701191688825
        },
        "34": {
            "dur_mean": 1543.3372303970973,
            "dur_std": 399.3670356905774
        },
        "35": {
            "dur_mean": 1567.5896815800081,
            "dur_std": 406.1618636731645
        },
        "36": {
            "dur_mean": 1612.7604923325262,
            "dur_std": 415.79600697411666
        },
        "37": {
            "dur_mean": 1690.5824087149485,
            "dur_std": 429.510371608436
        },
        "38": {
            "dur_mean": 1786.694091550716,
            "dur_std": 445.3082671485221
        },
        "39": {
            "dur_mean": 1815.28582963262,
            "dur_std": 449.19989063384133
        },
        "40": {
            "dur_mean": 1838.0173527037934,
            "dur_std": 453.39001294256315
        },
        "41": {
            "dur_mean": 1937.003631961259,
            "dur_std": 471.2247352880042
        },
        "42": {
            "dur_mean": 2117.4691283292977,
            "dur_std": 518.5378983483644
        },
        "43": {
            "dur_mean": 2287.748878923767,
            "dur_std": 541.3528190966593
        },
        "44": {
            "dur_mean": 2431.598546209761,
            "dur_std": 569.6546944562486
        },
        "45": {
            "dur_mean": 2450.3929011079194,
            "dur_std": 574.0318175134795
        },
        "47": {
            "dur_mean": 2729.4048608226008,
            "dur_std": 605.8468454575756
        },
        "48": {
            "dur_mean": 2781.680133277801,
            "dur_std": 610.8029115584843
        },
        "49": {
            "dur_mean": 2926.9075984003366,
            "dur_std": 633.4350669892898
        },
        "46": {
            "dur_mean": 2359.608695652174,
            "dur_std": 598.1636891636072
        }
    },
    "modelling": {
        "XGBoost": {
            "time": 67.88070774078369,
            "r_2": 0.9712762618078918,
            "mse": 18980.70989781532,
            "rmse": 137.77049719666152,
            "mae": 93.40418919598194
        },
        "Benchmark": {
            "r_2": 0.9236025644484162,
            "mse": 50483.594838643476,
            "rmse": 224.68554657263442,
            "mae": 145.30920253792348
        }
    },
    "features": [
        "weather_description_broken clouds",
        "weather_description_drizzle",
        "weather_description_few clouds",
        "weather_description_fog",
        "weather_description_heavy intensity rain",
        "weather_description_light intensity drizzle",
        "weather_description_light intensity drizzle rain",
        "weather_description_light intensity shower rain",
        "weather_description_light rain",
        "weather_description_light shower snow",
        "weather_description_light snow",
        "weather_description_mist",
        "weather_description_moderate rain",
        "weather_description_overcast clouds",
        "weather_description_proximity shower rain",
        "weather_description_scattered clouds",
        "weather_description_sky is clear",
        "weather_description_smoke",
        "weekday_1",
        "weekday_2",
        "weekday_3",
        "weekday_4",
        "weekday_5",
        "weekday_6",
        "month_2",
        "month_3",
        "month_4",
        "month_5",
        "month_6",
        "month_7",
        "month_8",
        "month_9",
        "month_10",
        "month_11",
        "month_12",
        "hour_6",
        "hour_7",
        "hour_8",
        "hour_9",
        "hour_10",
        "hour_11",
        "hour_12",
        "hour_13",
        "hour_14",
        "hour_15",
        "hour_16",
        "hour_17",
        "hour_18",
        "hour_19",
        "hour_20",
        "hour_21",
        "hour_22",
        "hour_23",
        "holiday_1",
        "progr_number",
        "dur_s"
    ]
}