{
    "rows": {
        "start": 272803,
        "route_filter": -76890,
        "nan_filter": -2501,
        "negative_dur": 0,
        "outliers": -1565,
        "end": 191847
    },
    "scr": 0.8646254573464279,
    "stats": {
        "1": {
            "dur_mean": 0.0,
            "dur_std": 0.0
        },
        "2": {
            "dur_mean": 75.005453837164,
            "dur_std": 88.92081493177088
        },
        "3": {
            "dur_mean": 177.63471654003507,
            "dur_std": 102.92294646910202
        },
        "4": {
            "dur_mean": 231.5863609869827,
            "dur_std": 122.93262349302177
        },
        "5": {
            "dur_mean": 339.0478506127213,
            "dur_std": 139.26901872842245
        },
        "6": {
            "dur_mean": 449.97582325969154,
            "dur_std": 147.89587748313258
        },
        "7": {
            "dur_mean": 509.0847492747617,
            "dur_std": 151.24537544425584
        },
        "8": {
            "dur_mean": 580.5417071748006,
            "dur_std": 158.72584164242895
        },
        "9": {
            "dur_mean": 633.368461987167,
            "dur_std": 160.29078057616334
        },
        "10": {
            "dur_mean": 697.3740517409065,
            "dur_std": 164.75121540177574
        },
        "11": {
            "dur_mean": 777.6539509536784,
            "dur_std": 170.64662073920215
        },
        "12": {
            "dur_mean": 917.3953229398663,
            "dur_std": 201.90028577445827
        },
        "13": {
            "dur_mean": 951.7197218466293,
            "dur_std": 217.33264463213393
        },
        "14": {
            "dur_mean": 1075.083733556066,
            "dur_std": 236.1161257910443
        },
        "15": {
            "dur_mean": 1103.4853862212944,
            "dur_std": 238.09925463741453
        },
        "16": {
            "dur_mean": 1139.3395911556113,
            "dur_std": 241.65608257626917
        },
        "17": {
            "dur_mean": 1241.2254940711462,
            "dur_std": 244.67711182586308
        },
        "18": {
            "dur_mean": 1340.5426970633694,
            "dur_std": 255.2888660579036
        },
        "19": {
            "dur_mean": 1384.3259903381643,
            "dur_std": 259.83688984881366
        },
        "20": {
            "dur_mean": 1449.5439241486067,
            "dur_std": 264.3362370580847
        },
        "21": {
            "dur_mean": 1568.5209986452487,
            "dur_std": 277.5935070270252
        },
        "22": {
            "dur_mean": 1634.7844010063866,
            "dur_std": 282.88273106020307
        },
        "23": {
            "dur_mean": 1678.327399380805,
            "dur_std": 285.97909601897686
        },
        "24": {
            "dur_mean": 1797.231305695467,
            "dur_std": 299.86079241983754
        },
        "25": {
            "dur_mean": 1822.7906074131574,
            "dur_std": 305.99813101562256
        },
        "26": {
            "dur_mean": 1841.6479720551135,
            "dur_std": 308.61707709696657
        },
        "27": {
            "dur_mean": 1902.7912215964266,
            "dur_std": 314.6060666736767
        },
        "28": {
            "dur_mean": 1949.9036893203884,
            "dur_std": 336.55354614270226
        },
        "29": {
            "dur_mean": 2007.3564356435643,
            "dur_std": 340.687810737739
        },
        "30": {
            "dur_mean": 2052.7724713647835,
            "dur_std": 343.9114108486806
        },
        "31": {
            "dur_mean": 2108.31217239371,
            "dur_std": 351.3511418219258
        },
        "32": {
            "dur_mean": 2171.3973714727485,
            "dur_std": 361.2594790095096
        },
        "33": {
            "dur_mean": 2243.607460378817,
            "dur_std": 369.32406682371476
        },
        "34": {
            "dur_mean": 2268.601971776532,
            "dur_std": 369.87750461252057
        },
        "35": {
            "dur_mean": 2291.700367291707,
            "dur_std": 372.53003573797093
        },
        "36": {
            "dur_mean": 2389.737178246565,
            "dur_std": 379.162983119032
        },
        "37": {
            "dur_mean": 2454.9857866043612,
            "dur_std": 384.26844670857037
        },
        "38": {
            "dur_mean": 2611.0617091687755,
            "dur_std": 520.2127716350627
        }
    },
    "modelling": {
        "XGBoost": {
            "time": 22.798998832702637,
            "r_2": 0.9574518560962331,
            "mse": 26283.40550563404,
            "rmse": 162.12157631121786,
            "mae": 111.68109340181947
        },
        "Benchmark": {
            "r_2": 0.8761116354062801,
            "mse": 76529.9687669405,
            "rmse": 276.64050456674,
            "mae": 189.1328134773362
        }
    },
    "features": [
        "weather_description_broken clouds",
        "weather_description_few clouds",
        "weather_description_fog",
        "weather_description_light intensity drizzle",
        "weather_description_light intensity drizzle rain",
        "weather_description_light intensity shower rain",
        "weather_description_light rain",
        "weather_description_light shower snow",
        "weather_description_light snow",
        "weather_description_mist",
        "weather_description_moderate rain",
        "weather_description_overcast clouds",
        "weather_description_proximity shower rain",
        "weather_description_scattered clouds",
        "weather_description_sky is clear",
        "weather_description_smoke",
        "weekday_1",
        "weekday_2",
        "weekday_3",
        "weekday_4",
        "weekday_5",
        "weekday_6",
        "month_2",
        "month_3",
        "month_4",
        "month_5",
        "month_6",
        "month_7",
        "month_8",
        "month_9",
        "month_10",
        "hour_9",
        "hour_10",
        "hour_11",
        "hour_12",
        "hour_13",
        "hour_14",
        "hour_15",
        "hour_16",
        "hour_17",
        "hour_18",
        "hour_19",
        "hour_20",
        "hour_21",
        "hour_22",
        "holiday_1",
        "progr_number",
        "dur_s"
    ]
}