{
    "rows": {
        "start": 385297,
        "route_filter": 0,
        "nan_filter": -14959,
        "negative_dur": -152,
        "outliers": -2561,
        "end": 367625
    },
    "scr": 0.948440683278483,
    "stats": {
        "1": {
            "dur_mean": 0.0,
            "dur_std": 0.0
        },
        "2": {
            "dur_mean": 337.9306376857919,
            "dur_std": 268.8203544671121
        },
        "3": {
            "dur_mean": 500.5085123309467,
            "dur_std": 283.0987868314538
        },
        "4": {
            "dur_mean": 562.737394623827,
            "dur_std": 290.60094390185174
        },
        "5": {
            "dur_mean": 621.6959427207637,
            "dur_std": 298.0286080777152
        },
        "6": {
            "dur_mean": 751.6736641221374,
            "dur_std": 318.566084173269
        },
        "7": {
            "dur_mean": 888.2683081810961,
            "dur_std": 336.9226690835783
        },
        "8": {
            "dur_mean": 950.7777601522843,
            "dur_std": 347.8225286631921
        },
        "9": {
            "dur_mean": 991.0540840602696,
            "dur_std": 361.21970886240837
        },
        "10": {
            "dur_mean": 1019.1035521725341,
            "dur_std": 369.7011385707328
        },
        "11": {
            "dur_mean": 1063.147296654511,
            "dur_std": 380.6418849189038
        },
        "12": {
            "dur_mean": 1121.792769938164,
            "dur_std": 389.5822533028635
        },
        "13": {
            "dur_mean": 1185.600348763475,
            "dur_std": 398.65046911345166
        },
        "14": {
            "dur_mean": 1222.4692454026633,
            "dur_std": 402.47194821894914
        },
        "15": {
            "dur_mean": 1278.2054251269035,
            "dur_std": 412.78605550298727
        },
        "16": {
            "dur_mean": 1304.4014274385408,
            "dur_std": 419.28963013449015
        },
        "17": {
            "dur_mean": 1358.0093576526567,
            "dur_std": 437.79169037036854
        },
        "18": {
            "dur_mean": 1419.6142743854084,
            "dur_std": 452.4978913479951
        },
        "19": {
            "dur_mean": 1443.193497224425,
            "dur_std": 457.5305393841252
        },
        "20": {
            "dur_mean": 1527.734179222839,
            "dur_std": 492.9983098509804
        },
        "21": {
            "dur_mean": 1588.3300555114988,
            "dur_std": 505.35704919311814
        },
        "22": {
            "dur_mean": 1616.114530456853,
            "dur_std": 508.3716298091063
        },
        "23": {
            "dur_mean": 1641.8191624365481,
            "dur_std": 512.5143777902454
        },
        "24": {
            "dur_mean": 1664.3402601522844,
            "dur_std": 514.6721534474016
        },
        "25": {
            "dur_mean": 1731.3630452022205,
            "dur_std": 528.2651861656076
        },
        "26": {
            "dur_mean": 1812.617409227842,
            "dur_std": 546.0349707785289
        },
        "27": {
            "dur_mean": 1889.0623018389347,
            "dur_std": 558.371724854006
        },
        "28": {
            "dur_mean": 1954.1836507936507,
            "dur_std": 571.8211477988685
        },
        "29": {
            "dur_mean": 2072.3939249363866,
            "dur_std": 590.9130403787298
        },
        "30": {
            "dur_mean": 2096.1382268827456,
            "dur_std": 594.9731720336572
        },
        "31": {
            "dur_mean": 2132.1059571088167,
            "dur_std": 599.9015892611045
        },
        "32": {
            "dur_mean": 2225.262347149436,
            "dur_std": 617.3932613048119
        },
        "33": {
            "dur_mean": 2258.279446828803,
            "dur_std": 622.8052155557513
        },
        "34": {
            "dur_mean": 2305.6916229534254,
            "dur_std": 628.8426715199964
        },
        "35": {
            "dur_mean": 2413.3733312142404,
            "dur_std": 653.9555356746214
        },
        "36": {
            "dur_mean": 2467.9561347743165,
            "dur_std": 662.8803105649383
        },
        "37": {
            "dur_mean": 2506.4226001271454,
            "dur_std": 671.1939095638563
        },
        "38": {
            "dur_mean": 2538.4332485696123,
            "dur_std": 681.5357596843799
        },
        "39": {
            "dur_mean": 2606.8606830818107,
            "dur_std": 696.3890165332311
        },
        "40": {
            "dur_mean": 2674.792374900715,
            "dur_std": 704.8546649956467
        },
        "41": {
            "dur_mean": 2745.3112772387467,
            "dur_std": 710.986688960384
        },
        "42": {
            "dur_mean": 2808.4267749124483,
            "dur_std": 723.0927797294568
        },
        "43": {
            "dur_mean": 2870.7875399361023,
            "dur_std": 728.7360000448184
        },
        "44": {
            "dur_mean": 2907.784039820167,
            "dur_std": 732.8834734996092
        },
        "45": {
            "dur_mean": 2954.483819030752,
            "dur_std": 736.5505015983629
        },
        "46": {
            "dur_mean": 2998.090484624054,
            "dur_std": 737.9657726929385
        },
        "47": {
            "dur_mean": 3027.4816484224084,
            "dur_std": 740.5809810464156
        },
        "48": {
            "dur_mean": 3057.2553122987765,
            "dur_std": 741.7339180137121
        },
        "49": {
            "dur_mean": 3084.302640051513,
            "dur_std": 744.2191419365098
        },
        "50": {
            "dur_mean": 3108.105941072291,
            "dur_std": 746.89838777248
        },
        "51": {
            "dur_mean": 3210.0678343949044,
            "dur_std": 780.3042157209677
        },
        "52": {
            "dur_mean": 3280.7504379678294,
            "dur_std": 784.508509485579
        },
        "53": {
            "dur_mean": 3309.37106518283,
            "dur_std": 789.6302946414819
        },
        "54": {
            "dur_mean": 3385.968183264397,
            "dur_std": 795.4942010898923
        },
        "55": {
            "dur_mean": 3436.544465770953,
            "dur_std": 799.3403508035454
        },
        "56": {
            "dur_mean": 3498.938249880019,
            "dur_std": 828.2832626742562
        },
        "57": {
            "dur_mean": 3594.605362724132,
            "dur_std": 850.0452805492598
        },
        "58": {
            "dur_mean": 3636.679114342366,
            "dur_std": 868.8261530882967
        },
        "59": {
            "dur_mean": 3733.4571287779236,
            "dur_std": 985.5348444652294
        }
    },
    "modelling": {
        "XGBoost": {
            "time": 115.79282784461975,
            "r_2": 0.950243274201995,
            "mse": 60615.93325930385,
            "rmse": 246.2030325956686,
            "mae": 176.50018612460806
        },
        "Benchmark": {
            "r_2": 0.8832716769230662,
            "mse": 142203.81521538078,
            "rmse": 377.09921136934344,
            "mae": 268.9064271491834
        }
    },