{
    "rows": {
        "start": 347417,
        "route_filter": 0,
        "nan_filter": -6779,
        "negative_dur": -224,
        "outliers": -6219,
        "end": 334195
    },
    "scr": 0.6121079993291967,
    "stats": {
        "1": {
            "dur_mean": 0.0,
            "dur_std": 0.0
        },
        "2": {
            "dur_mean": 55.242356959863365,
            "dur_std": 61.66941730158259
        },
        "3": {
            "dur_mean": 136.62028936742934,
            "dur_std": 94.26006998220929
        },
        "4": {
            "dur_mean": 223.66823529411764,
            "dur_std": 102.73434243831554
        },
        "5": {
            "dur_mean": 246.46900722324878,
            "dur_std": 104.57430871707757
        },
        "6": {
            "dur_mean": 304.14813570708765,
            "dur_std": 110.55755748295883
        },
        "7": {
            "dur_mean": 339.52049731182797,
            "dur_std": 114.49407940739088
        },
        "8": {
            "dur_mean": 365.7021669746346,
            "dur_std": 116.96252396863113
        },
        "9": {
            "dur_mean": 455.1943510423672,
            "dur_std": 125.38366298834325
        },
        "10": {
            "dur_mean": 494.84766418415705,
            "dur_std": 132.0295808061558
        },
        "11": {
            "dur_mean": 545.9374040593552,
            "dur_std": 128.17156545936604
        },
        "12": {
            "dur_mean": 588.7319446815776,
            "dur_std": 128.86278096151833
        },
        "13": {
            "dur_mean": 630.9339139344262,
            "dur_std": 132.63793485800957
        },
        "14": {
            "dur_mean": 684.6547131147541,
            "dur_std": 135.2811841143905
        },
        "15": {
            "dur_mean": 731.5856240396107,
            "dur_std": 139.0124144989451
        },
        "16": {
            "dur_mean": 768.8885675399796,
            "dur_std": 142.54654721699842
        },
        "17": {
            "dur_mean": 799.9932237845163,
            "dur_std": 146.5484051800585
        },
        "18": {
            "dur_mean": 843.6231614539307,
            "dur_std": 154.60417513236828
        },
        "19": {
            "dur_mean": 936.4359190556493,
            "dur_std": 183.18354416623887
        },
        "20": {
            "dur_mean": 1038.4613310867733,
            "dur_std": 196.52892307812996
        },
        "21": {
            "dur_mean": 1088.3254716981132,
            "dur_std": 207.71133296330999
        },
        "22": {
            "dur_mean": 1128.3287809812848,
            "dur_std": 213.49563062579207
        },
        "23": {
            "dur_mean": 1157.9733558178752,
            "dur_std": 219.3652420657939
        },
        "24": {
            "dur_mean": 1208.277693474962,
            "dur_std": 239.42155123778545
        },
        "25": {
            "dur_mean": 1276.9954468802698,
            "dur_std": 273.3403445950008
        },
        "26": {
            "dur_mean": 1339.9504132231405,
            "dur_std": 292.43119985741674
        },
        "27": {
            "dur_mean": 1373.6341710237814,
            "dur_std": 297.2635860555873
        },
        "28": {
            "dur_mean": 1432.2357997640318,
            "dur_std": 309.56931481278383
        },
        "29": {
            "dur_mean": 1503.9553345693578,
            "dur_std": 318.46617377271684
        },
        "30": {
            "dur_mean": 1582.357299208621,
            "dur_std": 347.9888752444335
        },
        "31": {
            "dur_mean": 1704.6740815638693,
            "dur_std": 371.7983545724651
        },
        "32": {
            "dur_mean": 1779.099173553719,
            "dur_std": 384.2432797820725
        },
        "33": {
            "dur_mean": 1838.608527131783,
            "dur_std": 393.37802037646856
        },
        "34": {
            "dur_mean": 1890.5434636118598,
            "dur_std": 405.5869988200553
        },
        "35": {
            "dur_mean": 1931.1726521665823,
            "dur_std": 413.4968097460754
        },
        "36": {
            "dur_mean": 1958.6691399662732,
            "dur_std": 416.96463152012177
        },
        "37": {
            "dur_mean": 1988.933726812816,
            "dur_std": 432.32938376024464
        },
        "38": {
            "dur_mean": 2030.0624051273403,
            "dur_std": 455.793444578942
        },
        "39": {
            "dur_mean": 2104.579089376054,
            "dur_std": 491.14030482434697
        },
        "40": {
            "dur_mean": 2195.0747174903017,
            "dur_std": 515.3133766592839
        },
        "41": {
            "dur_mean": 2259.217273954116,
            "dur_std": 534.1181660564275
        },
        "42": {
            "dur_mean": 2323.873776577793,
            "dur_std": 545.0258427016444
        },
        "43": {
            "dur_mean": 2359.6511470985156,
            "dur_std": 551.6349961565896
        },
        "44": {
            "dur_mean": 2395.1476294921545,
            "dur_std": 557.8845342281087
        },
        "45": {
            "dur_mean": 2433.531893351333,
            "dur_std": 568.4748032553676
        },
        "46": {
            "dur_mean": 2494.990220873377,
            "dur_std": 587.5823038661579
        },
        "47": {
            "dur_mean": 2551.241989881956,
            "dur_std": 599.4151047702268
        },
        "48": {
            "dur_mean": 2597.168016194332,
            "dur_std": 608.076191004983
        },
        "49": {
            "dur_mean": 2637.2658569500677,
            "dur_std": 616.57781227056
        },
        "50": {
            "dur_mean": 2687.5065789473683,
            "dur_std": 635.9540249152252
        },
        "51": {
            "dur_mean": 2783.3724860571238,
            "dur_std": 663.8033498422449
        },
        "52": {
            "dur_mean": 2876.9569710316787,
            "dur_std": 681.0933864972067
        },
        "53": {
            "dur_mean": 2947.807169554876,
            "dur_std": 688.2169593964717
        },
        "54": {
            "dur_mean": 3036.9557672677784,
            "dur_std": 702.7796921112265
        },
        "55": {
            "dur_mean": 3085.421481985044,
            "dur_std": 711.553980570551
        },
        "56": {
            "dur_mean": 3189.828882463004,
            "dur_std": 718.1123811392738
        },
        "57": {
            "dur_mean": 3667.2045173813303,
            "dur_std": 1092.0188472360444
        },
        "58": {
            "dur_mean": 4243.151980350015,
            "dur_std": 1221.3366801050659
        }
    },
    "modelling": {
        "XGBoost": {
            "time": 102.28645086288452,
            "r_2": 0.9642275716111139,
            "mse": 37625.59804462961,
            "rmse": 193.97318898401812,
            "mae": 120.84633532033929
        },
        "Benchmark": {
            "r_2": 0.9041330064109752,
            "mse": 100833.32692192605,
            "rmse": 317.5426379589457,
            "mae": 198.1402410561467
        }
    },