{
    "rows": {
        "start": 665500,
        "route_filter": -261811,
        "nan_filter": -25667,
        "negative_dur": 0,
        "outliers": -3654,
        "end": 374368
    },
    "scr": 0.9856281872971719,
    "stats": {
        "1": {
            "dur_mean": 0.0,
            "dur_std": 0.0
        },
        "2": {
            "dur_mean": 145.02069614299154,
            "dur_std": 90.99590058446864
        },
        "3": {
            "dur_mean": 227.72674600689007,
            "dur_std": 119.1125276034069
        },
        "4": {
            "dur_mean": 341.8324802233597,
            "dur_std": 147.9128876082415
        },
        "5": {
            "dur_mean": 400.2243758722283,
            "dur_std": 156.50873928545408
        },
        "6": {
            "dur_mean": 527.4615027110767,
            "dur_std": 208.76818328308673
        },
        "7": {
            "dur_mean": 754.9933188315724,
            "dur_std": 258.87853491019797
        },
        "8": {
            "dur_mean": 926.2448249027237,
            "dur_std": 280.9929943470285
        },
        "9": {
            "dur_mean": 1010.9028990024938,
            "dur_std": 291.626748841862
        },
        "10": {
            "dur_mean": 1098.0294851794072,
            "dur_std": 297.6391575314071
        },
        "11": {
            "dur_mean": 1330.0031240237427,
            "dur_std": 318.76799726188085
        },
        "12": {
            "dur_mean": 1393.6131352619234,
            "dur_std": 328.1311902665585
        },
        "13": {
            "dur_mean": 1423.0489521426337,
            "dur_std": 332.60524636650615
        },
        "14": {
            "dur_mean": 1458.142388246327,
            "dur_std": 339.8806311170449
        },
        "15": {
            "dur_mean": 1532.93625,
            "dur_std": 357.0320604218743
        },
        "16": {
            "dur_mean": 1563.585560243788,
            "dur_std": 358.91729552133074
        },
        "17": {
            "dur_mean": 1600.2791933718931,
            "dur_std": 361.23218341055497
        },
        "18": {
            "dur_mean": 1621.2144755354072,
            "dur_std": 362.5081659470495
        },
        "19": {
            "dur_mean": 1667.8087867417137,
            "dur_std": 365.0678806600632
        },
        "20": {
            "dur_mean": 1710.2477723933093,
            "dur_std": 370.88781772889973
        },
        "21": {
            "dur_mean": 1795.28046875,
            "dur_std": 380.69418616316665
        },
        "22": {
            "dur_mean": 1843.652133145804,
            "dur_std": 386.3756721056051
        },
        "23": {
            "dur_mean": 1882.9253008282544,
            "dur_std": 390.74493908843624
        },
        "24": {
            "dur_mean": 2007.362912044993,
            "dur_std": 403.44818439673145
        },
        "25": {
            "dur_mean": 2060.2933832709114,
            "dur_std": 410.44448652189817
        },
        "26": {
            "dur_mean": 2106.888559388169,
            "dur_std": 418.07643010559076
        },
        "27": {
            "dur_mean": 2257.9402961808264,
            "dur_std": 437.36634808877477
        },
        "28": {
            "dur_mean": 2310.182328190743,
            "dur_std": 440.8155186576397
        },
        "29": {
            "dur_mean": 2364.772479351722,
            "dur_std": 445.7778943393759
        },
        "30": {
            "dur_mean": 2407.657579062159,
            "dur_std": 450.2029761679845
        },
        "31": {
            "dur_mean": 2471.829697725148,
            "dur_std": 454.36768374355546
        },
        "32": {
            "dur_mean": 2554.273124317579,
            "dur_std": 468.99733537247
        },
        "33": {
            "dur_mean": 2603.9658026233606,
            "dur_std": 478.06628681775754
        },
        "34": {
            "dur_mean": 2638.1263470248323,
            "dur_std": 485.34426194842047
        },
        "35": {
            "dur_mean": 2665.0693424957053,
            "dur_std": 491.53211231202044
        },
        "36": {
            "dur_mean": 2703.2959088069956,
            "dur_std": 497.5182840427732
        },
        "37": {
            "dur_mean": 2790.3021077283374,
            "dur_std": 518.109495338718
        },
        "38": {
            "dur_mean": 2859.8009678426474,
            "dur_std": 530.8065439290555
        },
        "39": {
            "dur_mean": 2904.4348368971437,
            "dur_std": 535.412628325251
        },
        "40": {
            "dur_mean": 2939.0010923845193,
            "dur_std": 538.3342715145046
        },
        "41": {
            "dur_mean": 3011.9061326658325,
            "dur_std": 545.7082968472648
        },
        "42": {
            "dur_mean": 3031.95293750974,
            "dur_std": 550.0181693024624
        },
        "43": {
            "dur_mean": 3134.511347628737,
            "dur_std": 562.420787496698
        },
        "44": {
            "dur_mean": 3159.6617071260766,
            "dur_std": 565.2283970801723
        },
        "45": {
            "dur_mean": 3170.663952395866,
            "dur_std": 568.1005222852791
        },
        "46": {
            "dur_mean": 3232.835133865665,
            "dur_std": 577.9398679617418
        },
        "47": {
            "dur_mean": 3297.385783622984,
            "dur_std": 588.7920285116724
        },
        "48": {
            "dur_mean": 3350.5465789885707,
            "dur_std": 594.4107053030608
        },
        "49": {
            "dur_mean": 3397.7872074882994,
            "dur_std": 599.505036877798
        },
        "50": {
            "dur_mean": 3449.870243293824,
            "dur_std": 609.120252103607
        },
        "51": {
            "dur_mean": 3506.8110383536014,
            "dur_std": 614.1855654243989
        },
        "52": {
            "dur_mean": 3564.714374805114,
            "dur_std": 625.2075059534163
        },
        "53": {
            "dur_mean": 3637.9879893932302,
            "dur_std": 634.5376665303157
        },
        "54": {
            "dur_mean": 3682.4633385335414,
            "dur_std": 640.467533322021
        },
        "55": {
            "dur_mean": 3789.860530421217,
            "dur_std": 643.4972548578185
        },
        "56": {
            "dur_mean": 3981.331148564295,
            "dur_std": 669.694312727275
        },
        "57": {
            "dur_mean": 4165.368831980012,
            "dur_std": 745.1351167104262
        },
        "58": {
            "dur_mean": 4308.193780278169,
            "dur_std": 769.3227927891626
        },
        "59": {
            "dur_mean": 4377.718637712857,
            "dur_std": 786.9496696369102
        }
    },
    "modelling": {
        "XGBoost": {
            "time": 107.46979784965515,
            "r_2": 0.9580068444904524,
            "mse": 60460.232851312874,
            "rmse": 245.886626011487,
            "mae": 180.35980957028005
        },
        "Benchmark": {
            "r_2": 0.8827554990076953,
            "mse": 168804.40977861357,
            "rmse": 410.8581382650386,
            "mae": 296.93050688093
        }
    },