{
    "rows": {
        "start": 594255,
        "route_filter": -232545,
        "nan_filter": -6988,
        "negative_dur": 0,
        "outliers": -2961,
        "end": 351761
    },
    "scr": 0.00258583536848154,
    "stats": {
        "1": {
            "dur_mean": 0.0,
            "dur_std": 0.0
        },
        "2": {
            "dur_mean": 74.03957668889534,
            "dur_std": 61.6823023438596
        },
        "3": {
            "dur_mean": 300.75053949072077,
            "dur_std": 133.6624048860592
        },
        "4": {
            "dur_mean": 363.20929228998847,
            "dur_std": 141.41007243394836
        },
        "5": {
            "dur_mean": 522.0850971922246,
            "dur_std": 149.12059453609464
        },
        "6": {
            "dur_mean": 635.8178545716343,
            "dur_std": 154.25459262876745
        },
        "7": {
            "dur_mean": 654.1676267281106,
            "dur_std": 158.1030229843211
        },
        "8": {
            "dur_mean": 763.0744665408622,
            "dur_std": 176.99131638060186
        },
        "9": {
            "dur_mean": 828.5291727140784,
            "dur_std": 186.14777812833836
        },
        "10": {
            "dur_mean": 891.8088020985135,
            "dur_std": 195.38812336135234
        },
        "11": {
            "dur_mean": 972.2197530864197,
            "dur_std": 214.6111385896299
        },
        "12": {
            "dur_mean": 1111.6634824142423,
            "dur_std": 259.1579407331025
        },
        "13": {
            "dur_mean": 1166.6524319629416,
            "dur_std": 263.47911607060746
        },
        "14": {
            "dur_mean": 1198.6946575937454,
            "dur_std": 267.2362142070829
        },
        "15": {
            "dur_mean": 1238.546098265896,
            "dur_std": 269.01581727262936
        },
        "16": {
            "dur_mean": 1335.392573327554,
            "dur_std": 280.57356777372274
        },
        "17": {
            "dur_mean": 1373.6414930555557,
            "dur_std": 284.4133822774384
        },
        "18": {
            "dur_mean": 1473.1782923299565,
            "dur_std": 305.29961564178507
        },
        "19": {
            "dur_mean": 1529.182489146165,
            "dur_std": 319.4756964731781
        },
        "20": {
            "dur_mean": 1575.4228430804865,
            "dur_std": 335.1299720156945
        },
        "21": {
            "dur_mean": 1624.5848892748588,
            "dur_std": 348.67936624256663
        },
        "22": {
            "dur_mean": 1653.526788300029,
            "dur_std": 353.0788941719033
        },
        "23": {
            "dur_mean": 1711.439345686161,
            "dur_std": 361.97021427097854
        },
        "24": {
            "dur_mean": 1740.4421936043989,
            "dur_std": 363.6868193311215
        },
        "25": {
            "dur_mean": 1793.7780992333285,
            "dur_std": 369.74446404610404
        },
        "26": {
            "dur_mean": 1803.5879971077368,
            "dur_std": 371.7283338413536
        },
        "27": {
            "dur_mean": 1821.5126536514822,
            "dur_std": 373.742511366124
        },
        "28": {
            "dur_mean": 1844.4433839479393,
            "dur_std": 377.4975088536948
        },
        "29": {
            "dur_mean": 1957.0079525737422,
            "dur_std": 400.98822910267893
        },
        "30": {
            "dur_mean": 2102.9155581260843,
            "dur_std": 427.86428617927385
        },
        "31": {
            "dur_mean": 2154.6852468510206,
            "dur_std": 435.96261196768734
        },
        "32": {
            "dur_mean": 2251.893395133256,
            "dur_std": 442.2966013638168
        },
        "33": {
            "dur_mean": 2293.723728076533,
            "dur_std": 449.99630381293747
        },
        "34": {
            "dur_mean": 2325.1448435689454,
            "dur_std": 457.6723113096724
        },
        "35": {
            "dur_mean": 2414.069110402782,
            "dur_std": 481.35076840318123
        },
        "36": {
            "dur_mean": 2481.2819133469034,
            "dur_std": 489.12603853394387
        },
        "37": {
            "dur_mean": 2520.137103809247,
            "dur_std": 489.21449618967137
        },
        "38": {
            "dur_mean": 2546.1363768537367,
            "dur_std": 490.26097398067367
        },
        "39": {
            "dur_mean": 2572.295289328293,
            "dur_std": 491.4529214584941
        },
        "40": {
            "dur_mean": 2600.6149483786535,
            "dur_std": 496.0754880229779
        },
        "41": {
            "dur_mean": 2672.927130207577,
            "dur_std": 514.7632826259671
        },
        "42": {
            "dur_mean": 2703.681818181818,
            "dur_std": 518.1307159010618
        },
        "43": {
            "dur_mean": 2730.478368176539,
            "dur_std": 526.9107408461681
        },
        "44": {
            "dur_mean": 2830.5927700348434,
            "dur_std": 555.8837615112392
        },
        "45": {
            "dur_mean": 2905.3685357350378,
            "dur_std": 563.8489761283491
        },
        "46": {
            "dur_mean": 2999.6010181818183,
            "dur_std": 585.2109145079644
        },
        "47": {
            "dur_mean": 3103.7184818961755,
            "dur_std": 608.2221504198419
        },
        "48": {
            "dur_mean": 3183.4837581937363,
            "dur_std": 627.1792064928261
        },
        "49": {
            "dur_mean": 3382.577115180869,
            "dur_std": 659.9468921535924
        },
        "53": {
            "dur_mean": 4037.108991825613,
            "dur_std": 726.4594100538811
        },
        "51": {
            "dur_mean": 3760.280021067416,
            "dur_std": 694.1632941213657
        },
        "52": {
            "dur_mean": 3967.430029154519,
            "dur_std": 729.0681634377106
        },
        "50": {
            "dur_mean": 3904.3333333333335,
            "dur_std": 1336.5193161166585
        }
    },
    "modelling": {
        "XGBoost": {
            "time": 109.71303296089172,
            "r_2": 0.9608358913771368,
            "mse": 41805.878736270715,
            "rmse": 204.46485941665065,
            "mae": 146.7274514866197
        },
        "Benchmark": {
            "r_2": 0.8965445054840658,
            "mse": 110433.96646615345,
            "rmse": 332.31606411089047,
            "mae": 231.63490294629355
        }
    },