{
    "rows": {
        "start": 259891,
        "route_filter": -98266,
        "nan_filter": -12209,
        "negative_dur": 0,
        "outliers": -1315,
        "end": 148101
    },
    "scr": 0.9885615251299826,
    "stats": {
        "1": {
            "dur_mean": 0.0,
            "dur_std": 0.0
        },
        "2": {
            "dur_mean": 137.67636746143057,
            "dur_std": 81.30103132526494
        },
        "3": {
            "dur_mean": 215.64635854341736,
            "dur_std": 108.52911966429298
        },
        "4": {
            "dur_mean": 321.43075852470423,
            "dur_std": 132.4299639174482
        },
        "5": {
            "dur_mean": 373.6840640222686,
            "dur_std": 140.77872916318248
        },
        "6": {
            "dur_mean": 498.1845940319223,
            "dur_std": 205.0336295304996
        },
        "7": {
            "dur_mean": 688.6702496532594,
            "dur_std": 252.15711164189926
        },
        "8": {
            "dur_mean": 852.6849220103986,
            "dur_std": 276.58685059179305
        },
        "9": {
            "dur_mean": 933.3739160596601,
            "dur_std": 291.93397514273613
        },
        "10": {
            "dur_mean": 1015.4317471344217,
            "dur_std": 337.6540331785195
        },
        "11": {
            "dur_mean": 1228.2733913043478,
            "dur_std": 319.70792337392965
        },
        "12": {
            "dur_mean": 1286.0142857142857,
            "dur_std": 329.0163940091194
        },
        "13": {
            "dur_mean": 1313.2712395543176,
            "dur_std": 333.73160413136543
        },
        "14": {
            "dur_mean": 1342.0737904629307,
            "dur_std": 339.9651036677824
        },
        "15": {
            "dur_mean": 1408.4352818371608,
            "dur_std": 355.9946725914278
        },
        "16": {
            "dur_mean": 1437.1941544885178,
            "dur_std": 357.6870917061407
        },
        "17": {
            "dur_mean": 1473.015304347826,
            "dur_std": 359.7206124785812
        },
        "18": {
            "dur_mean": 1493.1690434782608,
            "dur_std": 360.86204386022655
        },
        "19": {
            "dur_mean": 1537.6038260869566,
            "dur_std": 363.4212804110971
        },
        "20": {
            "dur_mean": 1575.539290681502,
            "dur_std": 368.8502062214666
        },
        "21": {
            "dur_mean": 1654.3771289537713,
            "dur_std": 379.2731500224018
        },
        "22": {
            "dur_mean": 1698.3701772679874,
            "dur_std": 384.3291423954735
        },
        "23": {
            "dur_mean": 1733.2073764787751,
            "dur_std": 388.3076880067276
        },
        "24": {
            "dur_mean": 1851.7423504867872,
            "dur_std": 400.0611831823863
        },
        "25": {
            "dur_mean": 1900.805767894371,
            "dur_std": 407.2298639856146
        },
        "26": {
            "dur_mean": 1942.018756512678,
            "dur_std": 414.6500994802838
        },
        "27": {
            "dur_mean": 2074.6970118137597,
            "dur_std": 431.3204385938619
        },
        "28": {
            "dur_mean": 2121.356026398055,
            "dur_std": 435.17243236506727
        },
        "29": {
            "dur_mean": 2172.359152483501,
            "dur_std": 439.2369879260071
        },
        "30": {
            "dur_mean": 2210.25191104934,
            "dur_std": 443.5862760240077
        },
        "31": {
            "dur_mean": 2274.3742182070882,
            "dur_std": 448.11098123179045
        },
        "32": {
            "dur_mean": 2347.214111922141,
            "dur_std": 463.952363488535
        },
        "33": {
            "dur_mean": 2390.667361835245,
            "dur_std": 473.1567253462218
        },
        "34": {
            "dur_mean": 2420.800139033716,
            "dur_std": 479.9661229352425
        },
        "35": {
            "dur_mean": 2445.767813694821,
            "dur_std": 486.8247432420279
        },
        "36": {
            "dur_mean": 2479.2950990615223,
            "dur_std": 493.8616483373706
        },
        "37": {
            "dur_mean": 2558.811956899548,
            "dur_std": 513.1524881570464
        },
        "38": {
            "dur_mean": 2620.7393117831075,
            "dur_std": 526.8554874145836
        },
        "39": {
            "dur_mean": 2659.369482099409,
            "dur_std": 532.0249336133368
        },
        "40": {
            "dur_mean": 2689.488355926312,
            "dur_std": 536.6803660651861
        },
        "41": {
            "dur_mean": 2757.5054252712634,
            "dur_std": 542.6740869287175
        },
        "42": {
            "dur_mean": 2774.2213342599025,
            "dur_std": 545.679424265532
        },
        "43": {
            "dur_mean": 2873.6034965034964,
            "dur_std": 556.5796398950081
        },
        "44": {
            "dur_mean": 2894.97032122905,
            "dur_std": 560.4182848786273
        },
        "45": {
            "dur_mean": 2905.5439944134077,
            "dur_std": 562.6661677818342
        },
        "46": {
            "dur_mean": 2963.5551675977654,
            "dur_std": 572.0551601736972
        },
        "47": {
            "dur_mean": 3024.7358688066993,
            "dur_std": 584.3783502268474
        },
        "48": {
            "dur_mean": 3073.0781577110956,
            "dur_std": 590.2875740410349
        },
        "49": {
            "dur_mean": 3126.1839441535776,
            "dur_std": 594.8130979810627
        },
        "50": {
            "dur_mean": 3164.7663290254977,
            "dur_std": 597.2528656779207
        },
        "51": {
            "dur_mean": 3224.2308767027594,
            "dur_std": 603.1236974337727
        },
        "52": {
            "dur_mean": 3698.7567944250873,
            "dur_std": 746.2262577994601
        }
    },
    "modelling": {
        "XGBoost": {
            "time": 37.33425831794739,
            "r_2": 0.962472341728929,
            "mse": 37852.3523245259,
            "rmse": 194.5568100183746,
            "mae": 140.49904340657565
        },
        "Benchmark": {
            "r_2": 0.8695069593233724,
            "mse": 131622.08299573272,
            "rmse": 362.7975785417162,
            "mae": 259.3115918543726
        }
    },
    "features": [
        "weather_description_drizzle",
        "weather_description_few clouds",
        "weather_description_fog",
        "weather_description_heavy intensity rain",
        "weather_description_light intensity drizzle",
        "weather_description_light intensity drizzle rain",
        "weather_description_light intensity shower rain",
        "weather_description_light rain",
        "weather_description_mist",
        "weather_description_moderate rain",
        "weather_description_overcast clouds",
        "weather_description_proximity shower rain",
        "weather_description_scattered clouds",
        "weather_description_sky is clear",
        "weather_description_smoke",
        "weekday_1",
        "weekday_2",
        "weekday_3",
        "weekday_4",
        "weekday_5",
        "month_6",
        "month_7",
        "month_8",
        "month_9",
        "month_10",
        "month_11",
        "month_12",
        "hour_6",
        "hour_7",
        "hour_8",
        "hour_9",
        "hour_10",
        "hour_11",
        "hour_12",
        "hour_13",
        "hour_14",
        "hour_15",
        "hour_16",
        "hour_17",
        "hour_18",
        "hour_19",
        "hour_20",
        "hour_21",
        "hour_22",
        "hour_23",
        "progr_number",
        "dur_s"
    ]
}