{
    "rows": {
        "start": 224696,
        "route_filter": -85059,
        "nan_filter": -1079,
        "negative_dur": 0,
        "outliers": -1971,
        "end": 136587
    },
    "scr": 0.001595405232929164,
    "stats": {
        "1": {
            "dur_mean": 0.0,
            "dur_std": 0.0
        },
        "2": {
            "dur_mean": 138.9068203650336,
            "dur_std": 67.86586585191628
        },
        "3": {
            "dur_mean": 187.52978859705317,
            "dur_std": 81.18688953034105
        },
        "4": {
            "dur_mean": 290.827763496144,
            "dur_std": 81.94860774233896
        },
        "5": {
            "dur_mean": 434.4847414070029,
            "dur_std": 126.03113206054677
        },
        "6": {
            "dur_mean": 490.8445229681979,
            "dur_std": 130.51711067527538
        },
        "7": {
            "dur_mean": 522.616200578592,
            "dur_std": 134.4384363383833
        },
        "8": {
            "dur_mean": 565.1881219903692,
            "dur_std": 151.67359208448383
        },
        "9": {
            "dur_mean": 660.2425409047161,
            "dur_std": 158.5502765442497
        },
        "10": {
            "dur_mean": 695.9513844172569,
            "dur_std": 161.63175145557898
        },
        "11": {
            "dur_mean": 795.1389961389962,
            "dur_std": 181.87855155698986
        },
        "12": {
            "dur_mean": 850.6504823151125,
            "dur_std": 199.65703391433235
        },
        "13": {
            "dur_mean": 894.8498392282958,
            "dur_std": 216.62851928278403
        },
        "14": {
            "dur_mean": 941.2694533762058,
            "dur_std": 229.12506202707996
        },
        "15": {
            "dur_mean": 968.5334405144695,
            "dur_std": 233.30349701257703
        },
        "16": {
            "dur_mean": 1022.898424943748,
            "dur_std": 241.1758853733542
        },
        "17": {
            "dur_mean": 1050.7978142076502,
            "dur_std": 243.5656958097444
        },
        "18": {
            "dur_mean": 1102.9993571198972,
            "dur_std": 251.96938899386217
        },
        "19": {
            "dur_mean": 1111.652982681206,
            "dur_std": 254.36994859818438
        },
        "20": {
            "dur_mean": 1129.197819814043,
            "dur_std": 256.4650721030915
        },
        "21": {
            "dur_mean": 1151.0403846153847,
            "dur_std": 259.55530255700097
        },
        "22": {
            "dur_mean": 1256.7204232125682,
            "dur_std": 282.51989332571407
        },
        "23": {
            "dur_mean": 1398.6095604748155,
            "dur_std": 311.765103964146
        },
        "24": {
            "dur_mean": 1446.5388069275177,
            "dur_std": 319.1963957273828
        },
        "25": {
            "dur_mean": 1541.712636305324,
            "dur_std": 324.722502158082
        },
        "26": {
            "dur_mean": 1580.6493423163297,
            "dur_std": 331.082038692893
        },
        "27": {
            "dur_mean": 1609.3832584990378,
            "dur_std": 337.6077615274825
        },
        "28": {
            "dur_mean": 1695.7511225144324,
            "dur_std": 359.6368248273787
        },
        "29": {
            "dur_mean": 1762.6282216494844,
            "dur_std": 366.91014712649235
        },
        "30": {
            "dur_mean": 1801.3969072164948,
            "dur_std": 368.56494095045394
        },
        "31": {
            "dur_mean": 1826.902706185567,
            "dur_std": 369.3876811437417
        },
        "32": {
            "dur_mean": 1852.5815077319587,
            "dur_std": 370.40833108416865
        },
        "33": {
            "dur_mean": 1878.1797680412371,
            "dur_std": 374.07746387806924
        },
        "34": {
            "dur_mean": 1946.1837194337195,
            "dur_std": 392.61393914736476
        },
        "35": {
            "dur_mean": 1975.75,
            "dur_std": 396.6179847114706
        },
        "36": {
            "dur_mean": 1999.7413127413126,
            "dur_std": 405.02068752984275
        },
        "37": {
            "dur_mean": 2093.539575289575,
            "dur_std": 431.40197424606816
        },
        "38": {
            "dur_mean": 2166.699420103093,
            "dur_std": 439.82017556975177
        },
        "39": {
            "dur_mean": 2256.5616747181966,
            "dur_std": 460.53350199085116
        },
        "40": {
            "dur_mean": 2358.0292981326465,
            "dur_std": 482.3485995046326
        },
        "41": {
            "dur_mean": 2433.327525008067,
            "dur_std": 504.03294854812475
        },
        "42": {
            "dur_mean": 2615.551473022178,
            "dur_std": 525.584062767395
        },
        "44": {
            "dur_mean": 3001.4055059523807,
            "dur_std": 578.9774728173488
        },
        "45": {
            "dur_mean": 3211.4521072796933,
            "dur_std": 611.6937047178881
        },
        "46": {
            "dur_mean": 3269.6055323986357,
            "dur_std": 624.6101711816774
        },
        "43": {
            "dur_mean": 2991.4,
            "dur_std": 278.1794384924953
        }
    },
    "modelling": {
        "XGBoost": {
            "time": 34.14758014678955,
            "r_2": 0.9688664399703625,
            "mse": 21987.218028675532,
            "rmse": 148.2808754650293,
            "mae": 102.74079505662972
        },
        "Benchmark": {
            "r_2": 0.9036272358647548,
            "mse": 68060.60646616101,
            "rmse": 260.8842779206156,
            "mae": 174.10340586288692
        }
    },
    "features": [
        "weather_description_drizzle",
        "weather_description_few clouds",
        "weather_description_fog",
        "weather_description_heavy intensity rain",
        "weather_description_light intensity drizzle",
        "weather_description_light intensity drizzle rain",
        "weather_description_light intensity shower rain",
        "weather_description_light rain",
        "weather_description_mist",
        "weather_description_moderate rain",
        "weather_description_overcast clouds",
        "weather_description_proximity shower rain",
        "weather_description_scattered clouds",
        "weather_description_sky is clear",
        "weather_description_smoke",
        "weekday_1",
        "weekday_2",
        "weekday_3",
        "weekday_4",
        "weekday_5",
        "month_6",
        "month_7",
        "month_8",
        "month_9",
        "month_10",
        "month_11",
        "month_12",
        "hour_6",
        "hour_7",
        "hour_8",
        "hour_9",
        "hour_10",
        "hour_11",
        "hour_12",
        "hour_13",
        "hour_14",
        "hour_15",
        "hour_16",
        "hour_17",
        "hour_18",
        "hour_19",
        "hour_20",
        "hour_21",
        "hour_22",
        "hour_23",
        "progr_number",
        "dur_s"
    ]
}