{
    "rows": {
        "start": 795615,
        "route_filter": 0,
        "nan_filter": -57761,
        "negative_dur": -11,
        "outliers": -6490,
        "end": 731353
    },
    "scr": 0.9820470109198594,
    "stats": {
        "1": {
            "dur_mean": 0.0,
            "dur_std": 0.0
        },
        "2": {
            "dur_mean": 135.21992902502802,
            "dur_std": 84.03784114044046
        },
        "3": {
            "dur_mean": 214.27426278462113,
            "dur_std": 112.16078758522637
        },
        "4": {
            "dur_mean": 326.67848524224985,
            "dur_std": 139.76604826544153
        },
        "5": {
            "dur_mean": 388.0422077922078,
            "dur_std": 150.5584193205446
        },
        "6": {
            "dur_mean": 551.8997776954427,
            "dur_std": 225.19282819660873
        },
        "7": {
            "dur_mean": 774.7974506885001,
            "dur_std": 268.90378045368914
        },
        "8": {
            "dur_mean": 946.3567768979972,
            "dur_std": 306.91658622861166
        },
        "9": {
            "dur_mean": 1030.220935661593,
            "dur_std": 302.0410634387246
        },
        "10": {
            "dur_mean": 1115.6607426807595,
            "dur_std": 310.9927329308519
        },
        "11": {
            "dur_mean": 1341.8845720720722,
            "dur_std": 334.38178008035845
        },
        "12": {
            "dur_mean": 1404.4724128207538,
            "dur_std": 343.20725424958636
        },
        "13": {
            "dur_mean": 1433.0721872356426,
            "dur_std": 347.283167564188
        },
        "14": {
            "dur_mean": 1466.9803571428572,
            "dur_std": 353.4895186913873
        },
        "15": {
            "dur_mean": 1536.3988721804512,
            "dur_std": 371.452667304975
        },
        "16": {
            "dur_mean": 1566.108583247156,
            "dur_std": 373.5267074314343
        },
        "17": {
            "dur_mean": 1603.3338344451752,
            "dur_std": 376.87659611363125
        },
        "18": {
            "dur_mean": 1624.2413793103449,
            "dur_std": 378.31638139167836
        },
        "19": {
            "dur_mean": 1670.3915453264444,
            "dur_std": 381.3545063226421
        },
        "20": {
            "dur_mean": 1711.356787224049,
            "dur_std": 386.86326975963203
        },
        "21": {
            "dur_mean": 1794.6072669232935,
            "dur_std": 397.4015516552315
        },
        "22": {
            "dur_mean": 1841.6591570449639,
            "dur_std": 402.60765271410423
        },
        "23": {
            "dur_mean": 1879.4772321847713,
            "dur_std": 406.4625297571729
        },
        "24": {
            "dur_mean": 2001.8255247376312,
            "dur_std": 419.7891721240771
        },
        "25": {
            "dur_mean": 2053.060920830994,
            "dur_std": 427.3478241238531
        },
        "26": {
            "dur_mean": 2096.768835296317,
            "dur_std": 435.1154140156829
        },
        "27": {
            "dur_mean": 2244.7781512605043,
            "dur_std": 452.7472175920996
        },
        "28": {
            "dur_mean": 2294.4219027168333,
            "dur_std": 456.19217620063176
        },
        "29": {
            "dur_mean": 2346.0275443510736,
            "dur_std": 461.0092657234402
        },
        "30": {
            "dur_mean": 2385.7299719887956,
            "dur_std": 465.3066955808552
        },
        "31": {
            "dur_mean": 2450.0584500466853,
            "dur_std": 470.3952492166543
        },
        "32": {
            "dur_mean": 2527.7732373293434,
            "dur_std": 486.5728175805145
        },
        "33": {
            "dur_mean": 2574.3023190574154,
            "dur_std": 497.5428081450133
        },
        "34": {
            "dur_mean": 2606.5252921926135,
            "dur_std": 504.9598064272242
        },
        "35": {
            "dur_mean": 2632.1716690042076,
            "dur_std": 511.14940251385053
        },
        "36": {
            "dur_mean": 2667.131906141909,
            "dur_std": 517.0263029220841
        },
        "37": {
            "dur_mean": 2754.8882451878153,
            "dur_std": 540.3064266705948
        },
        "38": {
            "dur_mean": 2823.8569025142538,
            "dur_std": 554.9959599877346
        },
        "39": {
            "dur_mean": 2866.693709692495,
            "dur_std": 559.8520912826357
        },
        "40": {
            "dur_mean": 2898.798485839798,
            "dur_std": 562.9822622652536
        },
        "41": {
            "dur_mean": 2972.185638899359,
            "dur_std": 570.6265795336923
        },
        "42": {
            "dur_mean": 2985.7057781919852,
            "dur_std": 573.5268847517267
        },
        "43": {
            "dur_mean": 3017.0964495387198,
            "dur_std": 579.2392777051775
        },
        "44": {
            "dur_mean": 3059.8707692307694,
            "dur_std": 583.1654068337218
        },
        "45": {
            "dur_mean": 3100.92052238806,
            "dur_std": 584.6751093674659
        },
        "46": {
            "dur_mean": 3151.655629139073,
            "dur_std": 585.5980313708446
        },
        "47": {
            "dur_mean": 3171.664490252775,
            "dur_std": 586.2667141247393
        },
        "48": {
            "dur_mean": 3193.9671641791047,
            "dur_std": 586.7279954874015
        },
        "49": {
            "dur_mean": 3204.684608208955,
            "dur_std": 588.2217788805456
        },
        "50": {
            "dur_mean": 3250.880794701987,
            "dur_std": 594.009948410934
        },
        "51": {
            "dur_mean": 3271.323973880597,
            "dur_std": 596.8424672129032
        },
        "52": {
            "dur_mean": 3300.999626830861,
            "dur_std": 598.9201685969215
        },
        "53": {
            "dur_mean": 3322.9730385297134,
            "dur_std": 601.9856903105725
        },
        "54": {
            "dur_mean": 3391.6110851917515,
            "dur_std": 616.6592714418211
        },
        "55": {
            "dur_mean": 3502.414438002618,
            "dur_std": 650.2341607306182
        },
        "56": {
            "dur_mean": 3599.9238336143903,
            "dur_std": 666.5897114746818
        },
        "57": {
            "dur_mean": 3646.812576140943,
            "dur_std": 671.8062314883414
        },
        "58": {
            "dur_mean": 3715.5025304592314,
            "dur_std": 678.5885241992844
        },
        "59": {
            "dur_mean": 3806.6785313901346,
            "dur_std": 690.4955630991976
        },
        "60": {
            "dur_mean": 3895.848416923508,
            "dur_std": 701.3978468492691
        },
        "61": {
            "dur_mean": 3938.4827972027974,
            "dur_std": 708.6089052319679
        },
        "62": {
            "dur_mean": 3972.9558315435615,
            "dur_std": 712.5527753169641
        },
        "63": {
            "dur_mean": 4043.5510624356452,
            "dur_std": 721.1536861881367
        },
        "64": {
            "dur_mean": 4075.7956231802386,
            "dur_std": 719.6301889159299
        },
        "65": {
            "dur_mean": 4166.118155348925,
            "dur_std": 722.9105107499474
        },
        "66": {
            "dur_mean": 4237.265125892522,
            "dur_std": 723.7506405807989
        },
        "67": {
            "dur_mean": 4281.375528615732,
            "dur_std": 726.9024565465628
        },
        "68": {
            "dur_mean": 4312.34069133947,
            "dur_std": 731.4396235534039
        },
        "69": {
            "dur_mean": 4390.945210620133,
            "dur_std": 750.287812918867
        }
    },
    "modelling": {
        "XGBoost": {
            "time": 233.51182007789612,