{
    "rows": {
        "start": 413839,
        "route_filter": -186587,
        "nan_filter": -12388,
        "negative_dur": 0,
        "outliers": -2736,
        "end": 212128
    },
    "scr": 0.816010329244674,
    "stats": {
        "1": {
            "dur_mean": 0.0,
            "dur_std": 0.0
        },
        "2": {
            "dur_mean": 56.00323834196891,
            "dur_std": 52.0112680211851
        },
        "3": {
            "dur_mean": 131.4182645433864,
            "dur_std": 54.91688569737472
        },
        "4": {
            "dur_mean": 204.20422077922078,
            "dur_std": 59.827050035280514
        },
        "5": {
            "dur_mean": 259.89967532467534,
            "dur_std": 63.3685816105119
        },
        "6": {
            "dur_mean": 303.2765609676365,
            "dur_std": 66.70781547413121
        },
        "7": {
            "dur_mean": 337.8865642366787,
            "dur_std": 69.51313363770042
        },
        "8": {
            "dur_mean": 367.5647482014389,
            "dur_std": 72.08396060474105
        },
        "9": {
            "dur_mean": 392.8076545632974,
            "dur_std": 73.48753968196861
        },
        "10": {
            "dur_mean": 413.1016339869281,
            "dur_std": 74.7680195531572
        },
        "11": {
            "dur_mean": 428.57385620915034,
            "dur_std": 75.44287094373466
        },
        "12": {
            "dur_mean": 461.1701014066078,
            "dur_std": 76.09735933610439
        },
        "13": {
            "dur_mean": 468.7651292116454,
            "dur_std": 76.5515288651268
        },
        "14": {
            "dur_mean": 538.6448659254414,
            "dur_std": 81.17185217794224
        },
        "15": {
            "dur_mean": 584.8541053320249,
            "dur_std": 85.73487558180081
        },
        "16": {
            "dur_mean": 605.4023552502454,
            "dur_std": 90.84109072487244
        },
        "17": {
            "dur_mean": 646.5943735688584,
            "dur_std": 102.54603905271513
        },
        "18": {
            "dur_mean": 658.7158273381295,
            "dur_std": 104.59514930474576
        },
        "19": {
            "dur_mean": 736.2614528795812,
            "dur_std": 118.77948609601641
        },
        "20": {
            "dur_mean": 772.1314845024469,
            "dur_std": 123.50466689703585
        },
        "21": {
            "dur_mean": 791.3384067357513,
            "dur_std": 125.24972834018817
        },
        "22": {
            "dur_mean": 833.0443509226287,
            "dur_std": 127.52445275512231
        },
        "23": {
            "dur_mean": 906.6494011006798,
            "dur_std": 133.13391630287117
        },
        "24": {
            "dur_mean": 928.9754204398448,
            "dur_std": 140.12114753223386
        },
        "25": {
            "dur_mean": 1005.700614290333,
            "dur_std": 144.65610149641117
        },
        "26": {
            "dur_mean": 1063.453281603621,
            "dur_std": 159.15506455287678
        },
        "27": {
            "dur_mean": 1107.032383419689,
            "dur_std": 162.23339472499725
        },
        "28": {
            "dur_mean": 1143.360337005833,
            "dur_std": 164.67917565105682
        },
        "29": {
            "dur_mean": 1238.2484612892777,
            "dur_std": 174.248731300262
        },
        "30": {
            "dur_mean": 1277.462783171521,
            "dur_std": 180.0677547924138
        },
        "31": {
            "dur_mean": 1381.5976044027193,
            "dur_std": 188.4738344615578
        },
        "32": {
            "dur_mean": 1446.8260447035957,
            "dur_std": 196.30787911953217
        },
        "33": {
            "dur_mean": 1483.5139248704663,
            "dur_std": 200.94621923785937
        },
        "34": {
            "dur_mean": 1560.1772521062865,
            "dur_std": 213.61822384085076
        },
        "35": {
            "dur_mean": 1602.4193130265717,
            "dur_std": 217.2464168705517
        },
        "36": {
            "dur_mean": 1642.4479740680713,
            "dur_std": 225.22480979693768
        },
        "37": {
            "dur_mean": 1742.2936790923825,
            "dur_std": 247.07630343042294
        },
        "38": {
            "dur_mean": 1819.5128038897892,
            "dur_std": 271.3162377924209
        },
        "39": {
            "dur_mean": 1846.7886547811993,
            "dur_std": 275.1411677537636
        },
        "40": {
            "dur_mean": 1929.4064829821718,
            "dur_std": 283.63113494506774
        },
        "41": {
            "dur_mean": 1965.9786061588331,
            "dur_std": 288.5087842827372
        },
        "42": {
            "dur_mean": 2010.3101101749837,
            "dur_std": 292.2216894654186
        },
        "43": {
            "dur_mean": 2030.3788075178225,
            "dur_std": 293.14193251900366
        },
        "44": {
            "dur_mean": 2100.0265716137396,
            "dur_std": 306.9931583825941
        },
        "45": {
            "dur_mean": 2170.089112119248,
            "dur_std": 328.8401268237412
        },
        "46": {
            "dur_mean": 2241.1895657809464,
            "dur_std": 342.2221586461071
        },
        "47": {
            "dur_mean": 2269.054763447829,
            "dur_std": 346.7480936299048
        },
        "48": {
            "dur_mean": 2320.1315618924173,
            "dur_std": 355.5831207769594
        },
        "49": {
            "dur_mean": 2441.303629293584,
            "dur_std": 373.89059429060205
        },
        "50": {
            "dur_mean": 2526.738326848249,
            "dur_std": 382.1423739610284
        },
        "51": {
            "dur_mean": 2575.8506978253813,
            "dur_std": 393.52987531642094
        },
        "52": {
            "dur_mean": 2665.120936280884,
            "dur_std": 407.32544149409455
        },
        "53": {
            "dur_mean": 2706.438414039649,
            "dur_std": 413.27130576048296
        },
        "54": {
            "dur_mean": 2759.2664933376664,
            "dur_std": 419.37563640112376
        },
        "55": {
            "dur_mean": 2820.854173432933,
            "dur_std": 427.1187205037568
        },
        "56": {
            "dur_mean": 2843.3413445924,
            "dur_std": 430.72904946184343
        },
        "57": {
            "dur_mean": 2950.2386363636365,
            "dur_std": 453.36993219812183
        },
        "58": {
            "dur_mean": 2986.93599740091,
            "dur_std": 455.8254575010493
        },
        "59": {
            "dur_mean": 3051.7826510721247,
            "dur_std": 462.99084559506423
        },
        "60": {
            "dur_mean": 3107.55837398374,
            "dur_std": 472.44519197978065
        },
        "61": {
            "dur_mean": 3238.082926829268,
            "dur_std": 498.2049560389279
        },
        "62": {
            "dur_mean": 3279.389990250244,
            "dur_std": 521.0271939206668
        },
        "63": {
            "dur_mean": 3344.288499025341,
            "dur_std": 546.0742317327536
        },
        "64": {
            "dur_mean": 3461.8154046148848,
            "dur_std": 582.7939725306163
        },
        "65": {
            "dur_mean": 3511.4410807291665,
            "dur_std": 589.439798657032
        },
        "66": {
            "dur_mean": 3645.8083087994764,
            "dur_std": 610.132824369702
        },
        "67": {
            "dur_mean": 3670.171065493646,
            "dur_std": 613.3145567316147
        },
        "68": {
            "dur_mean": 3766.0312703583063,
            "dur_std": 618.8769490540071
        },
        "69": {
            "dur_mean": 3888.472964169381,
            "dur_std": 630.9708876647876
        },
        "70": {
            "dur_mean": 4190.108781645569,