{
    "rows": {
        "start": 9845,
        "route_filter": 0,
        "nan_filter": -1496,
        "negative_dur": 0,
        "outliers": -78,
        "end": 8271
    },
    "scr": 0.2315270935960591,
    "stats": {
        "1": {
            "dur_mean": 0.0,
            "dur_std": 0.0
        },
        "2": {
            "dur_mean": 67.39901477832512,
            "dur_std": 15.783604697354617
        },
        "3": {
            "dur_mean": 147.6980198019802,
            "dur_std": 20.238943201905435
        },
        "4": {
            "dur_mean": 235.48019801980197,
            "dur_std": 25.666675142992645
        },
        "5": {
            "dur_mean": 302.6237623762376,
            "dur_std": 28.922559662241007
        },
        "6": {
            "dur_mean": 363.91584158415844,
            "dur_std": 32.16403613405027
        },
        "7": {
            "dur_mean": 398.7475247524753,
            "dur_std": 34.517723745188285
        },
        "8": {
            "dur_mean": 438.25742574257424,
            "dur_std": 36.65114645715481
        },
        "9": {
            "dur_mean": 462.65841584158414,
            "dur_std": 37.02153673947886
        },
        "10": {
            "dur_mean": 481.2772277227723,
            "dur_std": 36.86255736597537
        },
        "11": {
            "dur_mean": 499.84158415841586,
            "dur_std": 38.59632459321512
        },
        "12": {
            "dur_mean": 533.2623762376238,
            "dur_std": 39.660317276399915
        },
        "13": {
            "dur_mean": 546.1782178217821,
            "dur_std": 38.843709298056496
        },
        "14": {
            "dur_mean": 621.2475247524752,
            "dur_std": 43.89152298408622
        },
        "15": {
            "dur_mean": 671.8663366336634,
            "dur_std": 70.06711037046702
        },
        "16": {
            "dur_mean": 694.5841584158416,
            "dur_std": 90.98272399859017
        },
        "17": {
            "dur_mean": 751.2673267326733,
            "dur_std": 117.44835986766334
        },
        "18": {
            "dur_mean": 764.9752475247525,
            "dur_std": 142.35564174805512
        },
        "19": {
            "dur_mean": 862.950495049505,
            "dur_std": 179.129452411229
        },
        "20": {
            "dur_mean": 906.019801980198,
            "dur_std": 198.57527265350367
        },
        "21": {
            "dur_mean": 923.4876847290641,
            "dur_std": 199.6126288095434
        },
        "22": {
            "dur_mean": 970.0344827586207,
            "dur_std": 199.5509160890614
        },
        "23": {
            "dur_mean": 1059.1822660098521,
            "dur_std": 199.24690211087443
        },
        "24": {
            "dur_mean": 1091.064039408867,
            "dur_std": 200.7076363385123
        },
        "25": {
            "dur_mean": 1164.704433497537,
            "dur_std": 202.0717726870342
        },
        "26": {
            "dur_mean": 1199.3217821782177,
            "dur_std": 202.78116141218274
        },
        "27": {
            "dur_mean": 1282.4059405940593,
            "dur_std": 207.29951308128477
        },
        "28": {
            "dur_mean": 1357.4950495049504,
            "dur_std": 217.90801490639407
        },
        "29": {
            "dur_mean": 1417.0541871921182,
            "dur_std": 221.11495603392726
        },
        "30": {
            "dur_mean": 1494.5665024630541,
            "dur_std": 227.72821055429458
        },
        "31": {
            "dur_mean": 1561.9014778325122,
            "dur_std": 231.2626986564941
        },
        "32": {
            "dur_mean": 1630.7586206896551,
            "dur_std": 241.28750334274508
        },
        "33": {
            "dur_mean": 1758.231527093596,
            "dur_std": 248.4191017016015
        },
        "34": {
            "dur_mean": 1809.64039408867,
            "dur_std": 251.2779490269106
        },
        "35": {
            "dur_mean": 1866.5714285714287,
            "dur_std": 260.7767881523165
        },
        "36": {
            "dur_mean": 2294.3251231527092,
            "dur_std": 309.2215596939579
        },
        "37": {
            "dur_mean": 2469.064039408867,
            "dur_std": 331.76096434452666
        },
        "38": {
            "dur_mean": 2859.4679802955666,
            "dur_std": 453.17939829494674
        },
        "39": {
            "dur_mean": 3071.1871921182264,
            "dur_std": 491.05206760838803
        },
        "40": {
            "dur_mean": 3347.088669950739,
            "dur_std": 525.3249272854183
        },
        "41": {
            "dur_mean": 3543.650246305419,
            "dur_std": 546.8776817981777
        },
        "42": {
            "dur_mean": 3975.4893617021276,
            "dur_std": 473.26970306674826
        }
    },
    "modelling": {
        "XGBoost": {
            "time": 1.7136189937591553,
            "r_2": 0.9987985677935209,
            "mse": 993.7971147142358,
            "rmse": 31.524547811415722,
            "mae": 20.3951645141154
        },
        "Benchmark": {
            "r_2": 0.7895616152433844,
            "mse": 174069.79642166346,
            "rmse": 417.2167259610567,
            "mae": 228.23742746615088
        }
    },
    "features": [
        "weather_description_broken clouds",
        "weather_description_few clouds",
        "weather_description_fog",
        "weather_description_heavy intensity rain",
        "weather_description_light intensity drizzle",
        "weather_description_light intensity drizzle rain",
        "weather_description_light intensity shower rain",
        "weather_description_light rain",
        "weather_description_mist",
        "weather_description_overcast clouds",
        "weather_description_scattered clouds",
        "weather_description_sky is clear",
        "weekday_1",
        "weekday_2",
        "weekday_3",
        "weekday_4",
        "month_2",
        "month_3",
        "month_4",
        "month_5",
        "month_6",
        "month_7",
        "month_8",
        "month_9",
        "month_10",
        "month_11",
        "month_12",
        "hour_8",
        "progr_number",
        "arr_p",
        "arr_a",
        "dep_p",
        "dep_a",
        "dur_s"
    ]
}