{
    "rows": {
        "start": 311566,
        "route_filter": -134789,
        "nan_filter": -1255,
        "negative_dur": -107,
        "outliers": -1475,
        "end": 173940
    },
    "scr": 0.9886950904392765,
    "stats": {
        "1": {
            "dur_mean": 0.0,
            "dur_std": 0.0
        },
        "2": {
            "dur_mean": 327.25089372765683,
            "dur_std": 350.6434519563765
        },
        "3": {
            "dur_mean": 469.79192445457505,
            "dur_std": 360.9602493926509
        },
        "4": {
            "dur_mean": 521.9564369310793,
            "dur_std": 368.04478702477695
        },
        "5": {
            "dur_mean": 605.986974926734,
            "dur_std": 365.97065237128976
        },
        "6": {
            "dur_mean": 824.4495770982434,
            "dur_std": 378.9431055130791
        },
        "7": {
            "dur_mean": 890.4248941023135,
            "dur_std": 384.2379375837939
        },
        "8": {
            "dur_mean": 916.2090819993466,
            "dur_std": 385.685548789349
        },
        "9": {
            "dur_mean": 943.1778140293637,
            "dur_std": 386.75628035670024
        },
        "10": {
            "dur_mean": 1026.730380983393,
            "dur_std": 389.93823563179825
        },
        "11": {
            "dur_mean": 1165.7933615359584,
            "dur_std": 402.30402020046745
        },
        "12": {
            "dur_mean": 1210.7261788617886,
            "dur_std": 403.9546206414852
        },
        "13": {
            "dur_mean": 1368.2413008130081,
            "dur_std": 426.8091750168846
        },
        "14": {
            "dur_mean": 1398.520650406504,
            "dur_std": 434.14612440057857
        },
        "15": {
            "dur_mean": 1448.45611183355,
            "dur_std": 448.4471422297342
        },
        "16": {
            "dur_mean": 1541.25877763329,
            "dur_std": 459.88976410242066
        },
        "17": {
            "dur_mean": 1560.3159947984395,
            "dur_std": 461.9223856436462
        },
        "18": {
            "dur_mean": 1582.2769830949285,
            "dur_std": 464.8777379299802
        },
        "19": {
            "dur_mean": 1621.3709362808843,
            "dur_std": 468.64663816912275
        },
        "20": {
            "dur_mean": 1643.29388816645,
            "dur_std": 470.12720656182535
        },
        "21": {
            "dur_mean": 1718.6536712150748,
            "dur_std": 480.1873262776565
        },
        "22": {
            "dur_mean": 1740.2066276803118,
            "dur_std": 482.34216194629795
        },
        "23": {
            "dur_mean": 1755.7680311890838,
            "dur_std": 483.7873046264592
        },
        "24": {
            "dur_mean": 1840.3100195185425,
            "dur_std": 494.0608875523148
        },
        "25": {
            "dur_mean": 1882.261038961039,
            "dur_std": 497.7263577104258
        },
        "26": {
            "dur_mean": 1987.8909444985395,
            "dur_std": 507.65296311572837
        },
        "27": {
            "dur_mean": 2103.5897269180755,
            "dur_std": 514.5139874955547
        },
        "28": {
            "dur_mean": 2121.32261208577,
            "dur_std": 516.6831450930097
        },
        "29": {
            "dur_mean": 2176.7560103963615,
            "dur_std": 523.2482841864509
        },
        "30": {
            "dur_mean": 2207.059779077323,
            "dur_std": 529.1138018799242
        },
        "31": {
            "dur_mean": 2311.2956832197337,
            "dur_std": 546.7749506277302
        },
        "32": {
            "dur_mean": 2336.6733766233765,
            "dur_std": 550.6184044209458
        },
        "33": {
            "dur_mean": 2369.000974342319,
            "dur_std": 556.19724549164
        },
        "34": {
            "dur_mean": 2450.0623579084117,
            "dur_std": 570.8489409022332
        },
        "35": {
            "dur_mean": 2482.5545454545454,
            "dur_std": 572.789151798841
        },
        "36": {
            "dur_mean": 2515.0094217024043,
            "dur_std": 574.8553648692317
        },
        "37": {
            "dur_mean": 2548.8652597402597,
            "dur_std": 577.2266226661026
        },
        "38": {
            "dur_mean": 2624.0775974025973,
            "dur_std": 581.374672696821
        },
        "39": {
            "dur_mean": 2675.01817591691,
            "dur_std": 584.7164217168635
        },
        "40": {
            "dur_mean": 2746.2888672508925,
            "dur_std": 589.6081025397863
        },
        "41": {
            "dur_mean": 2805.989292667099,
            "dur_std": 592.0237289445834
        },
        "42": {
            "dur_mean": 2862.499675535367,
            "dur_std": 594.2914738500285
        },
        "43": {
            "dur_mean": 3013.8507462686566,
            "dur_std": 602.2850136742729
        },
        "44": {
            "dur_mean": 3086.658766233766,
            "dur_std": 603.1252493249427
        },
        "45": {
            "dur_mean": 3121.9896204995134,
            "dur_std": 606.2131078622564
        },
        "46": {
            "dur_mean": 3216.5089198832306,
            "dur_std": 615.1448298954855
        },
        "47": {
            "dur_mean": 3391.283257624919,
            "dur_std": 640.0305985352372
        },
        "48": {
            "dur_mean": 3489.147583522543,
            "dur_std": 665.5443556770805
        },
        "49": {
            "dur_mean": 3554.7342634652823,
            "dur_std": 672.5019462372468
        },
        "50": {
            "dur_mean": 3613.1580142764437,
            "dur_std": 674.4238461054971
        },
        "51": {
            "dur_mean": 3706.161311262577,
            "dur_std": 688.7465946903119
        },
        "52": {
            "dur_mean": 3732.786757546251,
            "dur_std": 690.9459535171497
        },
        "53": {
            "dur_mean": 3764.4703018500486,
            "dur_std": 693.9687241569271
        },
        "54": {
            "dur_mean": 3815.4630110317976,
            "dur_std": 701.1439325226729
        },
        "55": {
            "dur_mean": 3852.4930217461865,
            "dur_std": 704.060968549638
        },
        "56": {
            "dur_mean": 3918.3400783289817,
            "dur_std": 708.4841883427567
        },
        "57": {
            "dur_mean": 3967.5576608951324,
            "dur_std": 709.5525012179099
        }
    },
    "modelling": {
        "XGBoost": {
            "time": 22.529994249343872,
            "r_2": 0.9646568116420637,
            "mse": 44622.685609439606,
            "rmse": 211.24082372836838,
            "mae": 149.19351459922387
        },
        "Benchmark": {
            "r_2": 0.8313744025133094,
            "mse": 212898.93107968266,
            "rmse": 461.4097214837185,
            "mae": 310.0926756352765
        }
    },