{
    "rows": {
        "start": 3472,
        "route_filter": 0,
        "nan_filter": -1188,
        "negative_dur": 0,
        "outliers": -35,
        "end": 2249
    },
    "scr": 0.9673202614379085,
    "stats": {
        "1": {
            "dur_mean": 0.0,
            "dur_std": 0.0
        },
        "2": {
            "dur_mean": 49.4527027027027,
            "dur_std": 15.667173733056046
        },
        "3": {
            "dur_mean": 224.34640522875816,
            "dur_std": 34.534559399443
        },
        "4": {
            "dur_mean": 476.078431372549,
            "dur_std": 73.08246328380348
        },
        "5": {
            "dur_mean": 580.8300653594771,
            "dur_std": 81.71168753367515
        },
        "6": {
            "dur_mean": 889.4183006535948,
            "dur_std": 108.49251819820554
        },
        "7": {
            "dur_mean": 1316.4771241830065,
            "dur_std": 131.4611752255215
        },
        "8": {
            "dur_mean": 1357.6993464052287,
            "dur_std": 132.06781974700687
        },
        "9": {
            "dur_mean": 1549.0196078431372,
            "dur_std": 157.17370003096622
        },
        "10": {
            "dur_mean": 2008.575163398693,
            "dur_std": 201.77892060405517
        },
        "11": {
            "dur_mean": 2494.2091503267975,
            "dur_std": 271.53812986089497
        },
        "12": {
            "dur_mean": 2733.5298013245033,
            "dur_std": 296.262379385729
        },
        "13": {
            "dur_mean": 3309.797385620915,
            "dur_std": 384.33352017481144
        },
        "14": {
            "dur_mean": 3662.4901960784314,
            "dur_std": 406.39237776548214
        },
        "15": {
            "dur_mean": 3846.3825503355706,
            "dur_std": 427.1968119964595
        }
    },
    "modelling": {
        "XGBoost": {
            "time": 0.3079993724822998,
            "r_2": 0.999043176057931,
            "mse": 1546.4434754160338,
            "rmse": 39.32484552310452,
            "mae": 18.7414643839134
        },
        "Benchmark": {
            "r_2": 0.9380244911688467,
            "mse": 100166.41207815276,
            "rmse": 316.49077724027404,
            "mae": 198.0355239786856
        }
    },
    "features": [
        "weather_description_broken clouds",
        "weather_description_few clouds",
        "weather_description_fog",
        "weather_description_light intensity drizzle",
        "weather_description_light intensity drizzle rain",
        "weather_description_light intensity shower rain",
        "weather_description_light rain",
        "weather_description_light shower snow",
        "weather_description_overcast clouds",
        "weather_description_scattered clouds",
        "weather_description_sky is clear",
        "weekday_1",
        "weekday_2",
        "weekday_3",
        "weekday_4",
        "month_2",
        "month_3",
        "month_4",
        "month_5",
        "month_6",
        "month_7",
        "month_8",
        "month_9",
        "month_10",
        "month_11",
        "month_12",
        "hour_8",
        "holiday_1",
        "progr_number",
        "arr_p",
        "arr_a",
        "dep_p",
        "dep_a",
        "dur_s"
    ]
}