{
    "rows": {
        "start": 7204,
        "route_filter": 0,
        "nan_filter": -1563,
        "negative_dur": 0,
        "outliers": -40,
        "end": 5601
    },
    "scr": 0.6115107913669064,
    "stats": {
        "1": {
            "dur_mean": 0.0,
            "dur_std": 0.0
        },
        "2": {
            "dur_mean": 63.07971014492754,
            "dur_std": 17.779698746227723
        },
        "3": {
            "dur_mean": 100.89208633093526,
            "dur_std": 24.288331619567003
        },
        "4": {
            "dur_mean": 152.568345323741,
            "dur_std": 26.730553099053836
        },
        "5": {
            "dur_mean": 193.2158273381295,
            "dur_std": 29.286382696540603
        },
        "6": {
            "dur_mean": 225.71942446043167,
            "dur_std": 33.20381259254495
        },
        "7": {
            "dur_mean": 313.51798561151077,
            "dur_std": 43.700123124886346
        },
        "8": {
            "dur_mean": 337.9136690647482,
            "dur_std": 46.488502866399706
        },
        "9": {
            "dur_mean": 397.49640287769785,
            "dur_std": 50.6199785988078
        },
        "10": {
            "dur_mean": 822.6762589928057,
            "dur_std": 119.38497076212929
        },
        "11": {
            "dur_mean": 1021.2805755395683,
            "dur_std": 149.4047138914957
        },
        "12": {
            "dur_mean": 1065.8561151079136,
            "dur_std": 150.79901016239353
        },
        "13": {
            "dur_mean": 1132.3525179856115,
            "dur_std": 154.68386945073323
        },
        "14": {
            "dur_mean": 1228.705035971223,
            "dur_std": 165.14905227463112
        },
        "15": {
            "dur_mean": 1301.0647482014388,
            "dur_std": 182.02158689598272
        },
        "16": {
            "dur_mean": 1424.0287769784172,
            "dur_std": 210.37750549442922
        },
        "17": {
            "dur_mean": 1493.4604316546763,
            "dur_std": 213.2885120324808
        },
        "18": {
            "dur_mean": 1537.8129496402878,
            "dur_std": 215.20299040085027
        },
        "19": {
            "dur_mean": 1577.5755395683452,
            "dur_std": 218.0584278308828
        },
        "20": {
            "dur_mean": 1608.3453237410072,
            "dur_std": 219.97577970201715
        },
        "21": {
            "dur_mean": 1638.623188405797,
            "dur_std": 223.83352791192183
        },
        "22": {
            "dur_mean": 1698.6618705035971,
            "dur_std": 231.88014001355904
        },
        "23": {
            "dur_mean": 1777.4676258992806,
            "dur_std": 238.33581539677277
        },
        "24": {
            "dur_mean": 1795.63309352518,
            "dur_std": 240.29158446260487
        },
        "25": {
            "dur_mean": 1843.4172661870505,
            "dur_std": 241.47760418495727
        },
        "26": {
            "dur_mean": 1865.2158273381294,
            "dur_std": 244.02648236514457
        },
        "27": {
            "dur_mean": 1935.6978417266187,
            "dur_std": 251.54890194109748
        },
        "28": {
            "dur_mean": 1983.589928057554,
            "dur_std": 253.78199628214628
        },
        "29": {
            "dur_mean": 2010.2805755395684,
            "dur_std": 255.79506711249664
        },
        "30": {
            "dur_mean": 2093.7625899280574,
            "dur_std": 262.0645341125359
        },
        "31": {
            "dur_mean": 2227.4892086330933,
            "dur_std": 271.3810991385713
        },
        "32": {
            "dur_mean": 2423.449275362319,
            "dur_std": 347.26115191194117
        },
        "33": {
            "dur_mean": 2624.6187050359713,
            "dur_std": 339.17637658037887
        },
        "34": {
            "dur_mean": 2824.9136690647483,
            "dur_std": 371.3665418895342
        },
        "35": {
            "dur_mean": 2969.1079136690646,
            "dur_std": 330.01075280345873
        },
        "36": {
            "dur_mean": 2992.928057553957,
            "dur_std": 329.2546620291635
        },
        "37": {
            "dur_mean": 3014.179856115108,
            "dur_std": 333.3382373218661
        },
        "38": {
            "dur_mean": 3075.043165467626,
            "dur_std": 493.0061126484618
        },
        "39": {
            "dur_mean": 3114.1582733812947,
            "dur_std": 497.4265404799072
        },
        "40": {
            "dur_mean": 3271.81884057971,
            "dur_std": 584.4638723108574
        },
        "41": {
            "dur_mean": 3261.8823529411766,
            "dur_std": 355.9764375483802
        }
    },
    "modelling": {
        "XGBoost": {
            "time": 0.599003791809082,
            "r_2": 0.9989514449442285,
            "mse": 1026.1414786312382,
            "rmse": 32.033443127944246,
            "mae": 18.451246974214666
        },
        "Benchmark": {
            "r_2": 0.9558411166756355,
            "mse": 43214.95717344754,
            "rmse": 207.88207516149038,
            "mae": 151.43683083511777
        }
    },
    "features": [
        "weather_description_broken clouds",
        "weather_description_few clouds",
        "weather_description_fog",
        "weather_description_heavy intensity rain",
        "weather_description_light intensity drizzle",
        "weather_description_light intensity drizzle rain",
        "weather_description_light intensity shower rain",
        "weather_description_light rain",
        "weather_description_mist",
        "weather_description_overcast clouds",
        "weather_description_proximity shower rain",
        "weather_description_scattered clouds",
        "weather_description_sky is clear",
        "weekday_1",
        "weekday_2",
        "weekday_3",
        "weekday_4",
        "month_2",
        "month_3",
        "month_4",
        "month_5",
        "month_6",
        "month_9",
        "month_10",
        "month_11",
        "month_12",
        "hour_8",
        "progr_number",
        "arr_p",
        "arr_a",
        "dep_p",
        "dep_a",
        "dur_s"
    ]
}