{
    "rows": {
        "start": 6380,
        "route_filter": 0,
        "nan_filter": -98,
        "negative_dur": 0,
        "outliers": -70,
        "end": 6212
    },
    "scr": 0.9488636363636364,
    "stats": {
        "1": {
            "dur_mean": 0.0,
            "dur_std": 0.0
        },
        "2": {
            "dur_mean": 178.78977272727272,
            "dur_std": 51.28961028684682
        },
        "3": {
            "dur_mean": 245.8068181818182,
            "dur_std": 71.49982744507378
        },
        "4": {
            "dur_mean": 404.3885714285714,
            "dur_std": 143.66551144579532
        },
        "5": {
            "dur_mean": 455.6761363636364,
            "dur_std": 150.55669154883114
        },
        "6": {
            "dur_mean": 491.3011363636364,
            "dur_std": 151.87350074082292
        },
        "7": {
            "dur_mean": 513.8806818181819,
            "dur_std": 152.93323462624713
        },
        "8": {
            "dur_mean": 765.8125,
            "dur_std": 167.60898053846296
        },
        "10": {
            "dur_mean": 1192.2045454545455,
            "dur_std": 185.16186951442756
        },
        "11": {
            "dur_mean": 1334.8295454545455,
            "dur_std": 200.35492630206645
        },
        "12": {
            "dur_mean": 1682.25,
            "dur_std": 272.05387071576206
        },
        "13": {
            "dur_mean": 1763.3636363636363,
            "dur_std": 281.07823747920355
        },
        "14": {
            "dur_mean": 1854.965909090909,
            "dur_std": 289.7108094581269
        },
        "15": {
            "dur_mean": 1945.590909090909,
            "dur_std": 300.9482968926679
        },
        "16": {
            "dur_mean": 1991.7443181818182,
            "dur_std": 304.81542419089504
        },
        "17": {
            "dur_mean": 2031.9431818181818,
            "dur_std": 306.8708935768841
        },
        "18": {
            "dur_mean": 2090.75,
            "dur_std": 310.7092991389678
        },
        "19": {
            "dur_mean": 2119.793103448276,
            "dur_std": 292.78337937014055
        },
        "20": {
            "dur_mean": 2146.4827586206898,
            "dur_std": 292.85784837390946
        },
        "21": {
            "dur_mean": 2223.4137931034484,
            "dur_std": 288.3671412147196
        },
        "22": {
            "dur_mean": 2285.0172413793102,
            "dur_std": 286.84955018424034
        },
        "23": {
            "dur_mean": 2378.8571428571427,
            "dur_std": 314.3679430420339
        },
        "24": {
            "dur_mean": 2476.1079545454545,
            "dur_std": 328.0493425330459
        },
        "25": {
            "dur_mean": 2543.806818181818,
            "dur_std": 331.6020112968314
        },
        "26": {
            "dur_mean": 2587.153409090909,
            "dur_std": 337.8044984725805
        },
        "27": {
            "dur_mean": 2657.4147727272725,
            "dur_std": 347.41218599887867
        },
        "28": {
            "dur_mean": 2846.1420454545455,
            "dur_std": 359.2471926432802
        },
        "29": {
            "dur_mean": 2898.971590909091,
            "dur_std": 360.5916159230909
        },
        "30": {
            "dur_mean": 3614.8,
            "dur_std": 395.7401475309476
        },
        "31": {
            "dur_mean": 3727.8011363636365,
            "dur_std": 401.8004909317396
        },
        "32": {
            "dur_mean": 3837.1111111111113,
            "dur_std": 391.4514085154863
        },
        "33": {
            "dur_mean": 3856.345029239766,
            "dur_std": 391.88471176276
        },
        "34": {
            "dur_mean": 3910.815476190476,
            "dur_std": 395.96879813991745
        },
        "35": {
            "dur_mean": 3969.434523809524,
            "dur_std": 398.62912753076574
        },
        "36": {
            "dur_mean": 4078.1964285714284,
            "dur_std": 449.01357299048715
        },
        "37": {
            "dur_mean": 4140.676646706587,
            "dur_std": 452.1394958731727
        }
    },
    "modelling": {
        "XGBoost": {
            "time": 1.20511794090271,
            "r_2": 0.9994083620407189,
            "mse": 862.2122908563093,
            "rmse": 29.363451616870748,
            "mae": 19.020223805905157
        },
        "Benchmark": {
            "r_2": 0.9012730824731279,
            "mse": 143877.78943979394,
            "rmse": 379.31225848869417,
            "mae": 282.67675466838375
        }
    },
    "features": [
        "weather_description_few clouds",
        "weather_description_fog",
        "weather_description_light intensity drizzle",
        "weather_description_light intensity drizzle rain",
        "weather_description_light intensity shower rain",
        "weather_description_light rain",
        "weather_description_light shower snow",
        "weather_description_mist",
        "weather_description_moderate rain",
        "weather_description_overcast clouds",
        "weather_description_proximity shower rain",
        "weather_description_scattered clouds",
        "weekday_1",
        "weekday_2",
        "weekday_3",
        "weekday_4",
        "month_2",
        "month_3",
        "month_4",
        "month_5",
        "month_6",
        "month_9",
        "month_10",
        "month_11",
        "month_12",
        "hour_18",
        "progr_number",
        "arr_p",
        "arr_a",
        "dep_p",
        "dep_a",
        "dur_s"
    ]
}