{
    "rows": {
        "start": 708340,
        "route_filter": -86250,
        "nan_filter": -7034,
        "negative_dur": -72,
        "outliers": -2438,
        "end": 612546
    },
    "scr": 0.42889589905362774,
    "stats": {
        "1": {
            "dur_mean": 0.0,
            "dur_std": 0.0
        },
        "2": {
            "dur_mean": 72.79338394793926,
            "dur_std": 88.53041619779115
        },
        "3": {
            "dur_mean": 173.59730150492993,
            "dur_std": 77.31338362059545
        },
        "4": {
            "dur_mean": 196.4808472856418,
            "dur_std": 84.25058829047818
        },
        "5": {
            "dur_mean": 328.21757375381486,
            "dur_std": 101.40743427493373
        },
        "6": {
            "dur_mean": 478.2103592738352,
            "dur_std": 131.04440531701925
        },
        "7": {
            "dur_mean": 558.7436676798379,
            "dur_std": 148.3083821322594
        },
        "8": {
            "dur_mean": 651.1127134724858,
            "dur_std": 181.44012943215537
        },
        "9": {
            "dur_mean": 735.5643263757116,
            "dur_std": 193.6599547646809
        },
        "10": {
            "dur_mean": 787.4429691451694,
            "dur_std": 208.38288071533736
        },
        "11": {
            "dur_mean": 867.7900328864154,
            "dur_std": 232.48204448144688
        },
        "12": {
            "dur_mean": 920.0166961801164,
            "dur_std": 231.42192473506918
        },
        "13": {
            "dur_mean": 957.2997598530866,
            "dur_std": 222.48288297519156
        },
        "14": {
            "dur_mean": 1029.7491121258245,
            "dur_std": 246.85014329379896
        },
        "15": {
            "dur_mean": 1085.6457489878542,
            "dur_std": 250.68097059609678
        },
        "16": {
            "dur_mean": 1160.504300531242,
            "dur_std": 267.0221477129423
        },
        "17": {
            "dur_mean": 1236.2469963323638,
            "dur_std": 277.15026838229255
        },
        "18": {
            "dur_mean": 1266.9815306767869,
            "dur_std": 281.8080498970463
        },
        "19": {
            "dur_mean": 1293.9830529910207,
            "dur_std": 287.48943594777717
        },
        "20": {
            "dur_mean": 1333.2835103692464,
            "dur_std": 298.10881292612027
        },
        "21": {
            "dur_mean": 1383.7239504299444,
            "dur_std": 310.46887813898235
        },
        "22": {
            "dur_mean": 1430.9730652503792,
            "dur_std": 317.1549324905705
        },
        "23": {
            "dur_mean": 1542.504237824162,
            "dur_std": 339.1465413827579
        },
        "24": {
            "dur_mean": 1614.70785380043,
            "dur_std": 354.41423636945746
        },
        "25": {
            "dur_mean": 1654.5507777918301,
            "dur_std": 360.0227436744847
        },
        "26": {
            "dur_mean": 1673.3449279028587,
            "dur_std": 364.3529945884968
        },
        "27": {
            "dur_mean": 1705.1590995320603,
            "dur_std": 373.7405317275699
        },
        "28": {
            "dur_mean": 1781.1024667931688,
            "dur_std": 396.45386826359913
        },
        "29": {
            "dur_mean": 1865.7966080243007,
            "dur_std": 408.65896557576593
        },
        "30": {
            "dur_mean": 1918.9546203574598,
            "dur_std": 411.91202605678296
        },
        "31": {
            "dur_mean": 1951.2513633481294,
            "dur_std": 415.94072892592794
        },
        "32": {
            "dur_mean": 1995.658295281583,
            "dur_std": 422.09217905256156
        },
        "33": {
            "dur_mean": 2037.7916032470828,
            "dur_std": 426.6937209208897
        },
        "34": {
            "dur_mean": 2068.2278031456112,
            "dur_std": 429.98984421178596
        },
        "35": {
            "dur_mean": 2100.6278538812785,
            "dur_std": 433.1356349458711
        },
        "36": {
            "dur_mean": 2146.6736428209033,
            "dur_std": 443.21013189880597
        },
        "37": {
            "dur_mean": 2210.099327667132,
            "dur_std": 455.52558533746037
        },
        "38": {
            "dur_mean": 2259.229481161994,
            "dur_std": 462.327357090194
        },
        "39": {
            "dur_mean": 2288.526322466066,
            "dur_std": 465.82844887554097
        },
        "40": {
            "dur_mean": 2323.0422428009642,
            "dur_std": 473.26841405790054
        },
        "41": {
            "dur_mean": 2367.293162501586,
            "dur_std": 479.68194120402524
        },
        "42": {
            "dur_mean": 2389.294251998477,
            "dur_std": 481.64491557493864
        },
        "43": {
            "dur_mean": 2409.3795990865265,
            "dur_std": 484.5635181285009
        },
        "44": {
            "dur_mean": 2474.360741022713,
            "dur_std": 499.1922927121443
        },
        "45": {
            "dur_mean": 2558.6334262544347,
            "dur_std": 513.8858683159287
        },
        "46": {
            "dur_mean": 2646.110998479473,
            "dur_std": 528.8968916843539
        },
        "47": {
            "dur_mean": 2708.1571681864234,
            "dur_std": 536.3388106569221
        },
        "48": {
            "dur_mean": 2744.4877152988856,
            "dur_std": 540.2304127861543
        },
        "49": {
            "dur_mean": 2816.0507723474298,
            "dur_std": 553.5699333375949
        },
        "50": {
            "dur_mean": 2864.7546548448386,
            "dur_std": 559.2595893595885
        },
        "51": {
            "dur_mean": 2878.6049132581993,
            "dur_std": 561.597347947849
        },
        "52": {
            "dur_mean": 2911.680977710233,
            "dur_std": 566.4091022451214
        },
        "53": {
            "dur_mean": 2963.6739764228673,
            "dur_std": 573.5998920322171
        },
        "54": {
            "dur_mean": 3008.599619530755,
            "dur_std": 579.9016170559335
        },
        "55": {
            "dur_mean": 3060.4845452242207,
            "dur_std": 585.1549715754559
        },
        "56": {
            "dur_mean": 3124.5648206817896,
            "dur_std": 594.4613194128794
        },
        "57": {
            "dur_mean": 3236.4723035782504,
            "dur_std": 624.0216037520784
        },
        "58": {
            "dur_mean": 3326.0428115015975,
            "dur_std": 635.5697857341133
        },
        "59": {
            "dur_mean": 3375.4058341862847,
            "dur_std": 642.8503048799091
        },
        "60": {
            "dur_mean": 3419.0232974910396,
            "dur_std": 649.2299175350282
        },
        "61": {
            "dur_mean": 3478.9564604943016,
            "dur_std": 658.5730780472725
        },
        "62": {
            "dur_mean": 3534.4537653688526,
            "dur_std": 664.1550990216532
        },
        "63": {
            "dur_mean": 3570.5890340763517,
            "dur_std": 667.7077597886004
        },
        "64": {
            "dur_mean": 3606.4860986547087,
            "dur_std": 672.1040081437576
        },
        "65": {
            "dur_mean": 3633.8992566008715,
            "dur_std": 675.2970446799533
        },
        "66": {
            "dur_mean": 3656.4036661966416,
            "dur_std": 678.6056718965344
        },
        "67": {
            "dur_mean": 3694.4358415587744,
            "dur_std": 689.4377285558454
        },
        "68": {
            "dur_mean": 3750.472631713883,
            "dur_std": 705.9760325348881
        },
        "69": {
            "dur_mean": 3846.498717948718,
            "dur_std": 733.8080252866004
        },
        "70": {
            "dur_mean": 3914.164292131947,