{
    "rows": {
        "start": 390388,
        "route_filter": 0,
        "nan_filter": -10471,
        "negative_dur": -26,
        "outliers": -4614,
        "end": 375277
    },
    "scr": 0.9700779036827195,
    "stats": {
        "1": {
            "dur_mean": 0.0,
            "dur_std": 0.0
        },
        "2": {
            "dur_mean": 76.94898238568952,
            "dur_std": 118.21794036432297
        },
        "3": {
            "dur_mean": 132.4547822182308,
            "dur_std": 119.12880157813814
        },
        "4": {
            "dur_mean": 168.77459493330946,
            "dur_std": 123.49329516522236
        },
        "5": {
            "dur_mean": 295.53572704537333,
            "dur_std": 142.40159565387026
        },
        "6": {
            "dur_mean": 416.3368731036945,
            "dur_std": 174.51574340068254
        },
        "7": {
            "dur_mean": 491.957448706512,
            "dur_std": 203.60328635852147
        },
        "8": {
            "dur_mean": 566.9559282719243,
            "dur_std": 239.53128082938954
        },
        "9": {
            "dur_mean": 622.8024801498796,
            "dur_std": 254.8894927678856
        },
        "10": {
            "dur_mean": 661.3999643048367,
            "dur_std": 262.61382315569097
        },
        "11": {
            "dur_mean": 712.6747568483984,
            "dur_std": 274.53390245805696
        },
        "12": {
            "dur_mean": 983.1091671873605,
            "dur_std": 313.23356115810924
        },
        "13": {
            "dur_mean": 1139.3508646178657,
            "dur_std": 329.60054160507394
        },
        "14": {
            "dur_mean": 1186.2106063316044,
            "dur_std": 338.5788471291267
        },
        "15": {
            "dur_mean": 1211.233342277077,
            "dur_std": 342.3314975615289
        },
        "16": {
            "dur_mean": 1262.5652951699462,
            "dur_std": 351.58018142049036
        },
        "17": {
            "dur_mean": 1307.806711409396,
            "dur_std": 356.8425626331459
        },
        "18": {
            "dur_mean": 1353.6666666666667,
            "dur_std": 365.25705478068517
        },
        "19": {
            "dur_mean": 1420.6747851002865,
            "dur_std": 373.6974940163129
        },
        "20": {
            "dur_mean": 1573.158708869814,
            "dur_std": 421.39287175326064
        },
        "21": {
            "dur_mean": 1687.708664937852,
            "dur_std": 451.3610216338224
        },
        "22": {
            "dur_mean": 1757.7785433070867,
            "dur_std": 465.83379230015225
        },
        "23": {
            "dur_mean": 1804.563019948117,
            "dur_std": 477.5528340213714
        },
        "24": {
            "dur_mean": 1912.10434393193,
            "dur_std": 501.77823000119076
        },
        "25": {
            "dur_mean": 1943.1947877485222,
            "dur_std": 507.97905173622513
        },
        "26": {
            "dur_mean": 2071.4105131414267,
            "dur_std": 547.9053064607884
        },
        "27": {
            "dur_mean": 2170.9203286888173,
            "dur_std": 560.3686234065423
        },
        "28": {
            "dur_mean": 2254.7798517460033,
            "dur_std": 573.8179459047843
        },
        "29": {
            "dur_mean": 2399.404572653389,
            "dur_std": 619.575754602973
        },
        "30": {
            "dur_mean": 2490.5951764180436,
            "dur_std": 642.214661303722
        },
        "31": {
            "dur_mean": 2568.7534185360623,
            "dur_std": 658.7812203931328
        },
        "32": {
            "dur_mean": 2630.467439144885,
            "dur_std": 671.1653151759609
        },
        "33": {
            "dur_mean": 2758.538704724054,
            "dur_std": 693.5256836036996
        },
        "34": {
            "dur_mean": 2933.6408979813523,
            "dur_std": 708.098682913622
        }
    },
    "modelling": {
        "XGBoost": {
            "time": 50.494999408721924,
            "r_2": 0.9526250948384692,
            "mse": 41714.824311127726,
            "rmse": 204.24207282322544,
            "mae": 137.3519529310346
        },
        "Benchmark": {
            "r_2": 0.888805214976581,
            "mse": 97909.8724472394,
            "rmse": 312.90553278463995,
            "mae": 204.68244510765294
        }
    },
    "features": [
        "weather_description_broken clouds",
        "weather_description_drizzle",
        "weather_description_few clouds",
        "weather_description_fog",
        "weather_description_heavy intensity rain",
        "weather_description_light intensity drizzle",
        "weather_description_light intensity drizzle rain",
        "weather_description_light intensity shower rain",
        "weather_description_light rain",
        "weather_description_light shower snow",
        "weather_description_light snow",
        "weather_description_mist",
        "weather_description_moderate rain",
        "weather_description_overcast clouds",
        "weather_description_proximity shower rain",
        "weather_description_scattered clouds",
        "weather_description_shower rain",
        "weather_description_sky is clear",
        "weather_description_smoke",
        "weekday_1",
        "weekday_2",
        "weekday_3",
        "weekday_4",
        "weekday_5",
        "weekday_6",
        "month_2",
        "month_3",
        "month_4",
        "month_5",
        "month_6",
        "month_7",
        "month_8",
        "month_9",
        "month_10",
        "month_11",
        "month_12",
        "hour_1",
        "hour_6",
        "hour_7",
        "hour_8",
        "hour_9",
        "hour_10",
        "hour_11",
        "hour_12",
        "hour_13",
        "hour_14",
        "hour_15",
        "hour_16",
        "hour_17",
        "hour_18",
        "hour_19",
        "hour_20",
        "hour_21",
        "hour_22",
        "hour_23",
        "holiday_1",
        "progr_number",
        "dur_s"
    ]
}