{
    "rows": {
        "start": 27788,
        "route_filter": 0,
        "nan_filter": -5219,
        "negative_dur": 0,
        "outliers": -135,
        "end": 22434
    },
    "scr": 0.8291457286432161,
    "stats": {
        "1": {
            "dur_mean": 0.0,
            "dur_std": 0.0
        },
        "2": {
            "dur_mean": 172.43772241992883,
            "dur_std": 122.30692755578772
        },
        "3": {
            "dur_mean": 246.4348623853211,
            "dur_std": 167.94286240379472
        },
        "4": {
            "dur_mean": 595.407917383821,
            "dur_std": 271.9261953735066
        },
        "5": {
            "dur_mean": 647.0588235294117,
            "dur_std": 280.4815392149089
        },
        "6": {
            "dur_mean": 703.6767169179229,
            "dur_std": 282.5563274793176
        },
        "7": {
            "dur_mean": 806.2698145025295,
            "dur_std": 285.9920407064361
        },
        "8": {
            "dur_mean": 1438.1465677179963,
            "dur_std": 405.1595431797792
        },
        "9": {
            "dur_mean": 1487.469670710572,
            "dur_std": 420.8102421867031
        },
        "10": {
            "dur_mean": 1603.0191304347827,
            "dur_std": 440.6850400358941
        },
        "11": {
            "dur_mean": 1642.4542124542124,
            "dur_std": 453.71426435529935
        },
        "12": {
            "dur_mean": 1680.8491295938104,
            "dur_std": 454.28589125401845
        },
        "13": {
            "dur_mean": 1731.8194174757282,
            "dur_std": 463.9928765676221
        },
        "14": {
            "dur_mean": 1866.3514563106796,
            "dur_std": 491.55152479671557
        },
        "15": {
            "dur_mean": 1992.4892787524366,
            "dur_std": 527.9148919907559
        },
        "16": {
            "dur_mean": 2086.366471734893,
            "dur_std": 571.1219685287547
        },
        "17": {
            "dur_mean": 2187.41910331384,
            "dur_std": 619.716412104138
        },
        "18": {
            "dur_mean": 2250.8460038986354,
            "dur_std": 639.2677189357037
        },
        "19": {
            "dur_mean": 2296.820662768031,
            "dur_std": 640.2884596221778
        },
        "20": {
            "dur_mean": 2349.8070175438597,
            "dur_std": 648.6842601186326
        },
        "21": {
            "dur_mean": 2603.267578125,
            "dur_std": 680.861429648621
        },
        "22": {
            "dur_mean": 2755.592156862745,
            "dur_std": 694.9691674813779
        },
        "23": {
            "dur_mean": 2805.522593320236,
            "dur_std": 699.1557211534551
        },
        "24": {
            "dur_mean": 2835.1434184675836,
            "dur_std": 697.609569372738
        },
        "25": {
            "dur_mean": 2894.630648330059,
            "dur_std": 701.87332370122
        },
        "26": {
            "dur_mean": 2938.1005917159764,
            "dur_std": 693.118581003038
        },
        "27": {
            "dur_mean": 2987.74358974359,
            "dur_std": 695.7306630210578
        },
        "28": {
            "dur_mean": 3065.9426877470355,
            "dur_std": 704.1218860198622
        },
        "29": {
            "dur_mean": 3264.147928994083,
            "dur_std": 758.928957062671
        },
        "30": {
            "dur_mean": 3389.6785009861933,
            "dur_std": 781.4644236598168
        },
        "31": {
            "dur_mean": 3461.3510848126234,
            "dur_std": 791.3708468267703
        },
        "32": {
            "dur_mean": 3509.641025641026,
            "dur_std": 796.7419311639336
        },
        "33": {
            "dur_mean": 3615.4477317554242,
            "dur_std": 808.6650241444165
        },
        "34": {
            "dur_mean": 3649.165680473373,
            "dur_std": 809.5762470382012
        },
        "35": {
            "dur_mean": 3788.2899408284025,
            "dur_std": 822.2275205866531
        },
        "36": {
            "dur_mean": 3902.465483234714,
            "dur_std": 830.7852090218985
        },
        "37": {
            "dur_mean": 3986.5960396039604,
            "dur_std": 841.8089526030811
        },
        "38": {
            "dur_mean": 4160.09702970297,
            "dur_std": 849.6036543793875
        },
        "39": {
            "dur_mean": 4260.152475247524,
            "dur_std": 857.0646972988468
        },
        "40": {
            "dur_mean": 4349.914851485149,
            "dur_std": 864.6125650119911
        },
        "41": {
            "dur_mean": 4413.089641434263,
            "dur_std": 865.5476719323414
        },
        "42": {
            "dur_mean": 4537.471057884231,
            "dur_std": 881.1712987045586
        },
        "43": {
            "dur_mean": 4852.383838383838,
            "dur_std": 797.0193068218457
        }
    },
    "modelling": {
        "XGBoost": {
            "time": 4.621488094329834,
            "r_2": 0.9696021019152045,
            "mse": 64101.41863473847,
            "rmse": 253.1825796431075,
            "mae": 173.87226522207408
        },
        "Benchmark": {
            "r_2": 0.885288696196161,
            "mse": 241896.8998038866,
            "rmse": 491.8301534105921,
            "mae": 345.98841148154753
        }
    },
    "features": [
        "weather_description_broken clouds",
        "weather_description_few clouds",
        "weather_description_fog",
        "weather_description_heavy intensity rain",
        "weather_description_light intensity drizzle",
        "weather_description_light intensity drizzle rain",
        "weather_description_light intensity shower rain",
        "weather_description_light rain",
        "weather_description_light shower snow",
        "weather_description_mist",
        "weather_description_moderate rain",
        "weather_description_overcast clouds",
        "weather_description_proximity shower rain",
        "weather_description_scattered clouds",
        "weather_description_sky is clear",
        "weekday_1",
        "weekday_2",
        "weekday_3",
        "weekday_4",
        "month_2",
        "month_3",
        "month_4",
        "month_5",
        "month_6",
        "month_7",
        "month_8",
        "month_9",
        "month_10",
        "month_11",
        "month_12",
        "hour_7",
        "hour_8",
        "hour_9",
        "hour_17",
        "hour_18",
        "holiday_1",
        "progr_number",
        "dur_s"
    ]
}