{
    "rows": {
        "start": 1127309,
        "route_filter": -206681,
        "nan_filter": -51240,
        "negative_dur": -7,
        "outliers": -7613,
        "end": 861768
    },
    "scr": 0.5182607335575193,
    "stats": {
        "1": {
            "dur_mean": 0.0,
            "dur_std": 0.0
        },
        "2": {
            "dur_mean": 57.16776918785367,
            "dur_std": 88.42075019310022
        },
        "3": {
            "dur_mean": 137.1853950267548,
            "dur_std": 118.5873472877808
        },
        "4": {
            "dur_mean": 224.7751651462724,
            "dur_std": 125.6150503433437
        },
        "5": {
            "dur_mean": 248.24235996543325,
            "dur_std": 129.38495702961455
        },
        "6": {
            "dur_mean": 308.2282437951618,
            "dur_std": 135.16299656070376
        },
        "7": {
            "dur_mean": 345.12188800753944,
            "dur_std": 138.94417825476967
        },
        "8": {
            "dur_mean": 372.8171468948732,
            "dur_std": 141.8625014238515
        },
        "9": {
            "dur_mean": 465.1189728286477,
            "dur_std": 153.75339934745517
        },
        "10": {
            "dur_mean": 510.3746021642266,
            "dur_std": 160.3579037861155
        },
        "11": {
            "dur_mean": 574.22489030714,
            "dur_std": 167.23802679429545
        },
        "12": {
            "dur_mean": 618.8833293432288,
            "dur_std": 168.3778508966835
        },
        "13": {
            "dur_mean": 671.566344849597,
            "dur_std": 174.24259883743002
        },
        "14": {
            "dur_mean": 737.0255305568853,
            "dur_std": 179.82885953315255
        },
        "15": {
            "dur_mean": 820.471789960897,
            "dur_std": 202.17929128434966
        },
        "16": {
            "dur_mean": 915.6783510049058,
            "dur_std": 226.36689885404598
        },
        "17": {
            "dur_mean": 982.9515113350126,
            "dur_std": 236.056796131442
        },
        "18": {
            "dur_mean": 1062.3620269100638,
            "dur_std": 252.45465149891638
        },
        "19": {
            "dur_mean": 1167.704906431829,
            "dur_std": 266.1830530837467
        },
        "20": {
            "dur_mean": 1228.34140969163,
            "dur_std": 269.6547127210477
        },
        "21": {
            "dur_mean": 1268.989143261742,
            "dur_std": 276.87623461040386
        },
        "22": {
            "dur_mean": 1335.6420530583327,
            "dur_std": 285.72387517745574
        },
        "23": {
            "dur_mean": 1423.6166020416238,
            "dur_std": 301.61935290777285
        },
        "24": {
            "dur_mean": 1516.377324155392,
            "dur_std": 309.6808631906652
        },
        "25": {
            "dur_mean": 1600.8150928486764,
            "dur_std": 321.09858485309934
        },
        "26": {
            "dur_mean": 1668.4069840769353,
            "dur_std": 336.124271243034
        },
        "27": {
            "dur_mean": 1734.7183831061382,
            "dur_std": 344.0066847790506
        },
        "28": {
            "dur_mean": 1777.0074062401513,
            "dur_std": 347.4707418206406
        },
        "29": {
            "dur_mean": 1813.3652406838414,
            "dur_std": 351.2229281866054
        },
        "30": {
            "dur_mean": 1876.4389379136464,
            "dur_std": 367.97784948702355
        },
        "31": {
            "dur_mean": 1948.6156087572847,
            "dur_std": 382.09467493648486
        },
        "32": {
            "dur_mean": 2018.0331813178173,
            "dur_std": 394.7592037798468
        },
        "33": {
            "dur_mean": 2080.9617198553688,
            "dur_std": 402.27425363814683
        },
        "34": {
            "dur_mean": 2127.9904118201825,
            "dur_std": 406.98454218415765
        },
        "35": {
            "dur_mean": 2175.439361785742,
            "dur_std": 411.0976485988582
        },
        "36": {
            "dur_mean": 2214.671671120893,
            "dur_std": 413.0427374132397
        },
        "37": {
            "dur_mean": 2252.836595142655,
            "dur_std": 417.1709265127092
        },
        "38": {
            "dur_mean": 2314.5620185505422,
            "dur_std": 427.2342528370289
        },
        "39": {
            "dur_mean": 2381.6224160968327,
            "dur_std": 438.33702960608986
        },
        "40": {
            "dur_mean": 2431.14022952366,
            "dur_std": 446.52814574301027
        },
        "41": {
            "dur_mean": 2501.8882598097034,
            "dur_std": 463.70380723177004
        },
        "42": {
            "dur_mean": 2584.0044042469526,
            "dur_std": 480.4018711686606
        },
        "43": {
            "dur_mean": 2650.9601888276948,
            "dur_std": 494.90840772489275
        },
        "44": {
            "dur_mean": 2695.4360346184108,
            "dur_std": 502.0171639942738
        },
        "45": {
            "dur_mean": 2750.2522820270697,
            "dur_std": 512.0890176252973
        },
        "46": {
            "dur_mean": 2838.7806106389676,
            "dur_std": 523.3295476124978
        },
        "47": {
            "dur_mean": 2905.778118609407,
            "dur_std": 532.8021010669244
        },
        "48": {
            "dur_mean": 2960.6634948096885,
            "dur_std": 542.447950143937
        },
        "49": {
            "dur_mean": 3021.46768359805,
            "dur_std": 552.840760829721
        },
        "50": {
            "dur_mean": 3081.594889937107,
            "dur_std": 563.9278710255973
        },
        "51": {
            "dur_mean": 3128.022327044025,
            "dur_std": 571.6191919814192
        },
        "52": {
            "dur_mean": 3171.274821161858,
            "dur_std": 581.2013513302821
        },
        "53": {
            "dur_mean": 3213.291273584906,
            "dur_std": 587.7591599315551
        },
        "54": {
            "dur_mean": 3256.873899371069,
            "dur_std": 599.9054359617336
        },
        "55": {
            "dur_mean": 3329.5455260261047,
            "dur_std": 615.4788768021263
        },
        "56": {
            "dur_mean": 3413.6976012583564,
            "dur_std": 629.7318932497163
        },
        "57": {
            "dur_mean": 3478.7036804026425,
            "dur_std": 638.2344211682417
        },
        "58": {
            "dur_mean": 3521.853255740799,
            "dur_std": 644.2196621011869
        },
        "59": {
            "dur_mean": 3554.387589573982,
            "dur_std": 651.5387586317327
        },
        "60": {
            "dur_mean": 3620.7688307595336,
            "dur_std": 676.5328263846964
        },
        "61": {
            "dur_mean": 3751.0976744186046,
            "dur_std": 708.2349063628362
        },
        "62": {
            "dur_mean": 3918.9184980237155,
            "dur_std": 735.3298116689693
        },
        "63": {
            "dur_mean": 4159.375395319418,
            "dur_std": 797.3376066164728
        },
        "64": {
            "dur_mean": 4358.239851524246,
            "dur_std": 819.239476879574
        },
        "65": {
            "dur_mean": 4452.524035046175,
            "dur_std": 833.5736295551509
        },
        "66": {
            "dur_mean": 4523.862398357938,
            "dur_std": 848.4715824030958
        },
        "67": {
            "dur_mean": 4585.697718481093,
            "dur_std": 863.5585408705687
        },
        "68": {
            "dur_mean": 4660.260022095959,
            "dur_std": 874.7045819094492
        },
        "69": {
            "dur_mean": 4696.110276442308,
            "dur_std": 830.7974680487218
        }
    },
    "modelling": {
        "XGBoost": {
            "time": 99.933176279068,