{
    "rows": {
        "start": 1139884,
        "route_filter": -209523,
        "nan_filter": -38981,
        "negative_dur": -1625,
        "outliers": -5460,
        "end": 884295
    },
    "scr": 0.941043450169601,
    "stats": {
        "1": {
            "dur_mean": 0.0,
            "dur_std": 0.0
        },
        "2": {
            "dur_mean": 95.2341839665217,
            "dur_std": 123.10659745797244
        },
        "3": {
            "dur_mean": 156.65226303706135,
            "dur_std": 131.74656122974235
        },
        "4": {
            "dur_mean": 210.0861279240962,
            "dur_std": 145.52564066368632
        },
        "5": {
            "dur_mean": 254.45239846367573,
            "dur_std": 153.7754684524994
        },
        "6": {
            "dur_mean": 348.7823418705507,
            "dur_std": 169.05889913636406
        },
        "7": {
            "dur_mean": 669.3818181818182,
            "dur_std": 275.5777629731714
        },
        "8": {
            "dur_mean": 794.4136378519974,
            "dur_std": 298.26732480047065
        },
        "9": {
            "dur_mean": 925.3780288146693,
            "dur_std": 316.0167337889311
        },
        "10": {
            "dur_mean": 1065.1091399607587,
            "dur_std": 336.00421415053637
        },
        "11": {
            "dur_mean": 1163.255550114267,
            "dur_std": 352.0324210541328
        },
        "12": {
            "dur_mean": 1204.4582959641255,
            "dur_std": 358.46897282472827
        },
        "13": {
            "dur_mean": 1246.663433322465,
            "dur_std": 365.68075741824896
        },
        "14": {
            "dur_mean": 1296.2109852497758,
            "dur_std": 370.95768510283375
        },
        "15": {
            "dur_mean": 1376.661233803276,
            "dur_std": 386.328036957294
        },
        "16": {
            "dur_mean": 1451.9176164115922,
            "dur_std": 405.5172052419939
        },
        "17": {
            "dur_mean": 1508.2753682154773,
            "dur_std": 415.94614669766247
        },
        "18": {
            "dur_mean": 1558.4410999023755,
            "dur_std": 425.47634801524663
        },
        "19": {
            "dur_mean": 1633.5844113579042,
            "dur_std": 441.46830045544056
        },
        "20": {
            "dur_mean": 1686.7365381486904,
            "dur_std": 452.60551875179
        },
        "21": {
            "dur_mean": 1727.8250081353726,
            "dur_std": 461.4730254667801
        },
        "22": {
            "dur_mean": 1815.9587503051014,
            "dur_std": 473.62859334439827
        },
        "23": {
            "dur_mean": 1864.6917005695689,
            "dur_std": 484.9097563383601
        },
        "24": {
            "dur_mean": 1949.5044780980297,
            "dur_std": 496.45811823238347
        },
        "25": {
            "dur_mean": 2015.7353851164305,
            "dur_std": 510.7878534691867
        },
        "26": {
            "dur_mean": 2049.200244299674,
            "dur_std": 520.2472246319982
        },
        "27": {
            "dur_mean": 2109.1330293902142,
            "dur_std": 534.394610403126
        },
        "28": {
            "dur_mean": 2170.141623207301,
            "dur_std": 545.3864303358641
        },
        "29": {
            "dur_mean": 2216.460221715031,
            "dur_std": 550.6024929185622
        },
        "30": {
            "dur_mean": 2238.3250468660854,
            "dur_std": 555.1774336722533
        },
        "31": {
            "dur_mean": 2284.6934800326,
            "dur_std": 566.0633367501225
        },
        "32": {
            "dur_mean": 2333.426522128943,
            "dur_std": 576.6630025732701
        },
        "33": {
            "dur_mean": 2386.657620211899,
            "dur_std": 587.4632659275717
        },
        "34": {
            "dur_mean": 2433.6459946214654,
            "dur_std": 597.7587582157929
        },
        "35": {
            "dur_mean": 2481.728577252344,
            "dur_std": 601.3811108567046
        },
        "36": {
            "dur_mean": 2517.547085201794,
            "dur_std": 605.2809233508012
        },
        "37": {
            "dur_mean": 2580.5506442668407,
            "dur_std": 611.285305183467
        },
        "38": {
            "dur_mean": 2621.984174891916,
            "dur_std": 617.0589403953574
        },
        "39": {
            "dur_mean": 2665.5557005382484,
            "dur_std": 622.1079287181814
        },
        "40": {
            "dur_mean": 2731.5445997874253,
            "dur_std": 634.0015891128459
        },
        "41": {
            "dur_mean": 2833.672655673148,
            "dur_std": 643.5907492359911
        },
        "42": {
            "dur_mean": 2881.0598998933287,
            "dur_std": 647.598801575349
        },
        "43": {
            "dur_mean": 2921.1989004677116,
            "dur_std": 652.8006800497386
        },
        "44": {
            "dur_mean": 2954.0455365933703,
            "dur_std": 657.1394396835367
        },
        "45": {
            "dur_mean": 2999.6263231312055,
            "dur_std": 662.6070520221057
        },
        "46": {
            "dur_mean": 3097.521714192068,
            "dur_std": 692.2705968795152
        },
        "47": {
            "dur_mean": 3125.1147070872594,
            "dur_std": 696.7571297239897
        },
        "48": {
            "dur_mean": 3155.3778469605113,
            "dur_std": 702.6697683759986
        },
        "49": {
            "dur_mean": 3259.0714227209437,
            "dur_std": 710.7723924134356
        },
        "50": {
            "dur_mean": 3350.3663871073836,
            "dur_std": 719.8440566864473
        },
        "51": {
            "dur_mean": 3412.7690536874125,
            "dur_std": 731.3982540593707
        },
        "52": {
            "dur_mean": 3468.2010360138133,
            "dur_std": 738.7030172142187
        },
        "53": {
            "dur_mean": 3519.670026220911,
            "dur_std": 748.8834494740418
        },
        "54": {
            "dur_mean": 3668.607096034087,
            "dur_std": 785.4571990087537
        },
        "55": {
            "dur_mean": 3724.8381701918347,
            "dur_std": 791.3898325486657
        },
        "56": {
            "dur_mean": 3810.400737100737,
            "dur_std": 800.9717699435403
        },
        "57": {
            "dur_mean": 3871.982483812054,
            "dur_std": 809.9297813197551
        },
        "58": {
            "dur_mean": 3971.953507679535,
            "dur_std": 821.5811757578834
        },
        "59": {
            "dur_mean": 4027.7233388704317,
            "dur_std": 829.4562255812396
        },
        "60": {
            "dur_mean": 4074.184400697732,
            "dur_std": 832.729318872938
        },
        "61": {
            "dur_mean": 4107.267879391976,
            "dur_std": 836.2125479866233
        },
        "62": {
            "dur_mean": 4138.8607142857145,
            "dur_std": 839.7456532434067
        },
        "63": {
            "dur_mean": 4170.352990033222,
            "dur_std": 845.1960863826872
        },
        "64": {
            "dur_mean": 4198.025496221244,
            "dur_std": 849.25241499987
        },
        "65": {
            "dur_mean": 4302.499014292755,
            "dur_std": 882.0549461782767
        },
        "66": {
            "dur_mean": 4376.416796907131,
            "dur_std": 887.0824091644857
        },
        "67": {
            "dur_mean": 4407.882357777047,
            "dur_std": 893.2291019754116
        },
        "68": {
            "dur_mean": 4488.285432423545,
            "dur_std": 901.2394365490072
        },
        "69": {
            "dur_mean": 4543.780144194911,
            "dur_std": 905.5010217689122
        },
        "70": {
            "dur_mean": 4589.668848384425,