{
    "rows": {
        "start": 706771,
        "route_filter": -180619,
        "nan_filter": -26046,
        "negative_dur": -90,
        "outliers": -2987,
        "end": 497029
    },
    "scr": 0.9830549503752118,
    "stats": {
        "1": {
            "dur_mean": 0.0,
            "dur_std": 0.0
        },
        "2": {
            "dur_mean": 293.66028942850136,
            "dur_std": 158.48236418401638
        },
        "3": {
            "dur_mean": 541.7756929114545,
            "dur_std": 205.29581100507497
        },
        "4": {
            "dur_mean": 854.7498464939212,
            "dur_std": 273.21736313098785
        },
        "5": {
            "dur_mean": 985.796896169479,
            "dur_std": 297.0835014095847
        },
        "6": {
            "dur_mean": 1017.0925516224189,
            "dur_std": 299.12026333423034
        },
        "7": {
            "dur_mean": 1088.1670951156811,
            "dur_std": 308.1361131316204
        },
        "8": {
            "dur_mean": 1125.1333903900231,
            "dur_std": 313.3772916312461
        },
        "9": {
            "dur_mean": 1233.934131736527,
            "dur_std": 325.9607647082494
        },
        "10": {
            "dur_mean": 1257.9679980456822,
            "dur_std": 330.077911646016
        },
        "11": {
            "dur_mean": 1329.5934065934066,
            "dur_std": 341.35059950101027
        },
        "12": {
            "dur_mean": 1385.8921293471628,
            "dur_std": 350.90749407415876
        },
        "13": {
            "dur_mean": 1467.0447179237237,
            "dur_std": 364.42441480415715
        },
        "14": {
            "dur_mean": 1520.6581384015594,
            "dur_std": 364.7870363789262
        },
        "15": {
            "dur_mean": 1586.1372883420636,
            "dur_std": 377.06727555807373
        },
        "16": {
            "dur_mean": 1626.4200073108323,
            "dur_std": 385.06796568373215
        },
        "17": {
            "dur_mean": 1666.3515291824053,
            "dur_std": 398.34409208685486
        },
        "18": {
            "dur_mean": 1729.5693581780538,
            "dur_std": 416.20625409780183
        },
        "19": {
            "dur_mean": 1830.558587088916,
            "dur_std": 438.101753410977
        },
        "20": {
            "dur_mean": 1868.8860589812332,
            "dur_std": 442.3085274454501
        },
        "21": {
            "dur_mean": 1931.112152946907,
            "dur_std": 452.3634568330656
        },
        "22": {
            "dur_mean": 1984.5300838701835,
            "dur_std": 460.9149809430154
        },
        "23": {
            "dur_mean": 2019.4018226002431,
            "dur_std": 467.3524846396486
        },
        "24": {
            "dur_mean": 2080.823936816525,
            "dur_std": 476.2957921289697
        },
        "25": {
            "dur_mean": 2112.3812591152164,
            "dur_std": 479.3985627943171
        },
        "26": {
            "dur_mean": 2162.484392080651,
            "dur_std": 484.81616247805647
        },
        "27": {
            "dur_mean": 2236.9749787440787,
            "dur_std": 492.73223434990194
        },
        "28": {
            "dur_mean": 2325.1597374179432,
            "dur_std": 506.0213431957281
        },
        "29": {
            "dur_mean": 2425.686231619881,
            "dur_std": 521.0831336871112
        },
        "30": {
            "dur_mean": 2553.7457709626383,
            "dur_std": 541.8013548526777
        },
        "31": {
            "dur_mean": 2578.5298552839595,
            "dur_std": 547.1442933052381
        },
        "32": {
            "dur_mean": 2637.639095000608,
            "dur_std": 556.5567688984429
        },
        "33": {
            "dur_mean": 2668.419523462193,
            "dur_std": 561.1396847509315
        },
        "34": {
            "dur_mean": 2713.6058837831265,
            "dur_std": 569.4439314247729
        },
        "35": {
            "dur_mean": 2769.5754923413565,
            "dur_std": 571.9973498375549
        },
        "36": {
            "dur_mean": 2898.134524243529,
            "dur_std": 586.8603123927771
        },
        "37": {
            "dur_mean": 2969.123146122052,
            "dur_std": 596.6505735353467
        },
        "38": {
            "dur_mean": 3155.1252127400926,
            "dur_std": 631.8705889812878
        },
        "39": {
            "dur_mean": 3264.776736829298,
            "dur_std": 643.7561679783602
        },
        "40": {
            "dur_mean": 3333.835361401801,
            "dur_std": 654.509101230102
        },
        "41": {
            "dur_mean": 3410.571967392627,
            "dur_std": 664.5266681240136
        },
        "42": {
            "dur_mean": 3450.8708931613533,
            "dur_std": 668.1847438355394
        },
        "43": {
            "dur_mean": 3545.112008813808,
            "dur_std": 678.4136796805185
        },
        "44": {
            "dur_mean": 3577.244957829116,
            "dur_std": 683.7826646010151
        },
        "45": {
            "dur_mean": 3625.6919691969197,
            "dur_std": 691.722769396817
        },
        "46": {
            "dur_mean": 3655.7629004646615,
            "dur_std": 696.0808681019093
        },
        "47": {
            "dur_mean": 3689.9364069952303,
            "dur_std": 700.6061066669881
        },
        "48": {
            "dur_mean": 3718.5150403521643,
            "dur_std": 706.8241089405351
        },
        "49": {
            "dur_mean": 3752.7933904528763,
            "dur_std": 710.2963660055333
        },
        "50": {
            "dur_mean": 3783.223078805678,
            "dur_std": 714.2195422712481
        },
        "51": {
            "dur_mean": 3880.143556480235,
            "dur_std": 723.5802199572429
        },
        "52": {
            "dur_mean": 3933.282917278512,
            "dur_std": 731.9460189479031
        },
        "53": {
            "dur_mean": 4037.7871559633027,
            "dur_std": 743.7563029488168
        },
        "54": {
            "dur_mean": 4075.5473105134474,
            "dur_std": 748.6458341546055
        },
        "55": {
            "dur_mean": 4109.880699181029,
            "dur_std": 752.0942083509302
        },
        "56": {
            "dur_mean": 4144.218012953685,
            "dur_std": 757.9742169749179
        },
        "57": {
            "dur_mean": 4188.100818770622,
            "dur_std": 765.7644325751104
        },
        "58": {
            "dur_mean": 4284.03225018324,
            "dur_std": 778.6441968423261
        },
        "59": {
            "dur_mean": 4356.473009281876,
            "dur_std": 790.8258215521267
        },
        "60": {
            "dur_mean": 4400.635597361349,
            "dur_std": 795.1806754800601
        },
        "61": {
            "dur_mean": 4487.48751076658,
            "dur_std": 797.1334594739699
        }
    },
    "modelling": {
        "XGBoost": {
            "time": 60.97639799118042,
            "r_2": 0.9405605513373441,
            "mse": 100186.13835924395,
            "rmse": 316.52193977549797,
            "mae": 235.04599561701397
        },
        "Benchmark": {
            "r_2": 0.8751691610324206,
            "mse": 210404.36924785527,
            "rmse": 458.6985603289542,
            "mae": 336.10133753963527
        }
    },