{
    "rows": {
        "start": 733182,
        "route_filter": -335115,
        "nan_filter": -18389,
        "negative_dur": -99,
        "outliers": -1428,
        "end": 378151
    },
    "scr": 0.87571189279732,
    "stats": {
        "1": {
            "dur_mean": 0.0,
            "dur_std": 0.0
        },
        "2": {
            "dur_mean": 90.05731092436974,
            "dur_std": 81.00243885951362
        },
        "3": {
            "dur_mean": 205.4040336134454,
            "dur_std": 98.55411823670401
        },
        "4": {
            "dur_mean": 297.29390982503367,
            "dur_std": 103.98865728824997
        },
        "5": {
            "dur_mean": 345.23463028465557,
            "dur_std": 105.7685661348045
        },
        "6": {
            "dur_mean": 382.2424191374663,
            "dur_std": 108.24272870069875
        },
        "7": {
            "dur_mean": 431.6697000337041,
            "dur_std": 112.36700707859995
        },
        "8": {
            "dur_mean": 478.50016835016834,
            "dur_std": 119.10436447904773
        },
        "9": {
            "dur_mean": 523.7427609427609,
            "dur_std": 123.2560534525554
        },
        "10": {
            "dur_mean": 564.4530907865926,
            "dur_std": 128.30823918551823
        },
        "11": {
            "dur_mean": 668.4144204851752,
            "dur_std": 135.85526177733215
        },
        "12": {
            "dur_mean": 698.2602324406266,
            "dur_std": 137.92266265117428
        },
        "13": {
            "dur_mean": 727.8008088978767,
            "dur_std": 141.1764089785104
        },
        "14": {
            "dur_mean": 772.9651162790698,
            "dur_std": 145.5185418092596
        },
        "15": {
            "dur_mean": 797.7528677462888,
            "dur_std": 147.36459925672864
        },
        "16": {
            "dur_mean": 914.7556080283352,
            "dur_std": 165.92498308822
        },
        "17": {
            "dur_mean": 963.0065778377467,
            "dur_std": 171.2671264441879
        },
        "18": {
            "dur_mean": 1043.8449206884914,
            "dur_std": 177.7982910988071
        },
        "19": {
            "dur_mean": 1064.0668016194331,
            "dur_std": 180.52938366898223
        },
        "20": {
            "dur_mean": 1129.7848592142977,
            "dur_std": 191.3405999977009
        },
        "21": {
            "dur_mean": 1264.0735368527576,
            "dur_std": 222.68494941661913
        },
        "22": {
            "dur_mean": 1307.0013495276653,
            "dur_std": 228.7689371141961
        },
        "23": {
            "dur_mean": 1418.089376053963,
            "dur_std": 262.3774621444675
        },
        "24": {
            "dur_mean": 1519.948843491474,
            "dur_std": 274.4161748103866
        },
        "25": {
            "dur_mean": 1614.952043228639,
            "dur_std": 284.76105960512587
        },
        "26": {
            "dur_mean": 1649.830153638359,
            "dur_std": 288.05724292235226
        },
        "27": {
            "dur_mean": 1742.4220834036805,
            "dur_std": 302.07879755292055
        },
        "28": {
            "dur_mean": 1793.1263940520446,
            "dur_std": 309.8125389184973
        },
        "29": {
            "dur_mean": 1830.6633462772245,
            "dur_std": 314.9665417847577
        },
        "30": {
            "dur_mean": 1872.4021316190153,
            "dur_std": 321.64930118029196
        },
        "31": {
            "dur_mean": 1900.120590230665,
            "dur_std": 325.2130850385577
        },
        "32": {
            "dur_mean": 2029.104391891892,
            "dur_std": 339.329754753185
        },
        "33": {
            "dur_mean": 2054.667511832319,
            "dur_std": 341.28681527160904
        },
        "34": {
            "dur_mean": 2117.030610519195,
            "dur_std": 348.05371026117854
        },
        "35": {
            "dur_mean": 2218.9066598535173,
            "dur_std": 363.50393562929924
        },
        "36": {
            "dur_mean": 2352.516825288919,
            "dur_std": 380.8691165290231
        },
        "37": {
            "dur_mean": 2402.0431642304384,
            "dur_std": 385.5859296505005
        },
        "38": {
            "dur_mean": 2459.2576592082614,
            "dur_std": 385.2854864341984
        },
        "39": {
            "dur_mean": 2479.003963467172,
            "dur_std": 385.36129940228153
        },
        "40": {
            "dur_mean": 2506.6598862265128,
            "dur_std": 387.8779135944722
        },
        "41": {
            "dur_mean": 2550.602449120386,
            "dur_std": 393.83335938415973
        },
        "42": {
            "dur_mean": 2582.0833189580817,
            "dur_std": 396.8204115894153
        },
        "43": {
            "dur_mean": 2638.558316080055,
            "dur_std": 400.95186857366286
        },
        "44": {
            "dur_mean": 2693.0876707591215,
            "dur_std": 405.5121944397184
        },
        "45": {
            "dur_mean": 2721.457806272743,
            "dur_std": 407.4620426497623
        },
        "46": {
            "dur_mean": 2788.6378772112384,
            "dur_std": 414.25208289782853
        },
        "47": {
            "dur_mean": 2848.069186752211,
            "dur_std": 421.696940928717
        },
        "48": {
            "dur_mean": 2904.9991329980926,
            "dur_std": 428.9863418302215
        },
        "49": {
            "dur_mean": 2928.2904737116087,
            "dur_std": 431.36177975189185
        },
        "50": {
            "dur_mean": 2969.0686002084058,
            "dur_std": 435.9088082693304
        },
        "51": {
            "dur_mean": 3016.157958687728,
            "dur_std": 440.63571938450355
        },
        "52": {
            "dur_mean": 3123.942802503477,
            "dur_std": 454.9183704049297
        },
        "53": {
            "dur_mean": 3232.885400313972,
            "dur_std": 464.67904449660614
        },
        "54": {
            "dur_mean": 3301.8186736474695,
            "dur_std": 470.76843785557395
        },
        "55": {
            "dur_mean": 3336.8408376963353,
            "dur_std": 476.1159191299324
        },
        "56": {
            "dur_mean": 3395.3655726256984,
            "dur_std": 482.2084697435961
        },
        "57": {
            "dur_mean": 3468.126113537118,
            "dur_std": 492.97314053218776
        },
        "58": {
            "dur_mean": 3502.728241873471,
            "dur_std": 501.23297102805026
        },
        "59": {
            "dur_mean": 3589.410927617709,
            "dur_std": 520.3021417607661
        },
        "60": {
            "dur_mean": 3690.663108155408,
            "dur_std": 534.3727631914065
        },
        "61": {
            "dur_mean": 3807.0741584852735,
            "dur_std": 549.7175624786337
        },
        "62": {
            "dur_mean": 3877.627121609799,
            "dur_std": 554.0662504970171
        },
        "63": {
            "dur_mean": 4308.7876748716135,
            "dur_std": 621.5052018928233
        },
        "64": {
            "dur_mean": 4460.402204836415,
            "dur_std": 641.144045466884
        },
        "65": {
            "dur_mean": 4843.622154199349,
            "dur_std": 675.3877995810356
        }
    },
    "modelling": {
        "XGBoost": {
            "time": 44.82423233985901,
            "r_2": 0.9670406449290958,
            "mse": 51812.440058774184,
            "rmse": 227.62346113433514,
            "mae": 160.44225193009618
        },
        "Benchmark": {
            "r_2": 0.9323806826223795,
            "mse": 106298.25191986292,
            "rmse": 326.03412692517776,
            "mae": 229.8896739935264
        }
    },