{
    "rows": {
        "start": 49922,
        "route_filter": 0,
        "nan_filter": -933,
        "negative_dur": 0,
        "outliers": -532,
        "end": 48457
    },
    "scr": 0.9807073954983923,
    "stats": {
        "1": {
            "dur_mean": 0.0,
            "dur_std": 0.0
        },
        "2": {
            "dur_mean": 319.54211663066957,
            "dur_std": 86.68881817884444
        },
        "3": {
            "dur_mean": 630.729817007535,
            "dur_std": 213.1370299063858
        },
        "4": {
            "dur_mean": 966.0527448869752,
            "dur_std": 247.42792928268415
        },
        "5": {
            "dur_mean": 1116.0693391115926,
            "dur_std": 250.64983993303588
        },
        "6": {
            "dur_mean": 1254.5788336933044,
            "dur_std": 258.977886450604
        },
        "7": {
            "dur_mean": 1334.4313513513514,
            "dur_std": 261.2751963673709
        },
        "8": {
            "dur_mean": 1442.3520518358532,
            "dur_std": 267.56945091069383
        },
        "9": {
            "dur_mean": 1541.4859913793102,
            "dur_std": 275.68837021798686
        },
        "10": {
            "dur_mean": 1626.4040948275863,
            "dur_std": 281.6293276115194
        },
        "11": {
            "dur_mean": 1704.282327586207,
            "dur_std": 284.9372951518821
        },
        "12": {
            "dur_mean": 1789.842672413793,
            "dur_std": 288.82786411958193
        },
        "13": {
            "dur_mean": 1868.1271551724137,
            "dur_std": 291.2179775687142
        },
        "14": {
            "dur_mean": 1918.0592672413793,
            "dur_std": 293.8680396824733
        },
        "15": {
            "dur_mean": 1984.4234913793102,
            "dur_std": 295.9207169687021
        },
        "16": {
            "dur_mean": 2062.362068965517,
            "dur_std": 298.9877354673606
        },
        "17": {
            "dur_mean": 2092.104525862069,
            "dur_std": 300.3321118563125
        },
        "18": {
            "dur_mean": 2127.4655172413795,
            "dur_std": 303.2120012264655
        },
        "19": {
            "dur_mean": 2192.685344827586,
            "dur_std": 304.94441837213714
        },
        "20": {
            "dur_mean": 2289.0269396551726,
            "dur_std": 307.6870710406177
        },
        "21": {
            "dur_mean": 2350.478448275862,
            "dur_std": 310.97884846917844
        },
        "22": {
            "dur_mean": 2409.206040992449,
            "dur_std": 313.20947393701056
        },
        "23": {
            "dur_mean": 2502.9600862998923,
            "dur_std": 317.6427410349151
        },
        "24": {
            "dur_mean": 2584.0183387270768,
            "dur_std": 322.4427631634172
        },
        "25": {
            "dur_mean": 2643.7259978425027,
            "dur_std": 326.3439042608584
        },
        "26": {
            "dur_mean": 2765.94498381877,
            "dur_std": 332.54194135219717
        },
        "27": {
            "dur_mean": 2846.507011866235,
            "dur_std": 335.34262757148457
        },
        "28": {
            "dur_mean": 2985.732181425486,
            "dur_std": 339.69011248488346
        },
        "29": {
            "dur_mean": 3081.2257019438443,
            "dur_std": 343.28362842422507
        },
        "30": {
            "dur_mean": 3179.2958963282936,
            "dur_std": 347.42792202032075
        },
        "31": {
            "dur_mean": 3264.8844492440603,
            "dur_std": 351.00852170462156
        },
        "32": {
            "dur_mean": 3302.4092872570195,
            "dur_std": 354.6546334951788
        },
        "33": {
            "dur_mean": 3393.0669546436284,
            "dur_std": 368.46131462759286
        },
        "34": {
            "dur_mean": 3531.89707475623,
            "dur_std": 366.3167394525501
        },
        "35": {
            "dur_mean": 3607.326464208243,
            "dur_std": 369.0884135819908
        },
        "36": {
            "dur_mean": 3637.0780911062907,
            "dur_std": 371.2763272267725
        },
        "37": {
            "dur_mean": 3692.432754880694,
            "dur_std": 372.72574695594653
        },
        "38": {
            "dur_mean": 3756.7396963123642,
            "dur_std": 374.4939191351178
        },
        "39": {
            "dur_mean": 3809.894793926247,
            "dur_std": 376.2220980957392
        },
        "40": {
            "dur_mean": 3919.4577006507593,
            "dur_std": 380.3965598236291
        },
        "41": {
            "dur_mean": 3963.9934924078093,
            "dur_std": 382.6062716846332
        },
        "42": {
            "dur_mean": 4002.238611713666,
            "dur_std": 384.1371699922091
        },
        "43": {
            "dur_mean": 4037.0889370932755,
            "dur_std": 385.5865235051006
        },
        "44": {
            "dur_mean": 4078.385032537961,
            "dur_std": 387.80180123302137
        },
        "45": {
            "dur_mean": 4173.4234527687295,
            "dur_std": 392.7917039179429
        },
        "46": {
            "dur_mean": 4338.887677208288,
            "dur_std": 400.272553746171
        },
        "47": {
            "dur_mean": 4367.579234972678,
            "dur_std": 400.5665312502265
        },
        "48": {
            "dur_mean": 4391.52131147541,
            "dur_std": 401.45743557189076
        },
        "49": {
            "dur_mean": 4459.648087431694,
            "dur_std": 406.6247614090628
        },
        "50": {
            "dur_mean": 4496.373362445415,
            "dur_std": 408.25126238019214
        },
        "51": {
            "dur_mean": 4558.649563318777,
            "dur_std": 412.32658353075885
        },
        "52": {
            "dur_mean": 4588.028415300547,
            "dur_std": 412.49472811590715
        },
        "53": {
            "dur_mean": 4647.267175572519,
            "dur_std": 472.1356194655363
        }
    },
    "modelling": {
        "XGBoost": {
            "time": 10.308255910873413,
            "r_2": 0.9962811024580777,
            "mse": 6033.65601934827,
            "rmse": 77.6766117911194,
            "mae": 55.64018798769873
        },
        "Benchmark": {
            "r_2": 0.8953878889236705,
            "mse": 169725.97028477094,
            "rmse": 411.97811869657704,
            "mae": 313.32744531572433
        }
    },
    "features": [
        "weather_description_few clouds",
        "weather_description_fog",
        "weather_description_light intensity drizzle",
        "weather_description_light intensity drizzle rain",
        "weather_description_light intensity shower rain",
        "weather_description_light rain",
        "weather_description_light shower snow",
        "weather_description_mist",
        "weather_description_moderate rain",
        "weather_description_overcast clouds",
        "weather_description_proximity shower rain",
        "weather_description_scattered clouds",
        "weather_description_sky is clear",
        "weekday_1",
        "weekday_2",
        "weekday_3",
        "weekday_4",
        "month_2",
        "month_3",
        "month_4",
        "month_5",
        "month_6",
        "month_7",
        "month_8",
        "month_9",
        "month_10",
        "month_11",
        "month_12",
        "hour_18",
        "holiday_1",
        "progr_number",
        "arr_p",
        "arr_a",
        "dep_p",
        "dep_a",
        "dur_s"
    ]
}