{
    "rows": {
        "start": 12120,
        "route_filter": 0,
        "nan_filter": -423,
        "negative_dur": 0,
        "outliers": -113,
        "end": 11584
    },
    "scr": 0.9659574468085106,
    "stats": {
        "1": {
            "dur_mean": 0.0,
            "dur_std": 0.0
        },
        "2": {
            "dur_mean": 255.6824034334764,
            "dur_std": 76.60727484851455
        },
        "3": {
            "dur_mean": 317.5276595744681,
            "dur_std": 84.6839415602168
        },
        "4": {
            "dur_mean": 631.2510638297872,
            "dur_std": 192.0878559146545
        },
        "5": {
            "dur_mean": 965.8638297872341,
            "dur_std": 232.67929987884108
        },
        "6": {
            "dur_mean": 1103.549356223176,
            "dur_std": 231.38382132072311
        },
        "7": {
            "dur_mean": 1234.787234042553,
            "dur_std": 237.16809792621925
        },
        "8": {
            "dur_mean": 1307.7094017094016,
            "dur_std": 238.57087230620849
        },
        "9": {
            "dur_mean": 1404.4978723404256,
            "dur_std": 240.66173683543943
        },
        "10": {
            "dur_mean": 1503.6,
            "dur_std": 245.6127206538956
        },
        "11": {
            "dur_mean": 1591.6765957446808,
            "dur_std": 249.79026605134663
        },
        "12": {
            "dur_mean": 1675.2212765957447,
            "dur_std": 252.3288155746456
        },
        "13": {
            "dur_mean": 1760.4425531914894,
            "dur_std": 258.015867583909
        },
        "14": {
            "dur_mean": 1835.5021276595744,
            "dur_std": 259.92104939487035
        },
        "15": {
            "dur_mean": 1884.063829787234,
            "dur_std": 262.94245610891045
        },
        "16": {
            "dur_mean": 1949.8595744680852,
            "dur_std": 263.2370674898823
        },
        "17": {
            "dur_mean": 2017.3021276595746,
            "dur_std": 265.4442941297703
        },
        "18": {
            "dur_mean": 2045.468085106383,
            "dur_std": 267.0041975296536
        },
        "19": {
            "dur_mean": 2077.987234042553,
            "dur_std": 269.865485340779
        },
        "20": {
            "dur_mean": 2139.777777777778,
            "dur_std": 271.53344899782473
        },
        "21": {
            "dur_mean": 2231.9063829787233,
            "dur_std": 275.6563258875416
        },
        "22": {
            "dur_mean": 2289.3489361702127,
            "dur_std": 278.74469361576894
        },
        "23": {
            "dur_mean": 2343.0340425531913,
            "dur_std": 280.4311373007212
        },
        "24": {
            "dur_mean": 2430.2212765957447,
            "dur_std": 284.2236125633025
        },
        "25": {
            "dur_mean": 2507.863829787234,
            "dur_std": 289.02557810207014
        },
        "26": {
            "dur_mean": 2565.608510638298,
            "dur_std": 294.69342307298473
        },
        "27": {
            "dur_mean": 2679.1531914893617,
            "dur_std": 295.4689484683655
        },
        "28": {
            "dur_mean": 2757.851063829787,
            "dur_std": 297.04865775433115
        },
        "29": {
            "dur_mean": 2892.727659574468,
            "dur_std": 297.3140485453853
        },
        "30": {
            "dur_mean": 2983.5384615384614,
            "dur_std": 303.01149536860805
        },
        "31": {
            "dur_mean": 3075.08085106383,
            "dur_std": 306.51672382135786
        },
        "32": {
            "dur_mean": 3154.1744680851066,
            "dur_std": 308.1783522268119
        },
        "33": {
            "dur_mean": 3183.9106382978725,
            "dur_std": 312.19450108910405
        },
        "34": {
            "dur_mean": 3266.527659574468,
            "dur_std": 324.99050985626604
        },
        "35": {
            "dur_mean": 3344.803418803419,
            "dur_std": 330.9849455056102
        },
        "36": {
            "dur_mean": 3373.2863247863247,
            "dur_std": 332.93867648781253
        },
        "37": {
            "dur_mean": 3433.982905982906,
            "dur_std": 331.70733992963267
        },
        "38": {
            "dur_mean": 3683.2820512820513,
            "dur_std": 343.3788644764915
        },
        "39": {
            "dur_mean": 3710.24358974359,
            "dur_std": 344.98742351515506
        },
        "40": {
            "dur_mean": 3769.3760683760684,
            "dur_std": 348.71833331693784
        },
        "41": {
            "dur_mean": 3865.6837606837607,
            "dur_std": 354.91192523043674
        },
        "42": {
            "dur_mean": 3893.405982905983,
            "dur_std": 355.65244663388614
        },
        "43": {
            "dur_mean": 3932.675213675214,
            "dur_std": 356.57803362113174
        },
        "44": {
            "dur_mean": 3978.3862660944205,
            "dur_std": 349.7204624832987
        },
        "45": {
            "dur_mean": 4018.785407725322,
            "dur_std": 352.6945248931375
        },
        "46": {
            "dur_mean": 4048.708154506438,
            "dur_std": 353.61257629537425
        },
        "47": {
            "dur_mean": 4091.7324561403507,
            "dur_std": 352.2524917907543
        },
        "48": {
            "dur_mean": 4117.044052863436,
            "dur_std": 353.72949491508643
        },
        "49": {
            "dur_mean": 4135.325991189427,
            "dur_std": 354.5046268071316
        },
        "50": {
            "dur_mean": 4165.1541850220265,
            "dur_std": 354.43051420006844
        }
    },
    "modelling": {
        "XGBoost": {
            "time": 1.5359976291656494,
            "r_2": 0.9972736091728747,
            "mse": 3970.7942156548834,
            "rmse": 63.014238197846076,
            "mae": 40.30445525581172
        },
        "Benchmark": {
            "r_2": 0.900748038355081,
            "mse": 144553.41885359117,
            "rmse": 380.2018133223343,
            "mae": 289.8939917127072
        }
    },
    "features": [
        "weather_description_few clouds",
        "weather_description_fog",
        "weather_description_light intensity drizzle",
        "weather_description_light intensity drizzle rain",
        "weather_description_light intensity shower rain",
        "weather_description_light rain",
        "weather_description_light shower snow",
        "weather_description_mist",
        "weather_description_moderate rain",
        "weather_description_overcast clouds",
        "weather_description_proximity shower rain",
        "weather_description_scattered clouds",
        "weather_description_sky is clear",
        "weekday_1",
        "weekday_2",
        "weekday_3",
        "weekday_4",
        "month_2",
        "month_3",
        "month_4",
        "month_5",
        "month_6",
        "month_7",
        "month_8",
        "month_9",
        "month_10",
        "month_11",
        "month_12",
        "hour_18",
        "holiday_1",
        "progr_number",
        "arr_p",
        "arr_a",
        "dep_p",
        "dep_a",
        "dur_s"
    ]
}