{
    "rows": {
        "start": 1089368,
        "route_filter": -109314,
        "nan_filter": -75780,
        "negative_dur": -1188,
        "outliers": -12119,
        "end": 890967
    },
    "scr": 0.015528860240257838,
    "stats": {
        "1": {
            "dur_mean": 0.0,
            "dur_std": 0.0
        },
        "3": {
            "dur_mean": 366.462477531456,
            "dur_std": 194.766187171789
        },
        "4": {
            "dur_mean": 443.67003367003366,
            "dur_std": 198.12605901933287
        },
        "5": {
            "dur_mean": 466.2935594739988,
            "dur_std": 199.64256852526177
        },
        "6": {
            "dur_mean": 507.9462044231919,
            "dur_std": 201.5295248557051
        },
        "7": {
            "dur_mean": 551.064725643897,
            "dur_std": 205.51855385950867
        },
        "8": {
            "dur_mean": 623.4804302360322,
            "dur_std": 210.86866014968928
        },
        "9": {
            "dur_mean": 663.9334826427771,
            "dur_std": 213.99460341130526
        },
        "10": {
            "dur_mean": 757.0190816935003,
            "dur_std": 235.35154301012898
        },
        "11": {
            "dur_mean": 824.4572662298988,
            "dur_std": 240.37333554613943
        },
        "12": {
            "dur_mean": 887.5868562072045,
            "dur_std": 244.45611605917102
        },
        "13": {
            "dur_mean": 968.9749349200446,
            "dur_std": 252.84137836161688
        },
        "14": {
            "dur_mean": 1036.8820775746767,
            "dur_std": 265.3959243194807
        },
        "15": {
            "dur_mean": 1059.6366270430906,
            "dur_std": 269.11463672411173
        },
        "16": {
            "dur_mean": 1106.7331153874732,
            "dur_std": 274.5106449134328
        },
        "17": {
            "dur_mean": 1161.265750371471,
            "dur_std": 278.5179844429096
        },
        "18": {
            "dur_mean": 1195.7542895342792,
            "dur_std": 282.00477531222657
        },
        "19": {
            "dur_mean": 1285.9556199821589,
            "dur_std": 298.1287481358192
        },
        "20": {
            "dur_mean": 1320.214848394768,
            "dur_std": 303.90008160031346
        },
        "21": {
            "dur_mean": 1382.3288740245262,
            "dur_std": 313.83311891806125
        },
        "22": {
            "dur_mean": 1451.8055142687276,
            "dur_std": 319.99514117813936
        },
        "23": {
            "dur_mean": 1490.5085010023015,
            "dur_std": 326.9632643899255
        },
        "24": {
            "dur_mean": 1572.7102491842184,
            "dur_std": 348.2601522505777
        },
        "25": {
            "dur_mean": 1636.400340841731,
            "dur_std": 358.90810844064424
        },
        "26": {
            "dur_mean": 1703.0403022670025,
            "dur_std": 369.0036389594998
        },
        "27": {
            "dur_mean": 1814.364564831261,
            "dur_std": 417.4665175243582
        },
        "28": {
            "dur_mean": 1856.686797752809,
            "dur_std": 432.6429635474908
        },
        "29": {
            "dur_mean": 1938.727994705493,
            "dur_std": 451.1964067284393
        },
        "30": {
            "dur_mean": 2023.369116675233,
            "dur_std": 463.3432844288621
        },
        "31": {
            "dur_mean": 2124.0425938165527,
            "dur_std": 478.3461628415742
        },
        "32": {
            "dur_mean": 2170.5602321140004,
            "dur_std": 483.6068676589504
        },
        "33": {
            "dur_mean": 2221.976699742742,
            "dur_std": 494.48179029177135
        },
        "34": {
            "dur_mean": 2310.5704920447847,
            "dur_std": 505.6908255935019
        },
        "35": {
            "dur_mean": 2428.9571491680167,
            "dur_std": 530.4369517405427
        },
        "36": {
            "dur_mean": 2571.3297002724794,
            "dur_std": 561.1279645899488
        },
        "37": {
            "dur_mean": 2646.909499263623,
            "dur_std": 578.6672653134972
        },
        "38": {
            "dur_mean": 2816.0692653452215,
            "dur_std": 600.6574325533185
        },
        "39": {
            "dur_mean": 3059.335307618272,
            "dur_std": 652.6623837828262
        },
        "40": {
            "dur_mean": 3246.9972588531637,
            "dur_std": 687.9546210045424
        },
        "41": {
            "dur_mean": 3385.355702209699,
            "dur_std": 696.6423796816018
        },
        "42": {
            "dur_mean": 3454.446339835348,
            "dur_std": 705.545620707258
        },
        "43": {
            "dur_mean": 3512.9290801186944,
            "dur_std": 715.0143904975881
        },
        "44": {
            "dur_mean": 3654.726375176305,
            "dur_std": 738.8758299019404
        },
        "45": {
            "dur_mean": 3796.004672897196,
            "dur_std": 755.5484200770351
        },
        "46": {
            "dur_mean": 3855.7307036405427,
            "dur_std": 762.0129459448835
        },
        "47": {
            "dur_mean": 3897.796396529992,
            "dur_std": 773.7573638885741
        },
        "48": {
            "dur_mean": 3928.021278173191,
            "dur_std": 780.3094849691698
        },
        "49": {
            "dur_mean": 3977.283225854273,
            "dur_std": 789.961971234437
        },
        "50": {
            "dur_mean": 4036.9543365455893,
            "dur_std": 796.6945503322605
        },
        "51": {
            "dur_mean": 4104.640696812454,
            "dur_std": 804.2799194648771
        },
        "52": {
            "dur_mean": 4175.499666295885,
            "dur_std": 808.9197786798144
        },
        "53": {
            "dur_mean": 4232.912111547875,
            "dur_std": 812.7192144272218
        },
        "54": {
            "dur_mean": 4290.289497107254,
            "dur_std": 820.7473164670009
        },
        "55": {
            "dur_mean": 4383.6274393410995,
            "dur_std": 837.0919619926221
        },
        "56": {
            "dur_mean": 4424.755918367347,
            "dur_std": 840.8829001825828
        },
        "57": {
            "dur_mean": 4473.389119786255,
            "dur_std": 848.2986065384285
        },
        "58": {
            "dur_mean": 4551.303198990574,
            "dur_std": 863.3614355592525
        },
        "59": {
            "dur_mean": 4588.062291187171,
            "dur_std": 868.602713357177
        },
        "60": {
            "dur_mean": 4639.077568912995,
            "dur_std": 874.9312291518319
        },
        "61": {
            "dur_mean": 4687.053292701055,
            "dur_std": 880.6387973251474
        },
        "62": {
            "dur_mean": 4715.1588882282995,
            "dur_std": 884.3763676122339
        },
        "63": {
            "dur_mean": 4787.419362034352,
            "dur_std": 889.5914986182687
        },
        "64": {
            "dur_mean": 4811.993975007438,
            "dur_std": 892.6521219347513
        },
        "65": {
            "dur_mean": 4852.85625374925,
            "dur_std": 893.7818931645561
        },
        "66": {
            "dur_mean": 4886.234795014267,
            "dur_std": 897.3119782288013
        },
        "67": {
            "dur_mean": 4916.867944381811,
            "dur_std": 900.7939062453382
        },
        "68": {
            "dur_mean": 4989.344010727056,
            "dur_std": 911.0861848138827
        },
        "2": {
            "dur_mean": 433.17277486910996,
            "dur_std": 414.92805526303584
        }
    },
    "modelling": {
        "XGBoost": {
            "time": 306.2009160518646,
            "r_2": 0.9582893125875726,
            "mse": 112805.60977782917,
            "rmse": 335.86546380631216,