{
    "rows": {
        "start": 79976,
        "route_filter": -25566,
        "nan_filter": -616,
        "negative_dur": -17,
        "outliers": -322,
        "end": 53455
    },
    "scr": 0.045572916666666664,
    "stats": {
        "1": {
            "dur_mean": 0.0,
            "dur_std": 0.0
        },
        "2": {
            "dur_mean": 83.77158395649218,
            "dur_std": 79.60752900933662
        },
        "3": {
            "dur_mean": 234.70013386880856,
            "dur_std": 99.0323567113424
        },
        "4": {
            "dur_mean": 291.8375499334221,
            "dur_std": 112.98348284826778
        },
        "5": {
            "dur_mean": 347.15806878306876,
            "dur_std": 120.76353499390008
        },
        "6": {
            "dur_mean": 426.5943084050298,
            "dur_std": 154.55750619931464
        },
        "7": {
            "dur_mean": 483.6379821958457,
            "dur_std": 138.83366465115324
        },
        "8": {
            "dur_mean": 512.7947955390334,
            "dur_std": 141.06647728840505
        },
        "9": {
            "dur_mean": 544.1085501858736,
            "dur_std": 143.3132966814628
        },
        "10": {
            "dur_mean": 556.3293680297397,
            "dur_std": 144.64666280624743
        },
        "11": {
            "dur_mean": 594.4034175334324,
            "dur_std": 147.84477428029737
        },
        "12": {
            "dur_mean": 643.8007434944238,
            "dur_std": 151.7679703195737
        },
        "13": {
            "dur_mean": 720.2071269487751,
            "dur_std": 159.0069040983816
        },
        "14": {
            "dur_mean": 767.4068299925761,
            "dur_std": 162.91777490429115
        },
        "15": {
            "dur_mean": 849.4821958456973,
            "dur_std": 173.6936917944662
        },
        "16": {
            "dur_mean": 894.6238872403561,
            "dur_std": 176.36443656433522
        },
        "18": {
            "dur_mean": 1326.4643660915228,
            "dur_std": 377.23708657491454
        },
        "19": {
            "dur_mean": 1369.4834834834835,
            "dur_std": 376.48983255462196
        },
        "20": {
            "dur_mean": 1419.6644144144145,
            "dur_std": 376.6450269531078
        },
        "21": {
            "dur_mean": 1502.4643660915228,
            "dur_std": 378.9310648653156
        },
        "22": {
            "dur_mean": 1544.5221305326331,
            "dur_std": 384.08854181792225
        },
        "23": {
            "dur_mean": 1589.6449438202246,
            "dur_std": 387.59063717602214
        },
        "24": {
            "dur_mean": 1661.1230307576893,
            "dur_std": 394.16043537629804
        },
        "25": {
            "dur_mean": 1707.9355322338831,
            "dur_std": 398.81045408364196
        },
        "26": {
            "dur_mean": 1749.2588412340106,
            "dur_std": 401.6986512856878
        },
        "27": {
            "dur_mean": 1786.3280662151994,
            "dur_std": 406.66710928404495
        },
        "28": {
            "dur_mean": 1817.2889390519188,
            "dur_std": 409.0382462964634
        },
        "29": {
            "dur_mean": 1849.0241145440843,
            "dur_std": 412.30839805214345
        },
        "30": {
            "dur_mean": 1913.0649056603775,
            "dur_std": 418.82678212786004
        },
        "31": {
            "dur_mean": 1950.0815548780488,
            "dur_std": 421.938017392905
        },
        "32": {
            "dur_mean": 1974.8016781083143,
            "dur_std": 424.7898271847203
        },
        "33": {
            "dur_mean": 2045.1075514874142,
            "dur_std": 430.7168548298692
        },
        "34": {
            "dur_mean": 2081.477359938603,
            "dur_std": 434.505283140373
        },
        "35": {
            "dur_mean": 2116.790483499616,
            "dur_std": 437.85934709177326
        },
        "36": {
            "dur_mean": 2193.712202609363,
            "dur_std": 446.1142551295394
        },
        "37": {
            "dur_mean": 2228.2006172839506,
            "dur_std": 450.28509359419417
        },
        "38": {
            "dur_mean": 2252.378086419753,
            "dur_std": 453.71983321880884
        },
        "39": {
            "dur_mean": 2354.9548872180453,
            "dur_std": 463.5495526055526
        },
        "40": {
            "dur_mean": 2412.0948012232416,
            "dur_std": 472.7162138855911
        },
        "41": {
            "dur_mean": 2482.9449917898196,
            "dur_std": 513.2968209410698
        },
        "17": {
            "dur_mean": 1117.2838773491592,
            "dur_std": 392.9170364742205
        }
    },
    "modelling": {
        "XGBoost": {
            "time": 6.383999347686768,
            "r_2": 0.968927853380198,
            "mse": 18115.674266792605,
            "rmse": 134.5944808184667,
            "mae": 92.36442997399801
        },
        "Benchmark": {
            "r_2": 0.8840130997841804,
            "mse": 67622.65025441484,
            "rmse": 260.0435545334951,
            "mae": 178.83373241544447
        }
    },
    "features": [
        "weather_description_broken clouds",
        "weather_description_drizzle",
        "weather_description_few clouds",
        "weather_description_fog",
        "weather_description_heavy intensity rain",
        "weather_description_light intensity drizzle",
        "weather_description_light intensity drizzle rain",
        "weather_description_light intensity shower rain",
        "weather_description_light rain",
        "weather_description_light shower snow",
        "weather_description_light snow",
        "weather_description_mist",
        "weather_description_moderate rain",
        "weather_description_overcast clouds",
        "weather_description_proximity shower rain",
        "weather_description_rain and drizzle",
        "weather_description_scattered clouds",
        "weather_description_sky is clear",
        "weekday_1",
        "weekday_2",
        "weekday_3",
        "weekday_4",
        "month_2",
        "month_3",
        "month_4",
        "month_5",
        "month_6",
        "month_7",
        "month_8",
        "month_9",
        "month_10",
        "month_11",
        "month_12",
        "hour_7",
        "hour_8",
        "hour_9",
        "hour_10",
        "hour_15",
        "hour_16",
        "hour_17",
        "hour_18",
        "hour_19",
        "holiday_1",
        "progr_number",
        "dur_s"
    ]
}