{
    "rows": {
        "start": 76347,
        "route_filter": -35922,
        "nan_filter": -30821,
        "negative_dur": 0,
        "outliers": -48,
        "end": 9556
    },
    "scr": 0.6789667896678967,
    "stats": {
        "1": {
            "dur_mean": 0.0,
            "dur_std": 0.0
        },
        "3": {
            "dur_mean": 810.6925925925926,
            "dur_std": 633.2726219406402
        },
        "4": {
            "dur_mean": 954.09963099631,
            "dur_std": 633.201022173326
        },
        "5": {
            "dur_mean": 1130.2472324723246,
            "dur_std": 630.0848280204593
        },
        "6": {
            "dur_mean": 1268.3726937269373,
            "dur_std": 630.1752764933402
        },
        "7": {
            "dur_mean": 1482.3210332103322,
            "dur_std": 632.2761148777126
        },
        "8": {
            "dur_mean": 1599.3690036900368,
            "dur_std": 630.9821653276708
        },
        "9": {
            "dur_mean": 1791.4354243542437,
            "dur_std": 631.7513593762982
        },
        "10": {
            "dur_mean": 2125.523985239852,
            "dur_std": 637.7983821509972
        },
        "11": {
            "dur_mean": 2260.5092250922507,
            "dur_std": 641.4403517978756
        },
        "12": {
            "dur_mean": 2386.3247232472327,
            "dur_std": 644.9245532226698
        },
        "13": {
            "dur_mean": 2472.719557195572,
            "dur_std": 647.9770534527321
        },
        "14": {
            "dur_mean": 2638.070110701107,
            "dur_std": 650.3271190200749
        },
        "15": {
            "dur_mean": 2911.287822878229,
            "dur_std": 656.6696377536155
        },
        "16": {
            "dur_mean": 2981.487084870849,
            "dur_std": 658.2391654305111
        },
        "18": {
            "dur_mean": 3654.627306273063,
            "dur_std": 697.1548564833155
        },
        "19": {
            "dur_mean": 3740.158671586716,
            "dur_std": 698.5211420144645
        },
        "20": {
            "dur_mean": 3782.867158671587,
            "dur_std": 699.6732550050091
        },
        "21": {
            "dur_mean": 3842.439114391144,
            "dur_std": 701.2761191950619
        },
        "22": {
            "dur_mean": 3884.9151291512917,
            "dur_std": 701.9295338907168
        },
        "23": {
            "dur_mean": 4029.778597785978,
            "dur_std": 703.8817575255703
        },
        "24": {
            "dur_mean": 4051.409594095941,
            "dur_std": 704.8772247573945
        },
        "25": {
            "dur_mean": 4247.863468634687,
            "dur_std": 710.0932175330521
        },
        "26": {
            "dur_mean": 4296.730627306273,
            "dur_std": 711.3202418242181
        },
        "27": {
            "dur_mean": 4460.403703703703,
            "dur_std": 708.8780836876678
        },
        "28": {
            "dur_mean": 4535.8074074074075,
            "dur_std": 710.457389677352
        },
        "29": {
            "dur_mean": 4605.555555555556,
            "dur_std": 713.5353852281877
        },
        "30": {
            "dur_mean": 4760.158671586716,
            "dur_std": 722.883659962785
        },
        "31": {
            "dur_mean": 4802.070110701107,
            "dur_std": 723.3399837582056
        },
        "32": {
            "dur_mean": 4999.181481481482,
            "dur_std": 728.6638331987691
        },
        "33": {
            "dur_mean": 5165.177777777778,
            "dur_std": 733.1012585355581
        },
        "34": {
            "dur_mean": 5284.700374531835,
            "dur_std": 703.3135217575993
        },
        "35": {
            "dur_mean": 5390.099616858238,
            "dur_std": 704.7830201011727
        },
        "36": {
            "dur_mean": 5424.490196078431,
            "dur_std": 705.413738331158
        },
        "37": {
            "dur_mean": 5528.9049586776855,
            "dur_std": 703.4804724809577
        },
        "2": {
            "dur_mean": 589.9945652173913,
            "dur_std": 634.901950153801
        }
    },
    "modelling": {
        "XGBoost": {
            "time": 2.1147189140319824,
            "r_2": 0.9504272285576713,
            "mse": 139334.57799043067,
            "rmse": 373.2754719914378,
            "mae": 275.12868854938665
        },
        "Benchmark": {
            "r_2": 0.8117429142472317,
            "mse": 529135.6693177061,
            "rmse": 727.4171219580318,
            "mae": 555.9372122226873
        }
    },
    "features": [
        "weather_description_few clouds",
        "weather_description_fog",
        "weather_description_light intensity drizzle",
        "weather_description_light intensity drizzle rain",
        "weather_description_light intensity shower rain",
        "weather_description_light rain",
        "weather_description_light shower snow",
        "weather_description_mist",
        "weather_description_overcast clouds",
        "weather_description_proximity shower rain",
        "weather_description_scattered clouds",
        "weather_description_sky is clear",
        "weekday_1",
        "weekday_2",
        "weekday_3",
        "weekday_4",
        "month_2",
        "month_3",
        "month_4",
        "month_5",
        "month_6",
        "month_7",
        "month_8",
        "month_9",
        "month_10",
        "month_11",
        "month_12",
        "hour_17",
        "hour_18",
        "hour_19",
        "holiday_1",
        "progr_number",
        "arr_p",
        "arr_a",
        "dep_p",
        "dep_a",
        "dur_s"
    ]
}