{
    "rows": {
        "start": 98455,
        "route_filter": -52546,
        "nan_filter": -10838,
        "negative_dur": 0,
        "outliers": -489,
        "end": 34582
    },
    "scr": 0.0056625141562853904,
    "stats": {
        "1": {
            "dur_mean": 0.0,
            "dur_std": 0.0
        },
        "2": {
            "dur_mean": 91.87840909090909,
            "dur_std": 107.80165491738462
        },
        "3": {
            "dur_mean": 174.88636363636363,
            "dur_std": 109.17375405193563
        },
        "4": {
            "dur_mean": 218.2687074829932,
            "dur_std": 110.53348764697309
        },
        "5": {
            "dur_mean": 344.20068027210885,
            "dur_std": 115.28499690037687
        },
        "6": {
            "dur_mean": 526.9637599093998,
            "dur_std": 126.20453129416703
        },
        "7": {
            "dur_mean": 697.8059023836549,
            "dur_std": 129.63100520545547
        },
        "8": {
            "dur_mean": 771.5707814269535,
            "dur_std": 136.0065871677427
        },
        "9": {
            "dur_mean": 882.7610419026048,
            "dur_std": 139.38796645537235
        },
        "10": {
            "dur_mean": 907.9139297848245,
            "dur_std": 140.4975103218848
        },
        "11": {
            "dur_mean": 1001.0181200453001,
            "dur_std": 146.97632628290253
        },
        "12": {
            "dur_mean": 1049.7108843537414,
            "dur_std": 151.6325509436775
        },
        "13": {
            "dur_mean": 1275.8990929705215,
            "dur_std": 226.1028263945481
        },
        "14": {
            "dur_mean": 1378.375283446712,
            "dur_std": 271.6181944669209
        },
        "15": {
            "dur_mean": 1606.7340909090908,
            "dur_std": 391.0615315725272
        },
        "16": {
            "dur_mean": 1626.3348467650396,
            "dur_std": 400.80818953170944
        },
        "17": {
            "dur_mean": 1796.583427922815,
            "dur_std": 476.0267158732314
        },
        "18": {
            "dur_mean": 1845.6855845629966,
            "dur_std": 482.54120161688587
        },
        "19": {
            "dur_mean": 1911.5891032917139,
            "dur_std": 495.2628609401086
        },
        "20": {
            "dur_mean": 1973.634506242906,
            "dur_std": 505.8280208895678
        },
        "21": {
            "dur_mean": 2020.6568181818182,
            "dur_std": 509.1492182659758
        },
        "22": {
            "dur_mean": 2699.356818181818,
            "dur_std": 599.3781893202888
        },
        "23": {
            "dur_mean": 2771.246590909091,
            "dur_std": 608.1887968520558
        },
        "24": {
            "dur_mean": 2823.3636363636365,
            "dur_std": 609.6616917815136
        },
        "25": {
            "dur_mean": 3064.2897727272725,
            "dur_std": 617.5559879902105
        },
        "26": {
            "dur_mean": 3237.9954545454543,
            "dur_std": 630.0033280712952
        },
        "27": {
            "dur_mean": 3384.965909090909,
            "dur_std": 640.7848154598076
        },
        "28": {
            "dur_mean": 3519.711363636364,
            "dur_std": 642.6043681240848
        },
        "29": {
            "dur_mean": 3659.1625,
            "dur_std": 652.4961450441659
        },
        "30": {
            "dur_mean": 4056.7189988623436,
            "dur_std": 704.4868967489913
        },
        "31": {
            "dur_mean": 4246.157175398634,
            "dur_std": 720.1590255061797
        },
        "32": {
            "dur_mean": 4417.330672748005,
            "dur_std": 726.4998295958901
        },
        "33": {
            "dur_mean": 4586.354618015964,
            "dur_std": 736.0478992207348
        },
        "34": {
            "dur_mean": 4771.348916761687,
            "dur_std": 754.7663729005794
        },
        "35": {
            "dur_mean": 4862.478905359179,
            "dur_std": 773.4091012961705
        },
        "36": {
            "dur_mean": 5017.237442922375,
            "dur_std": 797.1987761526498
        },
        "37": {
            "dur_mean": 5123.20205479452,
            "dur_std": 806.5951544158951
        },
        "39": {
            "dur_mean": 5326.548794489093,
            "dur_std": 803.4292204491529
        },
        "40": {
            "dur_mean": 5464.5,
            "dur_std": 802.6755825060615
        },
        "41": {
            "dur_mean": 5647.251978891821,
            "dur_std": 828.3471158571067
        },
        "38": {
            "dur_mean": 5707.2,
            "dur_std": 1008.9473227081778
        }
    },
    "modelling": {
        "XGBoost": {
            "time": 4.166967391967773,
            "r_2": 0.99605377531337,
            "mse": 12487.774986643111,
            "rmse": 111.7487135793657,
            "mae": 67.2698247335229
        },
        "Benchmark": {
            "r_2": 0.940385816633235,
            "mse": 188648.28209576683,
            "rmse": 434.3365999956334,
            "mae": 286.54788341429565
        }
    },
    "features": [
        "weather_description_few clouds",
        "weather_description_fog",
        "weather_description_heavy intensity rain",
        "weather_description_light intensity drizzle",
        "weather_description_light intensity drizzle rain",
        "weather_description_light intensity shower rain",
        "weather_description_light rain",
        "weather_description_mist",
        "weather_description_moderate rain",
        "weather_description_overcast clouds",
        "weather_description_proximity shower rain",
        "weather_description_scattered clouds",
        "weather_description_sky is clear",
        "weekday_1",
        "weekday_2",
        "weekday_3",
        "weekday_4",
        "month_4",
        "month_5",
        "month_6",
        "month_7",
        "month_8",
        "month_9",
        "month_10",
        "month_11",
        "month_12",
        "hour_7",
        "hour_8",
        "hour_9",
        "holiday_1",
        "progr_number",
        "arr_p",
        "arr_a",
        "dep_p",
        "dep_a",
        "dur_s"
    ]
}