{
    "rows": {
        "start": 634012,
        "route_filter": 0,
        "nan_filter": -7020,
        "negative_dur": -10,
        "outliers": -3967,
        "end": 623015
    },
    "scr": 0.9878496503496503,
    "stats": {
        "1": {
            "dur_mean": 0.0,
            "dur_std": 0.0
        },
        "2": {
            "dur_mean": 40.34696942922778,
<<<<<<< HEAD
            "dur_std": 56.00279317679398
        },
        "3": {
            "dur_mean": 65.70853518893685,
            "dur_std": 57.559541546310925
        },
        "4": {
            "dur_mean": 89.57711618074518,
            "dur_std": 69.45119403043928
        },
        "5": {
            "dur_mean": 104.62810572687225,
            "dur_std": 63.351718490026336
=======
            "dur_std": 56.00279317679316
        },
        "3": {
            "dur_mean": 65.70853518893685,
            "dur_std": 57.55954154631108
        },
        "4": {
            "dur_mean": 89.57711618074518,
            "dur_std": 69.45119403043896
        },
        "5": {
            "dur_mean": 104.62810572687225,
            "dur_std": 63.35171849002629
>>>>>>> d10c2cc687e2bfbe3f443b8a099dba1a82c43176
        },
        "6": {
            "dur_mean": 131.5035229874934,
            "dur_std": 66.0879186944529
        },
        "7": {
            "dur_mean": 158.22755704343228,
<<<<<<< HEAD
            "dur_std": 68.69574958166278
        },
        "8": {
            "dur_mean": 208.54579077139837,
            "dur_std": 72.64968100748084
        },
        "9": {
            "dur_mean": 247.476110866696,
            "dur_std": 79.42969279057897
        },
        "10": {
            "dur_mean": 332.65119141827137,
            "dur_std": 93.11148866181468
        },
        "11": {
            "dur_mean": 381.25232987515386,
            "dur_std": 105.55278856212173
        },
        "12": {
            "dur_mean": 449.9065272775191,
            "dur_std": 128.49825480821195
        },
        "13": {
            "dur_mean": 484.8774165202109,
            "dur_std": 132.27873911106914
        },
        "14": {
            "dur_mean": 512.9191493101328,
            "dur_std": 134.7558124434275
        },
        "15": {
            "dur_mean": 558.8230485232068,
            "dur_std": 138.61185043504236
=======
            "dur_std": 68.69574958166264
        },
        "8": {
            "dur_mean": 208.54579077139837,
            "dur_std": 72.6496810074805
        },
        "9": {
            "dur_mean": 247.476110866696,
            "dur_std": 79.42969279057881
        },
        "10": {
            "dur_mean": 332.65119141827137,
            "dur_std": 93.1114886618146
        },
        "11": {
            "dur_mean": 381.25232987515386,
            "dur_std": 105.55278856212175
        },
        "12": {
            "dur_mean": 449.9065272775191,
            "dur_std": 128.49825480821215
        },
        "13": {
            "dur_mean": 484.8774165202109,
            "dur_std": 132.2787391110691
        },
        "14": {
            "dur_mean": 512.9191493101328,
            "dur_std": 134.75581244342752
        },
        "15": {
            "dur_mean": 558.8230485232068,
            "dur_std": 138.6118504350424
>>>>>>> d10c2cc687e2bfbe3f443b8a099dba1a82c43176
        },
        "16": {
            "dur_mean": 617.4310193321617,
            "dur_std": 146.35947330391627
        },
        "17": {
            "dur_mean": 658.3159050966608,
<<<<<<< HEAD
            "dur_std": 156.0041431262977
        },
        "18": {
            "dur_mean": 754.4110477860587,
            "dur_std": 181.47845874876188
        },
        "19": {
            "dur_mean": 792.7331758116741,
            "dur_std": 186.59510729734345
        },
        "20": {
            "dur_mean": 861.5165383269164,
            "dur_std": 195.99571763990295
        },
        "21": {
            "dur_mean": 885.2364622517715,
            "dur_std": 198.64178485753007
        },
        "22": {
            "dur_mean": 924.9488278516445,
            "dur_std": 202.2183925462521
        },
        "23": {
            "dur_mean": 950.6064025190238,
            "dur_std": 206.25237170452536
=======
            "dur_std": 156.00414312629746
        },
        "18": {
            "dur_mean": 754.4110477860587,
            "dur_std": 181.47845874876248
        },
        "19": {
            "dur_mean": 792.7331758116741,
            "dur_std": 186.59510729734313
        },
        "20": {
            "dur_mean": 861.5165383269164,
            "dur_std": 195.99571763990338
        },
        "21": {
            "dur_mean": 885.2364622517715,
            "dur_std": 198.64178485753004
        },
        "22": {
            "dur_mean": 924.9488278516445,
            "dur_std": 202.21839254625257
        },
        "23": {
            "dur_mean": 950.6064025190238,
            "dur_std": 206.2523717045255
>>>>>>> d10c2cc687e2bfbe3f443b8a099dba1a82c43176
        },
        "24": {
            "dur_mean": 1017.190118058592,
            "dur_std": 214.8349348020868
        },
        "25": {
            "dur_mean": 1048.5930202046707,
<<<<<<< HEAD
            "dur_std": 217.40575673575256
        },
        "26": {
            "dur_mean": 1095.1406837457375,
            "dur_std": 224.38686983022882
        },
        "27": {
            "dur_mean": 1125.5497244817634,
            "dur_std": 227.0452537143696
        },
        "28": {
            "dur_mean": 1147.7722737615964,
            "dur_std": 228.87442735542044
        },
        "29": {
            "dur_mean": 1173.7549877493875,
            "dur_std": 233.27543380808663
        },
        "30": {
            "dur_mean": 1205.0163647501531,
            "dur_std": 237.9812777607911
        },
        "31": {
            "dur_mean": 1236.9154942040527,
            "dur_std": 241.2231384095564
        },
        "32": {
            "dur_mean": 1273.080981595092,
            "dur_std": 248.0129476976948
        },
        "33": {
            "dur_mean": 1341.37412403644,
            "dur_std": 261.1727631035495
=======
            "dur_std": 217.4057567357521
        },
        "26": {
            "dur_mean": 1095.1406837457375,
            "dur_std": 224.3868698302292
        },
        "27": {
            "dur_mean": 1125.5497244817634,
            "dur_std": 227.0452537143698
        },
        "28": {
            "dur_mean": 1147.7722737615964,
            "dur_std": 228.8744273554203
        },
        "29": {
            "dur_mean": 1173.7549877493875,
            "dur_std": 233.2754338080869
        },
        "30": {
            "dur_mean": 1205.0163647501531,
            "dur_std": 237.98127776079113
        },
        "31": {
            "dur_mean": 1236.9154942040527,
            "dur_std": 241.22313840955678
        },
        "32": {
            "dur_mean": 1273.080981595092,
            "dur_std": 248.0129476976949
        },
        "33": {
            "dur_mean": 1341.37412403644,
            "dur_std": 261.1727631035504
>>>>>>> d10c2cc687e2bfbe3f443b8a099dba1a82c43176
        },
        "34": {
            "dur_mean": 1378.5853850871813,
            "dur_std": 267.77028433004307
        },
        "35": {
            "dur_mean": 1403.4130225221277,
<<<<<<< HEAD
            "dur_std": 270.8991802436684
        },
        "36": {
            "dur_mean": 1432.5279116641836,
            "dur_std": 274.81835477449147
        },
        "37": {
            "dur_mean": 1457.7048203330412,
            "dur_std": 277.84326200132557
        },
        "38": {
            "dur_mean": 1490.295452554105,
            "dur_std": 283.7428014398046
        },
        "39": {
            "dur_mean": 1549.2409110819099,
            "dur_std": 293.95463352726864
        },
        "40": {
            "dur_mean": 1590.2439558514366,
            "dur_std": 298.6861587460196
        },
        "41": {
            "dur_mean": 1640.0562417871222,